{
  "schema_version": "metrics/v1",
  "values": {
    "per_seed": [
      {
        "seed_idx": 0,
        "seed": 59745,
        "phase_failed": null,
        "p1_grad": true,
        "p1_steps": 1400,
        "p1_r2": 0.7035398888293871,
        "p1_loss": 0.009550641162692131,
        "p2_grad": false,
        "p2_steps": 48000,
        "p2_r2": 0.6511984343831518,
        "p2_loss": 0.0016874719876068412,
        "harm_forward_r2": 0.7091360109019054,
        "n_self": 418,
        "n_ext": 258,
        "n_heldout": 1500,
        "p3_steps": 1611,
        "intact_self": 0.1746916512036295,
        "intact_ext": 0.1535621111591657,
        "intact_self_std": 0.10224741241410037,
        "intact_ext_std": 0.06057160890600522,
        "scrambled_self": 0.23524370096160463,
        "scrambled_ext": 0.2003642069248035,
        "scrambled_self_std": 0.13724854342331413,
        "scrambled_ext_std": 0.09470982637719812
      },
      {
        "seed_idx": 1,
        "seed": 88847,
        "phase_failed": null,
        "p1_grad": true,
        "p1_steps": 1800,
        "p1_r2": 0.6773884294241355,
        "p1_loss": 0.008141452489810632,
        "p2_grad": false,
        "p2_steps": 48000,
        "p2_r2": 0.7148021173795651,
        "p2_loss": 0.0013014959989959608,
        "harm_forward_r2": 0.6576798976813456,
        "n_self": 402,
        "n_ext": 259,
        "n_heldout": 1500,
        "p3_steps": 1607,
        "intact_self": 0.194048462278066,
        "intact_ext": 0.17556726696638528,
        "intact_self_std": 0.09010074854880297,
        "intact_ext_std": 0.06512081954934458,
        "scrambled_self": 0.24705234688905933,
        "scrambled_ext": 0.21652777098895962,
        "scrambled_self_std": 0.10945938036235216,
        "scrambled_ext_std": 0.09212607007918835
      },
      {
        "seed_idx": 2,
        "seed": 87736,
        "phase_failed": null,
        "p1_grad": true,
        "p1_steps": 1200,
        "p1_r2": 0.7081048181757641,
        "p1_loss": 0.008401899222593556,
        "p2_grad": false,
        "p2_steps": 48000,
        "p2_r2": 0.7131140109172682,
        "p2_loss": 0.0014012762441052472,
        "harm_forward_r2": 0.6669759577649392,
        "n_self": 403,
        "n_ext": 254,
        "n_heldout": 1500,
        "p3_steps": 1613,
        "intact_self": 0.18838853814243975,
        "intact_ext": 0.16429410871910297,
        "intact_self_std": 0.10197941547749222,
        "intact_ext_std": 0.07120658729385698,
        "scrambled_self": 0.23095417557926687,
        "scrambled_ext": 0.20451164761866172,
        "scrambled_self_std": 0.1243716428841072,
        "scrambled_ext_std": 0.09571064317848457
      }
    ],
    "n_seeds": 3,
    "n_episodes": 200,
    "steps_per_ep": 200,
    "p1_grad_threshold": 0.65,
    "p2_grad_threshold": 0.85,
    "p2_max_windows": 240,
    "use_interventional": true,
    "interventional_fraction": 0.3,
    "c1_r2_threshold": 0.85,
    "c2_dissociation_ratio_required": 1.3,
    "c3_falsification_tol": 0.15,
    "c4_min_events_per_type": 20
  }
}
