{
  "schema_version": "metrics/v1",
  "values": {
    "r2_test": -0.24886832396892045,
    "gate_threshold": -1.0,
    "n_samples_phase1": 50,
    "event_selectivity_on": 0.734010375114536,
    "event_selectivity_off": 0.4435187089942791,
    "selectivity_ratio": 1.6549704899235806,
    "harm_avoidance_rate_on": 1.0,
    "harm_avoidance_rate_off": 1.0,
    "harm_avoidance_delta": 0.0,
    "mean_delta_approach_on": 0.0056770989031065255,
    "mean_delta_none_on": 0.007734357845038176,
    "mean_delta_approach_off": 0.003635727432801535,
    "mean_delta_none_off": 0.008197461254894733,
    "n_approach_on": 40,
    "n_approach_off": 40,
    "alpha_world": 0.9,
    "warmup_episodes": 5,
    "c1_pass": 1.0,
    "c2_pass": 1.0,
    "c3_pass": 1.0,
    "criteria_met": 3.0
  }
}
