{
  "schema_version": "metrics/v1",
  "values": {
    "attribution_auc_three": 0.9941861431709003,
    "attribution_auc_two": 0.9988832772166105,
    "auc_delta": -0.004697134045710261,
    "harm_avoidance_three": 0.018200314951851426,
    "harm_avoidance_two": 0.017469006243218732,
    "avoidance_delta": 0.0007313087086326941,
    "crit1_pass": 0.0,
    "crit2_pass": 1.0,
    "crit3_pass": 1.0,
    "criteria_met": 2.0,
    "n_seeds": 2.0,
    "alpha_world": 0.9,
    "motion_dim": 16.0,
    "env_drift_prob": 0.3
  }
}
