{
  "schema_version": "metrics/v1",
  "values": {
    "obs_fwd_r2_mean": 0.45244200527668,
    "delta_approach_mean": 0.0006415770488931009,
    "causal_approach_trained_mean": 0.00021031721126882092,
    "causal_none_trained_mean": -0.018113591522505388,
    "causal_contact_trained_mean": 0.01490420738429223,
    "causal_approach_ablated_mean": -0.00043125983762427986,
    "n_approach_eval_mean": 392.75,
    "crit1_pass": 1.0,
    "crit2_pass": 0.0,
    "crit3_pass": 1.0,
    "crit4_pass": 1.0,
    "crit5_pass": 1.0,
    "crit6_pass": 0.0
  }
}
