{
  "schema_version": "experiment_pack_metrics/v1",
  "values": {
    "fatal_error_count": 0.0,
    "total_harm_events": 538.0,
    "mean_e1_loss": 0.0,
    "mean_e2s_loss": 0.0,
    "mean_e2w_loss": 1.5723540771203202e-05,
    "mean_e3_loss": 0.6677159464891645,
    "cv_e1": 0.0,
    "cv_e2w": 8.906814131275123,
    "cv_e3": 0.04381217870762958,
    "scale_ratio": 42466.004076642166,
    "corr_e1_e3": 0.0,
    "corr_e2w_e3": 0.14009220165006275,
    "n_e3_measurements": 4792.0,
    "crit1_pass": 1.0,
    "crit2_pass": 1.0,
    "crit3_pass": 1.0,
    "crit4_pass": 1.0,
    "crit5_pass": 1.0,
    "crit6_pass": 1.0,
    "criteria_met": 6.0
  }
}
