{
  "schema_version": "metrics/v1",
  "values": {
    "harm_fwd_r2": 0.0,
    "delta_approach": -0.4754823434422942,
    "causal_approach_trained": -0.019490906587048964,
    "causal_approach_ablated": 0.45599143685524524,
    "causal_none_trained": -0.02592207243653382,
    "causal_contact_trained": 0.0033858110524588375,
    "n_approach_eval": 508.5,
    "crit1_pass": 0.0,
    "crit2_pass": 0.0,
    "crit3_pass": 1.0,
    "crit4_pass": 1.0,
    "crit5_pass": 1.0,
    "crit6_pass": 0.0,
    "criteria_met": 3.0,
    "fatal_error_count": 0.0
  }
}
