{
  "schema_version": "experiment_pack_metrics/v1",
  "values": {
    "latent_prediction_error_mean": 0.10447527564214425,
    "latent_prediction_error_p95": 0.2132598682799585,
    "latent_rollout_consistency_rate": 0.8984261483649757,
    "e1_e2_timescale_separation_ratio": 2.2662104249397297,
    "representation_drift_rate": 0.014321336961307118,
    "fatal_error_count": 0
  }
}
