{
  "schema_version": "metrics/v1",
  "values": {
    "probe_r2": 0.4467166576260249,
    "benefit_head_r": -0.10263111955273414,
    "head_r_p1": -0.09368505917833964,
    "benefit_per_ep_on": 0.16,
    "benefit_per_ep_off": 0.43333333333333335,
    "benefit_ratio": 0.36923076923076925,
    "final_benefit_loss": 0.11782032748063405,
    "crit1_pass": 1.0,
    "crit2_pass": 0.0,
    "crit3_pass": 0.0,
    "seeds_c1_pass": 3.0,
    "seeds_c2_pass": 0.0,
    "seeds_c3_pass": 0.0,
    "n_seeds": 3.0,
    "alpha_world": 0.9,
    "benefit_weight": 1.0,
    "num_hazards": 4.0,
    "num_resources": 3.0,
    "p0_episodes": 200.0,
    "p1_episodes": 100.0,
    "p2_episodes": 200.0
  }
}
