{
  "schema_version": "experiment_pack_metrics/v1",
  "values": {
    "approach_slope": 0.00031430207117697016,
    "contact_slope": 0.0003261163783334207,
    "slope_diff_a_minus_c": -1.1814307156450521e-05,
    "final_gap_approach": 0.22779007792472838,
    "final_gap_contact": 0.24525281669277899,
    "n_approach_min": 300.0,
    "num_checkpoints": 16.0,
    "crit1_pass": 1.0,
    "crit2_pass": 1.0,
    "crit3_pass": 1.0,
    "crit4_pass": 0.0,
    "crit5_pass": 1.0,
    "criteria_met": 4.0,
    "ep50_gap_approach": -0.0008361763320863247,
    "ep50_gap_contact": -0.0015542336872645945,
    "ep50_n_approach": 320.0,
    "ep100_gap_approach": 0.00382269661868484,
    "ep100_gap_contact": 0.003890956775940757,
    "ep100_n_approach": 340.0,
    "ep150_gap_approach": 0.014020252576179726,
    "ep150_gap_contact": 0.027663918010221555,
    "ep150_n_approach": 316.0,
    "ep200_gap_approach": 0.051412767608994714,
    "ep200_gap_contact": 0.03535169021633022,
    "ep200_n_approach": 305.0,
    "ep250_gap_approach": 0.06021645775547729,
    "ep250_gap_contact": 0.06290789800030844,
    "ep250_n_approach": 324.0,
    "ep300_gap_approach": 0.10742332266628346,
    "ep300_gap_contact": 0.09598741871682376,
    "ep300_n_approach": 339.0,
    "ep350_gap_approach": 0.11097743919802994,
    "ep350_gap_contact": 0.09084577951580286,
    "ep350_n_approach": 316.0,
    "ep400_gap_approach": 0.1352406075418885,
    "ep400_gap_contact": 0.12453491780019943,
    "ep400_n_approach": 335.0,
    "ep450_gap_approach": 0.16461074801472247,
    "ep450_gap_contact": 0.09333528181973921,
    "ep450_n_approach": 356.0,
    "ep500_gap_approach": 0.16900942674904923,
    "ep500_gap_contact": 0.07326086151479472,
    "ep500_n_approach": 317.0,
    "ep550_gap_approach": 0.1630600535190932,
    "ep550_gap_contact": 0.14458212057749437,
    "ep550_n_approach": 303.0,
    "ep600_gap_approach": 0.20853747379740978,
    "ep600_gap_contact": 0.19842725711352543,
    "ep600_n_approach": 332.0,
    "ep650_gap_approach": 0.21299754792504555,
    "ep650_gap_contact": 0.2267974166211134,
    "ep650_n_approach": 307.0,
    "ep700_gap_approach": 0.176810854410072,
    "ep700_gap_contact": 0.21287451932827633,
    "ep700_n_approach": 332.0,
    "ep750_gap_approach": 0.1955165499620713,
    "ep750_gap_contact": 0.19757313542068006,
    "ep750_n_approach": 325.0,
    "ep800_gap_approach": 0.22779007792472838,
    "ep800_gap_contact": 0.24525281669277899,
    "ep800_n_approach": 300.0,
    "fatal_error_count": 0.0
  }
}
