{
  "schema_version": "metrics/v1",
  "values": {
    "latent_fwd_r2_mean": 0.028810545802116394,
    "delta_approach_mean": -0.6077220774597121,
    "causal_approach_trained_mean": 0.01703354965358681,
    "causal_none_trained_mean": -0.012501916797834271,
    "causal_contact_trained_mean": 0.026911954879760745,
    "causal_approach_ablated_mean": 0.624755627113299,
    "n_approach_eval_mean": 22.0,
    "crit1_pass": 0.0,
    "crit2_pass": 0.0,
    "crit3_pass": 1.0,
    "crit4_pass": 1.0,
    "crit5_pass": 1.0,
    "crit6_pass": 0.0
  }
}
