{
  "schema_version": "experiment_pack_metrics/v1",
  "values": {
    "fatal_error_count": 0.0,
    "stable_mean_running_variance": 0.002858584815223777,
    "stable_mean_precision": 598.519844644344,
    "stable_commit_rate": 0.9430979978925185,
    "stable_n_commit_decisions": 949.0,
    "stable_mean_prediction_error": 0.0018079341671362616,
    "perturbed_mean_running_variance": 0.00391427120910314,
    "perturbed_mean_precision": 370.923260240835,
    "perturbed_commit_rate": 0.7028301886792453,
    "perturbed_n_commit_decisions": 848.0,
    "perturbed_mean_prediction_error": 0.002740002776185209,
    "recovery_mean_running_variance": 0.003671282414350646,
    "recovery_commit_rate": 0.9423423423423424,
    "running_variance_diff_perturbed_minus_stable": 0.0010556863938793628,
    "precision_diff_stable_minus_perturbed": 227.59658440350893,
    "commit_rate_diff_stable_minus_perturbed": 0.24026780921327318,
    "alpha_world": 0.9,
    "crit1_pass": 1.0,
    "crit2_pass": 1.0,
    "crit3_pass": 1.0,
    "crit4_pass": 1.0,
    "criteria_met": 5.0
  }
}
