{
  "schema_version": "experiment_pack_metrics/v1",
  "values": {
    "alpha_world": 0.9,
    "proximity_scale": 0.05,
    "world_forward_r2": 0.9481151103973389,
    "causal_sig_low_exposure": -0.0679615728744694,
    "causal_sig_high_exposure": 0.0,
    "escalation_gap": 0.0679615728744694,
    "n_low_exposure": 7904.0,
    "n_high_exposure": 0.0,
    "mean_harm_exposure": 0.0017913318008264973,
    "mean_harm_exposure_high": 0.0,
    "crit1_pass": 1.0,
    "crit2_pass": 0.0,
    "crit3_pass": 0.0,
    "crit4_pass": 1.0,
    "crit5_pass": 0.0,
    "criteria_met": 2.0,
    "fatal_error_count": 0.0,
    "causal_sig_ttype_env_caused_hazard": -0.048529237508773804,
    "causal_sig_ttype_hazard_approach": -0.052435640480957536,
    "causal_sig_ttype_none": -0.0684079057782997,
    "causal_sig_ttype_agent_caused_hazard": -0.050956742465496065,
    "causal_sig_ttype_resource": -0.062081873416900635
  }
}
