{
  "schema_version": "experiment_pack_metrics/v1",
  "values": {
    "fatal_error_count": 0.0,
    "warmup_harm_events": 1038.0,
    "mean_recon_loss": 0.0182653549954391,
    "mean_e2_world_loss": 0.027755759881817603,
    "e2_rollout_steps": 5.0,
    "grid_size": 12.0,
    "num_hazards": 15.0,
    "obs_view_size": 3.0,
    "world_obs_dim": 72.0,
    "target_stopgrad": 1.0,
    "trained_calibration_gap": 0.026650192011044502,
    "random_calibration_gap": -7.693326842278521e-05,
    "trained_mean_near_hazard": -0.03930879715219529,
    "trained_mean_safe": -0.06595898916323979,
    "random_mean_near_hazard": -0.00010243412227918983,
    "random_mean_safe": -2.550085385640462e-05,
    "n_near_hazard_probes": 421.0,
    "n_safe_probes": 60.0,
    "trained_harm_eval_degenerate": 0.0,
    "crit1_pass": 0.0,
    "crit2_pass": 1.0,
    "crit3_pass": 1.0,
    "crit4_pass": 1.0,
    "crit5_pass": 1.0,
    "crit6_pass": 1.0,
    "criteria_met": 5.0
  }
}
