{
  "schema_version": "experiment_pack_metrics/v1",
  "values": {
    "fatal_error_count": 0.0,
    "self_world_correlation": 0.11340782046318054,
    "world_selectivity_margin": 0.06830333173274994,
    "body_selectivity_margin": -0.13647529482841492,
    "z_world_world_delta_corr": 0.2561582326889038,
    "z_self_world_delta_corr": 0.18785490095615387,
    "z_self_body_delta_corr": 0.1845170557498932,
    "z_world_body_delta_corr": 0.3209923505783081,
    "mean_survival_steps": 200.0,
    "harm_events": 4.0,
    "agent_caused_harm": 0.0,
    "total_residue": 0.0,
    "num_harm_events_residue": 0.0,
    "record_count": 4000.0,
    "num_train_episodes": 10.0,
    "crit1_pass": 1.0,
    "crit2_pass": 1.0
  }
}
