{
  "schema_version": "metrics/v1",
  "values": {
    "harm_rate_chain": 0.6211210449154644,
    "harm_rate_ablated": 0.05680525804435856,
    "harm_reduction_delta": -0.5643157868711058,
    "relative_reduction": -9.934217470334142,
    "min_contacts_ablated": 369.0,
    "mean_residue_chain": 0.07500148202923534,
    "mean_residue_ablated": 0.07499961702029088,
    "crit1_pass": 0.0,
    "crit2_pass": 0.0,
    "crit3_pass": 0.0,
    "crit4_pass": 1.0,
    "crit5_residue_diag": 0.0,
    "criteria_met": 1.0,
    "n_seeds": 2.0,
    "alpha_world": 0.9,
    "n_candidates": 8.0,
    "horizon": 5.0,
    "n_cem_iterations": 3.0
  }
}
