{
  "schema_version": "metrics/v1",
  "values": {
    "resource_rate_nogo": 0.25133333333333335,
    "resource_rate_liking": 0.042666666666666665,
    "resource_rate_wanting": 0.028666666666666667,
    "harm_rate_nogo": 0.6113333333333333,
    "harm_rate_liking": 0.5173333333333333,
    "harm_rate_wanting": 0.06433333333333334,
    "liking_l2_redirect_steps": 3.0,
    "wanting_l1_directed_fraction": 0.0,
    "wanting_goal_norm_final": 0.0067197103053331375,
    "wanting_goal_proximity_final": 0.8564931750297546,
    "wanting_goal_active": 1.0,
    "crit1_pass": 0.0,
    "crit2_pass": 1.0,
    "crit3_pass": 0.0,
    "crit4_pass": 1.0,
    "criteria_met": 2.0
  }
}
