{
  "run_id": "v3_exq_212_mech070_e2_motor_model_pair_1775169183_v3",
  "experiment_type": "v3_exq_212_mech070_e2_motor_model_pair",
  "architecture_epoch": "ree_hybrid_guardrails_v1",
  "claim_ids": [
    "MECH-070"
  ],
  "experiment_purpose": "evidence",
  "evidence_direction": "weakens",
  "pass": false,
  "elapsed_seconds": 2.300259828567505,
  "dry_run": true,
  "config": {
    "num_seeds": 3,
    "warmup_episodes": 3,
    "eval_episodes": 3,
    "steps_per_episode": 200,
    "horizons": [
      1,
      2,
      3,
      5,
      7,
      10,
      15
    ],
    "h_max": 15,
    "world_dim": 32,
    "self_dim": 32
  },
  "aggregate": {
    "e1_r2_by_horizon": {
      "1": -43.80243682861328,
      "2": -83.57715352376302,
      "3": -140.5565643310547,
      "5": -233.2431640625,
      "7": -287.6092580159505,
      "10": -327.2840830485026,
      "15": -307.0592956542969
    },
    "e2_r2_by_horizon": {
      "1": -30.109334309895832,
      "2": -213.68317159016928,
      "3": -780.4272867838541,
      "5": -3888.9906412760415,
      "7": -11315.480794270834,
      "10": -38781.611979166664,
      "15": -222074.46614583334
    },
    "slope_e1": -19.80920078231216,
    "slope_e2": -14230.375466213116,
    "r2_e1_h1": -43.80243682861328,
    "r2_e2_h1": -30.109334309895832,
    "r2_e1_h10": -327.2840830485026,
    "r2_e2_h10": -38781.611979166664,
    "n_total_windows": 553,
    "c1_pass": true,
    "c2_pass": false,
    "c3_pass": false,
    "c4_pass": true
  },
  "per_seed": [
    {
      "seed": 42,
      "e1_r2_by_horizon": {
        "1": -38.38335037231445,
        "2": -69.26516723632812,
        "3": -110.95832824707031,
        "5": -177.91329956054688,
        "7": -208.2141571044922,
        "10": -237.5563507080078,
        "15": -233.3348846435547
      },
      "e2_r2_by_horizon": {
        "1": -27.750429153442383,
        "2": -200.34156799316406,
        "3": -733.7740478515625,
        "5": -3455.715087890625,
        "7": -8591.8095703125,
        "10": -23204.4765625,
        "15": -82954.2578125
      },
      "n_windows_by_horizon": {
        "1": 28,
        "2": 28,
        "3": 28,
        "5": 28,
        "7": 28,
        "10": 28,
        "15": 28
      },
      "slope_e1": -14.275613415035313,
      "slope_e2": -5538.0403438648655,
      "r2_e1_h1": -38.38335037231445,
      "r2_e2_h1": -27.750429153442383,
      "r2_e1_h10": -237.5563507080078,
      "r2_e2_h10": -23204.4765625,
      "c1": true,
      "c2": false,
      "c3": false,
      "c4": true
    },
    {
      "seed": 7,
      "e1_r2_by_horizon": {
        "1": -32.29595184326172,
        "2": -57.574607849121094,
        "3": -89.9981689453125,
        "5": -146.83248901367188,
        "7": -173.03573608398438,
        "10": -172.09674072265625,
        "15": -175.16734313964844
      },
      "e2_r2_by_horizon": {
        "1": -30.623491287231445,
        "2": -205.67068481445312,
        "3": -717.1157836914062,
        "5": -3697.423828125,
        "7": -11340.85546875,
        "10": -42736.1953125,
        "15": -359881.8125
      },
      "n_windows_by_horizon": {
        "1": 40,
        "2": 40,
        "3": 40,
        "5": 40,
        "7": 40,
        "10": 40,
        "15": 40
      },
      "slope_e1": -10.132691139909447,
      "slope_e2": -22535.673654354923,
      "r2_e1_h1": -32.29595184326172,
      "r2_e2_h1": -30.623491287231445,
      "r2_e1_h10": -172.09674072265625,
      "r2_e2_h10": -42736.1953125,
      "c1": true,
      "c2": false,
      "c3": false,
      "c4": true
    },
    {
      "seed": 123,
      "e1_r2_by_horizon": {
        "1": -60.72800827026367,
        "2": -123.89168548583984,
        "3": -220.71319580078125,
        "5": -374.98370361328125,
        "7": -481.577880859375,
        "10": -572.1991577148438,
        "15": -512.6756591796875
      },
      "e2_r2_by_horizon": {
        "1": -31.954082489013672,
        "2": -235.03726196289062,
        "3": -890.3920288085938,
        "5": -4513.8330078125,
        "7": -14013.77734375,
        "10": -50404.1640625,
        "15": -223387.328125
      },
      "n_windows_by_horizon": {
        "1": 11,
        "2": 11,
        "3": 11,
        "5": 11,
        "7": 11,
        "10": 11,
        "15": 11
      },
      "slope_e1": -35.019297791991725,
      "slope_e2": -14617.412400419562,
      "r2_e1_h1": -60.72800827026367,
      "r2_e2_h1": -31.954082489013672,
      "r2_e1_h10": -572.1991577148438,
      "r2_e2_h10": -50404.1640625,
      "c1": true,
      "c2": false,
      "c3": false,
      "c4": true
    }
  ],
  "acceptance_thresholds": {
    "c1_e2_h1_gt_e1_h1": 0.0,
    "c2_e2_h10_gt_e1_h10": 0.0,
    "c3_slope_margin": 0.0,
    "c4_min_windows": 50
  }
}