{
  "run_id": "v3_exq_212_mech070_e2_motor_model_pair_1775203063_v3",
  "experiment_type": "v3_exq_212_mech070_e2_motor_model_pair",
  "architecture_epoch": "ree_hybrid_guardrails_v1",
  "claim_ids": [
    "MECH-070"
  ],
  "experiment_purpose": "evidence",
  "evidence_direction": "weakens",
  "pass": false,
  "elapsed_seconds": 54.10020184516907,
  "dry_run": false,
  "config": {
    "num_seeds": 3,
    "warmup_episodes": 100,
    "eval_episodes": 30,
    "steps_per_episode": 200,
    "horizons": [
      1,
      2,
      3,
      5,
      7,
      10,
      15
    ],
    "h_max": 15
  },
  "aggregate": {
    "e1_r2_by_horizon": {
      "1": -43.1651270102335,
      "2": -83.30343530361047,
      "3": -143.93335593659802,
      "5": -285.2609688072391,
      "7": -359.87844263703136,
      "10": -382.79062627529083,
      "15": -367.44220680541974
    },
    "e2_r2_by_horizon": {
      "1": -19.05983582349175,
      "2": -145.78586494769928,
      "3": -556.7090734891234,
      "5": -3072.6437418277696,
      "7": -7959.715182615982,
      "10": -19511.60999389292,
      "15": -59491.92677889452
    },
    "slope_e1": -24.815420930858817,
    "slope_e2": -4051.179009114927,
    "r2_e1_h1": -43.1651270102335,
    "r2_e2_h1": -19.05983582349175,
    "r2_e1_h10": -382.79062627529083,
    "r2_e2_h10": -19511.60999389292,
    "n_total_windows": 6986,
    "c1_pass": true,
    "c2_pass": false,
    "c3_pass": false,
    "c4_pass": true
  },
  "per_seed": [
    {
      "seed": 42,
      "e1_r2_by_horizon": {
        "1": -35.29833442530059,
        "2": -72.27202555520425,
        "3": -132.25497732612425,
        "5": -292.4552626081196,
        "7": -382.8277763446798,
        "10": -408.32903336569717,
        "15": -355.1376637337446
      },
      "e2_r2_by_horizon": {
        "1": -12.113126626883643,
        "2": -99.10654906621022,
        "3": -396.17661932729266,
        "5": -2392.936584749174,
        "7": -6284.71593738129,
        "10": -14920.758996005969,
        "15": -37281.64536633156
      },
      "n_windows_by_horizon": {
        "1": 287,
        "2": 287,
        "3": 287,
        "5": 287,
        "7": 287,
        "10": 287,
        "15": 287
      },
      "slope_e1": -25.647317973111935,
      "slope_e2": -2611.1912288333247,
      "r2_e1_h1": -35.29833442530059,
      "r2_e2_h1": -12.113126626883643,
      "r2_e1_h10": -408.32903336569717,
      "r2_e2_h10": -14920.758996005969,
      "c1": true,
      "c2": false,
      "c3": false,
      "c4": true
    },
    {
      "seed": 7,
      "e1_r2_by_horizon": {
        "1": -43.89940212833621,
        "2": -82.74890819717851,
        "3": -140.63917524098994,
        "5": -263.4379719133784,
        "7": -318.4348629116458,
        "10": -316.87602719642297,
        "15": -302.0366484338489
      },
      "e2_r2_by_horizon": {
        "1": -23.340849837665367,
        "2": -177.19841782467225,
        "3": -687.8462500604932,
        "5": -3839.533710210278,
        "7": -10146.781540010374,
        "10": -25832.210204960258,
        "15": -92854.36805333452
      },
      "n_windows_by_horizon": {
        "1": 354,
        "2": 354,
        "3": 354,
        "5": 354,
        "7": 354,
        "10": 354,
        "15": 354
      },
      "slope_e1": -19.204291429678346,
      "slope_e2": -6202.968591349948,
      "r2_e1_h1": -43.89940212833621,
      "r2_e2_h1": -23.340849837665367,
      "r2_e1_h10": -316.87602719642297,
      "r2_e2_h10": -25832.210204960258,
      "c1": true,
      "c2": false,
      "c3": false,
      "c4": true
    },
    {
      "seed": 123,
      "e1_r2_by_horizon": {
        "1": -50.297644477063685,
        "2": -94.8893721584487,
        "3": -158.90591524267992,
        "5": -299.88967190021935,
        "7": -378.3726886547683,
        "10": -423.16681826375236,
        "15": -445.15230824866575
      },
      "e2_r2_by_horizon": {
        "1": -21.725531005926236,
        "2": -161.05262795221535,
        "3": -586.1043510795843,
        "5": -2985.4609305238564,
        "7": -7447.648070456281,
        "10": -17781.86078071253,
        "15": -48339.76691701749
      },
      "n_windows_by_horizon": {
        "1": 357,
        "2": 357,
        "3": 357,
        "5": 357,
        "7": 357,
        "10": 357,
        "15": 357
      },
      "slope_e1": -29.594653389786163,
      "slope_e2": -3339.377207161508,
      "r2_e1_h1": -50.297644477063685,
      "r2_e2_h1": -21.725531005926236,
      "r2_e1_h10": -423.16681826375236,
      "r2_e2_h10": -17781.86078071253,
      "c1": true,
      "c2": false,
      "c3": false,
      "c4": true
    }
  ],
  "acceptance_thresholds": {
    "c1_e2_r2_h1_gt_e1": "e2 R2 at h=1 > e1 R2 at h=1 (action conditioning advantage)",
    "c2_e2_r2_h10_gt_e1": "e2 R2 at h=10 > e1 R2 at h=10 (maintained advantage)",
    "c3_e2_slope_lt_e1_abs": "abs(slope_e2) < abs(slope_e1) (slower degradation)",
    "c4_min_windows": 50
  }
}