{
  "run_id": "v3_exq_212_mech070_e2_motor_model_pair_1775169288_v3",
  "experiment_type": "v3_exq_212_mech070_e2_motor_model_pair",
  "architecture_epoch": "ree_hybrid_guardrails_v1",
  "claim_ids": [
    "MECH-070"
  ],
  "experiment_purpose": "evidence",
  "evidence_direction": "weakens",
  "pass": false,
  "elapsed_seconds": 2.614847183227539,
  "dry_run": true,
  "config": {
    "num_seeds": 3,
    "warmup_episodes": 3,
    "eval_episodes": 3,
    "steps_per_episode": 200,
    "horizons": [
      1,
      2,
      3,
      5,
      7,
      10,
      15
    ],
    "h_max": 15
  },
  "aggregate": {
    "e1_r2_by_horizon": {
      "1": -56.355199089600774,
      "2": -109.06482264908861,
      "3": -191.36335310677373,
      "5": -372.7053215038807,
      "7": -444.08267365302,
      "10": -420.825856365906,
      "15": -458.325550399089
    },
    "e2_r2_by_horizon": {
      "1": -23.87566381290218,
      "2": -183.25541051811572,
      "3": -720.6415443380607,
      "5": -3982.471538327682,
      "7": -9728.602625372792,
      "10": -21067.07924171082,
      "15": -69724.65972360884
    },
    "slope_e1": -28.848056549051666,
    "slope_e2": -4698.8712486159575,
    "r2_e1_h1": -56.355199089600774,
    "r2_e2_h1": -23.87566381290218,
    "r2_e1_h10": -420.825856365906,
    "r2_e2_h10": -21067.07924171082,
    "n_total_windows": 833,
    "c1_pass": true,
    "c2_pass": false,
    "c3_pass": false,
    "c4_pass": true
  },
  "per_seed": [
    {
      "seed": 42,
      "e1_r2_by_horizon": {
        "1": -61.82071275665639,
        "2": -118.71441860432884,
        "3": -197.48248515664227,
        "5": -349.9541193691417,
        "7": -384.6753115188559,
        "10": -385.4168082466796,
        "15": -398.2986645141089
      },
      "e2_r2_by_horizon": {
        "1": -19.944969000579583,
        "2": -153.61962739737294,
        "3": -568.9039607662108,
        "5": -2813.821595345126,
        "7": -6266.124469375565,
        "10": -14086.9442955084,
        "15": -42116.785707514515
      },
      "n_windows_by_horizon": {
        "1": 42,
        "2": 42,
        "3": 42,
        "5": 42,
        "7": 42,
        "10": 42,
        "15": 42
      },
      "slope_e1": -23.60490543616488,
      "slope_e2": -2868.508165722378,
      "r2_e1_h1": -61.82071275665639,
      "r2_e2_h1": -19.944969000579583,
      "r2_e1_h10": -385.4168082466796,
      "r2_e2_h10": -14086.9442955084,
      "c1": true,
      "c2": false,
      "c3": false,
      "c4": true
    },
    {
      "seed": 7,
      "e1_r2_by_horizon": {
        "1": -55.48241313976019,
        "2": -100.68599024548514,
        "3": -175.523936027514,
        "5": -328.35668016106433,
        "7": -356.45647370960546,
        "10": -315.41517317957624,
        "15": -313.2402991883257
      },
      "e2_r2_by_horizon": {
        "1": -28.322587945809,
        "2": -208.41807530248522,
        "3": -838.0603860200578,
        "5": -4717.920486632035,
        "7": -11262.488770654187,
        "10": -25591.757568022138,
        "15": -95799.75487824078
      },
      "n_windows_by_horizon": {
        "1": 46,
        "2": 46,
        "3": 46,
        "5": 46,
        "7": 46,
        "10": 46,
        "15": 46
      },
      "slope_e1": -17.917664533337934,
      "slope_e2": -6367.459462261164,
      "r2_e1_h1": -55.48241313976019,
      "r2_e2_h1": -28.322587945809,
      "r2_e1_h10": -315.41517317957624,
      "r2_e2_h10": -25591.757568022138,
      "c1": true,
      "c2": false,
      "c3": false,
      "c4": true
    },
    {
      "seed": 123,
      "e1_r2_by_horizon": {
        "1": -51.762471372385725,
        "2": -107.79405909745188,
        "3": -201.08363813616495,
        "5": -439.8051649814363,
        "7": -591.1162357305985,
        "10": -561.6455876714623,
        "15": -663.4376874948326
      },
      "e2_r2_by_horizon": {
        "1": -23.35943449231796,
        "2": -187.728528854489,
        "3": -754.9602862279138,
        "5": -4415.672533005885,
        "7": -11657.194636088625,
        "10": -23522.535861601933,
        "15": -71257.43858507121
      },
      "n_windows_by_horizon": {
        "1": 31,
        "2": 31,
        "3": 31,
        "5": 31,
        "7": 31,
        "10": 31,
        "15": 31
      },
      "slope_e1": -45.0215996776522,
      "slope_e2": -4860.646117864332,
      "r2_e1_h1": -51.762471372385725,
      "r2_e2_h1": -23.35943449231796,
      "r2_e1_h10": -561.6455876714623,
      "r2_e2_h10": -23522.535861601933,
      "c1": true,
      "c2": false,
      "c3": false,
      "c4": true
    }
  ],
  "acceptance_thresholds": {
    "c1_e2_r2_h1_gt_e1": "e2 R2 at h=1 > e1 R2 at h=1 (action conditioning advantage)",
    "c2_e2_r2_h10_gt_e1": "e2 R2 at h=10 > e1 R2 at h=10 (maintained advantage)",
    "c3_e2_slope_lt_e1_abs": "abs(slope_e2) < abs(slope_e1) (slower degradation)",
    "c4_min_windows": 50
  }
}