{
  "schema_version": "metrics/v1",
  "values": {
    "gap_reality_on": 0.015299121729194565,
    "gap_ablated": 0.01506842807958042,
    "delta_gap": 0.0002306936496141443,
    "n_harm_eval_min": 533.0,
    "n_replay_contamination_min": 30176.0,
    "n_seeds": 2.0,
    "nav_bias": 0.4,
    "alpha_world": 0.9,
    "replay_noise_std": 0.1,
    "replay_batch_per_step": 4.0,
    "per_seed_delta_min": -0.0020945689149959312,
    "per_seed_delta_max": 0.00255595621422422,
    "crit1_pass": 0.0,
    "crit2_pass": 0.0,
    "crit3_pass": 1.0,
    "crit4_pass": 1.0,
    "crit5_pass": 1.0,
    "criteria_met": 3.0
  }
}
