{
  "schema_version": "metrics/v1",
  "values": {
    "c1_pass": 0.0,
    "c2_pass": 0.0,
    "c3_pass": 0.0,
    "criteria_met": 0.0,
    "goal_norm_active_seed0": 0.07456692267864287,
    "goal_norm_ablated_seed0": 0.07176146181689187,
    "benefit_goal_corr_seed0": 0.4982264599866235,
    "benefit_rate_active_seed0": 0.043746409642172385,
    "norm_diff_seed0": 0.0028054608617509996,
    "goal_norm_active_seed1": 0.15545922558754682,
    "goal_norm_ablated_seed1": 0.14628747420119387,
    "benefit_goal_corr_seed1": -0.7662338111267257,
    "benefit_rate_active_seed1": 0.05165233306054558,
    "norm_diff_seed1": 0.009171751386352955,
    "goal_norm_active_seed2": 0.14169793454930185,
    "goal_norm_ablated_seed2": 0.13048015056177972,
    "benefit_goal_corr_seed2": -0.9611187101826583,
    "benefit_rate_active_seed2": 0.035866559203714135,
    "norm_diff_seed2": 0.011217783987522129
  }
}
