{
  "status": "FAIL",
  "metrics": {
    "d1_pass": 1.0,
    "d2_pass": 1.0,
    "d3_pass": 0.0,
    "d4_pass": 1.0,
    "criteria_met": 2.0,
    "d1_passes_n": 5.0,
    "d2_passes_n": 5.0,
    "d3_passes_n": 0.0,
    "d4_passes_n": 5.0,
    "cos_sim_seed0": 0.2124491184949875,
    "r2_s_forward_seed0": 0.9135749469148278,
    "r2_a_forward_seed0": 0.9718682037045675,
    "harm_rate_single_seed0": 0.864,
    "harm_rate_dual_s_seed0": 0.8576271186440678,
    "harm_rate_dual_a_seed0": 0.864406779661017,
    "cos_sim_seed1": -0.21422450244426727,
    "r2_s_forward_seed1": 0.9427291926023503,
    "r2_a_forward_seed1": 0.9805503550765119,
    "harm_rate_single_seed1": 0.8683385579937304,
    "harm_rate_dual_s_seed1": 0.7893258426966292,
    "harm_rate_dual_a_seed1": 0.8538011695906432,
    "cos_sim_seed2": -0.1947425901889801,
    "r2_s_forward_seed2": 0.9199422446332677,
    "r2_a_forward_seed2": 0.9696937652736841,
    "harm_rate_single_seed2": 0.8531073446327684,
    "harm_rate_dual_s_seed2": 0.8442367601246106,
    "harm_rate_dual_a_seed2": 0.7425149700598802,
    "cos_sim_seed3": -0.11905837804079056,
    "r2_s_forward_seed3": 0.9167912734155035,
    "r2_a_forward_seed3": 0.9678355261621254,
    "harm_rate_single_seed3": 0.8664772727272727,
    "harm_rate_dual_s_seed3": 0.7681564245810056,
    "harm_rate_dual_a_seed3": 0.8048048048048048,
    "cos_sim_seed4": -0.07765565067529678,
    "r2_s_forward_seed4": 0.941001406200078,
    "r2_a_forward_seed4": 0.9654154162600964,
    "harm_rate_single_seed4": 0.810126582278481,
    "harm_rate_dual_s_seed4": 0.7771587743732591,
    "harm_rate_dual_a_seed4": 0.7894736842105263
  },
  "summary_markdown": "# V3-EXQ-241 -- SD-011 Dual Nociceptive Stream POC\n\n**Status:** FAIL  **Criteria met:** 2/3\n**Claims:** SD-011  **Purpose:** diagnostic\n\n## Design\n\nStandalone dual-stream harm encoder validation (no ree_core changes required).\nHarmEncoder(harm_obs [51]) -> z_harm_s [32] (sensory-discriminative, A-delta analog).\nAffectiveHarmEncoder(harm_obs_a [50]) -> z_harm_a [16] (affective-motivational, C-fiber analog).\nForward probes: MLP(z_world, action) -> z_harm_s_next and -> z_harm_a_next.\n\n## Results by Seed\n\n| Seed | cos_sim | R2_s | R2_a | hr_single | hr_dual_s | D1 | D2 | D3 | D4 |\n|------|---------|------|------|-----------|-----------|----|----|----|----|\n| 42 | 0.2124 | 0.9136 | 0.9719 | 0.8640 | 0.8576 | PASS | PASS | FAIL | PASS |\n| 7 | -0.2142 | 0.9427 | 0.9806 | 0.8683 | 0.7893 | PASS | PASS | FAIL | PASS |\n| 13 | -0.1947 | 0.9199 | 0.9697 | 0.8531 | 0.8442 | PASS | PASS | FAIL | PASS |\n| 99 | -0.1191 | 0.9168 | 0.9678 | 0.8665 | 0.7682 | PASS | PASS | FAIL | PASS |\n| 17 | -0.0777 | 0.9410 | 0.9654 | 0.8101 | 0.7772 | PASS | PASS | FAIL | PASS |\n\n## Interpretation\n\nSD-011 PARTIAL: D1 (orthogonality) D2 (sensory predictability) met. Check failure criteria for diagnostic guidance.\n\n## Failure Notes\n\n- D3 FAIL: R2(z_harm_a) >= R2(z_harm_s) in 5 seeds: [(0.9136, 0.9719), (0.9427, 0.9806), (0.9199, 0.9697), (0.9168, 0.9678), (0.941, 0.9654)]. Affective stream should be less predictable than sensory stream.\n",
  "claim_ids": [
    "SD-011"
  ],
  "evidence_direction_per_claim": {
    "SD-011": "mixed"
  },
  "evidence_direction": "mixed",
  "experiment_type": "v3_exq_241_sd011_dual_nociceptive_stream_poc",
  "experiment_purpose": "diagnostic",
  "fatal_error_count": 0,
  "seed_results": [
    {
      "seed": 42,
      "cos_sim_mean": 0.2124491184949875,
      "r2_s_forward": 0.9135749469148278,
      "r2_a_forward": 0.9718682037045675,
      "harm_rate_single": 0.864,
      "harm_rate_dual_s": 0.8576271186440678,
      "harm_rate_dual_a": 0.864406779661017,
      "d1_pass": true,
      "d2_pass": true,
      "d3_pass": false,
      "d4_pass": true
    },
    {
      "seed": 7,
      "cos_sim_mean": -0.21422450244426727,
      "r2_s_forward": 0.9427291926023503,
      "r2_a_forward": 0.9805503550765119,
      "harm_rate_single": 0.8683385579937304,
      "harm_rate_dual_s": 0.7893258426966292,
      "harm_rate_dual_a": 0.8538011695906432,
      "d1_pass": true,
      "d2_pass": true,
      "d3_pass": false,
      "d4_pass": true
    },
    {
      "seed": 13,
      "cos_sim_mean": -0.1947425901889801,
      "r2_s_forward": 0.9199422446332677,
      "r2_a_forward": 0.9696937652736841,
      "harm_rate_single": 0.8531073446327684,
      "harm_rate_dual_s": 0.8442367601246106,
      "harm_rate_dual_a": 0.7425149700598802,
      "d1_pass": true,
      "d2_pass": true,
      "d3_pass": false,
      "d4_pass": true
    },
    {
      "seed": 99,
      "cos_sim_mean": -0.11905837804079056,
      "r2_s_forward": 0.9167912734155035,
      "r2_a_forward": 0.9678355261621254,
      "harm_rate_single": 0.8664772727272727,
      "harm_rate_dual_s": 0.7681564245810056,
      "harm_rate_dual_a": 0.8048048048048048,
      "d1_pass": true,
      "d2_pass": true,
      "d3_pass": false,
      "d4_pass": true
    },
    {
      "seed": 17,
      "cos_sim_mean": -0.07765565067529678,
      "r2_s_forward": 0.941001406200078,
      "r2_a_forward": 0.9654154162600964,
      "harm_rate_single": 0.810126582278481,
      "harm_rate_dual_s": 0.7771587743732591,
      "harm_rate_dual_a": 0.7894736842105263,
      "d1_pass": true,
      "d2_pass": true,
      "d3_pass": false,
      "d4_pass": true
    }
  ],
  "run_timestamp": "20260405T161124Z",
  "run_id": "v3_exq_241_20260405T161124Z_v3",
  "architecture_epoch": "ree_hybrid_guardrails_v1"
}
