{
  "schema_version": "metrics/v1",
  "values": {
    "world_forward_r2": 0.9452458024024963,
    "crit1_pass": 1.0,
    "crit2_pass": 1.0,
    "crit3_pass": 0.0,
    "crit4_pass": 1.0,
    "crit5_pass": 1.0,
    "criteria_met": 4.0,
    "haz2_batch_attribution_gap": 0.001958593058778676,
    "haz2_rank_corr": 1.0,
    "haz2_batch_sig_approach": -0.00012594279826300085,
    "haz2_seq_sig_approach": -0.00012594317024499835,
    "haz2_n_approach": 681.0,
    "haz4_batch_attribution_gap": 0.005163748151319533,
    "haz4_rank_corr": 1.0,
    "haz4_batch_sig_approach": 0.0009560960891418754,
    "haz4_seq_sig_approach": 0.000956095609864761,
    "haz4_n_approach": 513.0,
    "haz6_batch_attribution_gap": 0.012480744937223464,
    "haz6_rank_corr": 1.0,
    "haz6_batch_sig_approach": 0.0010195345001044562,
    "haz6_seq_sig_approach": 0.001019533615470876,
    "haz6_n_approach": 379.0
  }
}
