{
  "schema_version": "experiment_pack_metrics/v1",
  "values": {
    "pearson_r_stable": -0.028541527688503265,
    "pearson_r_volatile": -0.03293886408209801,
    "mean_z_beta_stable": 0.7193246277722445,
    "mean_z_beta_volatile": 0.7194853611488523,
    "mean_running_var_stable": 0.00138651120801499,
    "mean_running_var_volatile": 0.0013701991013337354,
    "n_pairs_stable": 6875.0,
    "n_pairs_volatile": 6959.0,
    "e3_tick_stable": 6875.0,
    "e3_tick_volatile": 6959.0,
    "crit1_pass": 0.0,
    "crit2_pass": 1.0,
    "crit3_pass": 0.0,
    "crit4_pass": 1.0,
    "crit5_pass": 1.0,
    "criteria_met": 3.0,
    "fatal_error_count": 0.0
  }
}
