{
  "status": "FAIL",
  "metrics": {
    "c1_seeds_pass": 3.0,
    "c2_seeds_pass": 2.0,
    "c3_seeds_pass": 3.0,
    "c4_seeds_pass": 1.0,
    "criteria_met": 2.0,
    "n_seeds": 3.0,
    "majority_threshold": 2.0,
    "seed0_warmup_first25_reward": -0.9414227597713472,
    "seed0_warmup_last25_reward": -0.9536006932258607,
    "seed0_warmup_improvement": -0.012177933454513568,
    "seed0_warmup_final_rv": 3.9404149288561565e-05,
    "seed0_ree_mean_reward": -0.9645565125346184,
    "seed0_ree_mean_harm": 1.0609341245293618,
    "seed0_ree_mean_n_cands": 32.0,
    "seed0_rand_mean_reward": -0.9975870534181597,
    "seed0_rand_mean_harm": 1.077305246472359,
    "seed0_harm_ratio": 0.9848036366697327,
    "seed1_warmup_first25_reward": -0.9222049547433852,
    "seed1_warmup_last25_reward": -0.9718060009479522,
    "seed1_warmup_improvement": -0.04960104620456707,
    "seed1_warmup_final_rv": 2.693532076883087e-05,
    "seed1_ree_mean_reward": -0.8913184466958046,
    "seed1_ree_mean_harm": 1.1214199852347375,
    "seed1_ree_mean_n_cands": 32.0,
    "seed1_rand_mean_reward": -0.9438378546237948,
    "seed1_rand_mean_harm": 1.105199077129364,
    "seed1_harm_ratio": 1.0146769106498945,
    "seed2_warmup_first25_reward": -0.9427085361480714,
    "seed2_warmup_last25_reward": -0.9345607690811158,
    "seed2_warmup_improvement": 0.008147767066955525,
    "seed2_warmup_final_rv": 3.1228345714689345e-05,
    "seed2_ree_mean_reward": -0.9376943625807762,
    "seed2_ree_mean_harm": 1.0901226333975793,
    "seed2_ree_mean_n_cands": 32.0,
    "seed2_rand_mean_reward": -0.9753483380675315,
    "seed2_rand_mean_harm": 1.1041624943614006,
    "seed2_harm_ratio": 0.9872846061738936
  },
  "summary_markdown": "# V3-EXQ-223a -- Toroidal Minimal Vertebrate Cognition Ablation\n\n**Status:** FAIL\n**Purpose:** Hypothesis generation -- does minimal mind survive without walls to exploit?\n**Toroidal:** no walls; movement and hazard drift wrap at grid edges\n**Ablation:** commitment_threshold=-1.0 (always uncommitted, no argmin, no BetaGate hold)\n             z_goal_enabled=False, benefit_eval_enabled=False, goal_weight=0.0\n**Warmup:** 100 eps | **Eval:** 50 eps | **Seeds:** [0, 1, 2]\n\n## Scientific Question\n\nEXQ-223 passed via wall-hugging: agent moved in one direction to a wall\ncorner and stayed there. This provides free hazard avoidance because\njellyfish drift only within the interior. The minimal mind may have no\ngenuine gradient-following beyond exploiting this boundary effect.\n\nWith toroidal wrapping, walls are removed. If PASS: the minimal loop has\ngenuine spatial gradient-following beyond wall refuge. If FAIL: EXQ-223\nresult was entirely boundary-dependent.\n\nSecondary question: does the agent develop a spatial preference (row/column\nhalf of grid), indicating z_world encodes more than the immediate 5x5 view?\n\n## Pre-registered Thresholds\n\n| Criterion | Threshold | Seed requirement |\n|-----------|-----------|-----------------|\n| C1: ree_reward > rand_reward | > 0.0 | >= 2/3 seeds |\n| C2: harm_ratio (ree/rand) | < 1.0 | >= 2/3 seeds |\n| C3: n_cands per e3 tick (info) | >= 2 | informational |\n| C4: warmup improvement delta | > 0.0 | >= 2/3 seeds |\n\n## Results by Seed\n\n| Seed | W-first25 | W-last25 | W-delta | REE reward | rand reward | REE harm | rand harm | harm ratio | n_cands |\n|------|-----------|----------|---------|------------|------------|---------|----------|-----------|---------|\n| 0 | -0.9414 | -0.9536 | -0.0122 | -0.9646 | -0.9976 | 1.0609 | 1.0773 | 0.9848 | 32.0 |\n| 1 | -0.9222 | -0.9718 | -0.0496 | -0.8913 | -0.9438 | 1.1214 | 1.1052 | 1.0147 | 32.0 |\n| 2 | -0.9427 | -0.9346 | 0.0081 | -0.9377 | -0.9753 | 1.0901 | 1.1042 | 0.9873 | 32.0 |\n\n## PASS Criteria\n\n| Criterion | Seeds passing | Required | Result |\n|-----------|--------------|---------|--------|\n| C1 ree > rand reward | 3/3 | >=2 | PASS |\n| C2 harm ratio < 1.0 | 2/3 | >=2 | PASS |\n| C3 n_cands >= 2 (info) | 3/3 | informational | PASS |\n| C4 warmup improvement > 0 | 1/3 | >=2 | FAIL |\n\nCriteria met (C1+C2+C4): 2/3 -> **FAIL**\n\n## Failure Notes\n\n- C4 FAIL: warmup improvement > 0 in 1/3 seeds (need 2); deltas=['-0.0122', '-0.0496', '0.0081']\n",
  "claim_ids": [],
  "experiment_purpose": "diagnostic",
  "evidence_direction": "mixed",
  "experiment_type": "v3_exq_223a_toroidal_minimal_vertebrate",
  "run_timestamp": "20260405T142920Z",
  "run_id": "v3_exq_223a_toroidal_minimal_vertebrate_20260405T142920Z_v3",
  "architecture_epoch": "ree_hybrid_guardrails_v1"
}
