{
  "schema_version": "experiment_pack_metrics/v1",
  "values": {
    "alpha_world": 0.9,
    "world_forward_r2": 0.9440092444419861,
    "advantage_sig_none": 1.2036934182519364e-07,
    "advantage_sig_approach": 9.261752179969949e-08,
    "advantage_sig_contact": 2.101577561477135e-07,
    "n_none": 26230.0,
    "n_approach": 427.0,
    "n_contact": 58.0,
    "train_contact_events": 322.0,
    "train_approach_events": 5886.0,
    "crit1_pass": 1.0,
    "crit2_pass": 0.0,
    "crit3_pass": 1.0,
    "crit4_pass": 1.0,
    "criteria_met": 3.0,
    "fatal_error_count": 0.0,
    "advantage_sig_ttype_env_caused_hazard": 2.158099207384833e-08,
    "advantage_sig_ttype_hazard_approach": 9.261752179969949e-08,
    "advantage_sig_ttype_resource": 1.6047404362605168e-08,
    "advantage_sig_ttype_none": 1.2036934182519364e-07,
    "advantage_sig_ttype_agent_caused_hazard": 3.9873452022157864e-07
  }
}
