{
  "schema_version": "metrics/v1",
  "values": {
    "gap_fusion_on": 0.02182759498075809,
    "gap_fusion_ablated": 0.021768125057039123,
    "delta_gap": 5.9469923718968865e-05,
    "n_harm_eval_min": 533.0,
    "n_seeds": 2.0,
    "soma_dim": 8.0,
    "nav_bias": 0.4,
    "alpha_world": 0.9,
    "per_seed_delta_min": -1.1971587632331193e-06,
    "per_seed_delta_max": 0.00012013700620117085,
    "crit1_pass": 0.0,
    "crit2_pass": 0.0,
    "crit3_pass": 1.0,
    "crit4_pass": 1.0,
    "crit5_pass": 1.0,
    "criteria_met": 3.0
  }
}
