{
  "schema_version": "metrics/v1",
  "values": {
    "gap_multirate_on": -3.516643393708385e-05,
    "gap_ablated": 0.015299121729194565,
    "delta_gap": -0.015334288163131649,
    "n_harm_eval_min": 103.0,
    "n_seeds": 2.0,
    "nav_bias": 0.4,
    "e3_heartbeat_k": 5.0,
    "alpha_world": 0.9,
    "per_seed_delta_min": -0.016780643050277988,
    "per_seed_delta_max": -0.01388793327598531,
    "var_harm_eval_on": 1.0545249283614502e-07,
    "var_harm_eval_ablated": 0.0027597228072769034,
    "var_delta": -0.0027596173547840674,
    "crit1_pass": 0.0,
    "crit2_pass": 0.0,
    "crit3_pass": 1.0,
    "crit4_pass": 1.0,
    "crit5_pass": 1.0,
    "criteria_met": 3.0
  }
}
