{
  "schema_version": "metrics/v1",
  "values": {
    "pearson_r_harm_vardiff": 0.9998199898948058,
    "monotone_increases": 4.0,
    "levels_above_threshold": 0.0,
    "levels_correct_commit": 0.0,
    "fatal_total": 0.0,
    "crit1_pass": 1.0,
    "crit2_pass": 1.0,
    "crit3_pass": 0.0,
    "crit4_pass": 0.0,
    "crit5_pass": 1.0,
    "criteria_met": 3.0,
    "harm_0p005_var_diff": -3.892128828153485e-05,
    "harm_0p005_var_stable": 0.4025760014443704,
    "harm_0p005_var_perturbed": 0.40253708015608886,
    "harm_0p005_commit_stable": 0.0,
    "harm_0p005_commit_perturbed": 0.0,
    "harm_0p01_var_diff": -3.892091006463261e-05,
    "harm_0p01_var_stable": 0.40257600147360806,
    "harm_0p01_var_perturbed": 0.4025370805635434,
    "harm_0p01_commit_stable": 0.0,
    "harm_0p01_commit_perturbed": 0.0,
    "harm_0p02_var_diff": -3.892025354784723e-05,
    "harm_0p02_var_stable": 0.40257600148271244,
    "harm_0p02_var_perturbed": 0.4025370812291646,
    "harm_0p02_commit_stable": 0.0,
    "harm_0p02_commit_perturbed": 0.0,
    "harm_0p05_var_diff": -3.89182778621211e-05,
    "harm_0p05_var_stable": 0.40257600156320594,
    "harm_0p05_var_perturbed": 0.4025370832853438,
    "harm_0p05_commit_stable": 0.0,
    "harm_0p05_commit_perturbed": 0.0,
    "harm_0p1_var_diff": -3.89151724965453e-05,
    "harm_0p1_var_stable": 0.4025760017142921,
    "harm_0p1_var_perturbed": 0.40253708654179554,
    "harm_0p1_commit_stable": 0.0,
    "harm_0p1_commit_perturbed": 0.0
  }
}
