{
  "schema_version": "metrics/v1",
  "values": {
    "contact_rate_reduction_sparse": 0.9789289513274849,
    "contact_rate_ethical_sparse": 0.0012064482845800108,
    "contact_rate_random_sparse": 0.05718569371288789,
    "world_forward_r2_sparse": 0.9681795537471771,
    "contact_rate_reduction_dense": 0.9753667279821414,
    "contact_rate_ethical_dense": 0.003893103785045942,
    "contact_rate_random_dense": 0.15803605677023397,
    "world_forward_r2_dense": 0.9454621970653534,
    "harm_eval_precontact_ethical_dense": 0.7796130845874858,
    "harm_eval_precontact_random_dense": 0.7850541194697731,
    "harm_eval_baseline_ethical_dense": 0.7767486670835981,
    "harm_eval_anticipatory_delta": 0.002864417503887662,
    "harm_eval_ethical_vs_random": -0.00544103488228731,
    "n_precontact_ethical_dense": 83.0,
    "c3_c4_skipped": 0.0,
    "crit1_pass": 1.0,
    "crit2_pass": 1.0,
    "crit3_pass": 0.0,
    "crit4_pass": 0.0,
    "criteria_met": 2.0,
    "n_seeds": 2.0,
    "alpha_world": 0.9
  }
}
