{
  "schema_version": "experiment_pack_metrics/v1",
  "values": {
    "latent_prediction_error_mean": 0.11487467858054763,
    "latent_prediction_error_p95": 0.22610343836381644,
    "latent_rollout_consistency_rate": 0.8926941301610338,
    "e1_e2_timescale_separation_ratio": 2.2234945979776275,
    "representation_drift_rate": 0.020145268282960396,
    "fatal_error_count": 0
  }
}
