{
  "schema_version": "metrics/v1",
  "values": {
    "c1_seeds_pass": 5.0,
    "c2_seeds_pass": 5.0,
    "c3_seeds_pass": 5.0,
    "c4_seeds_pass": 5.0,
    "criteria_met": 4.0,
    "n_seeds": 5.0,
    "pass_min_seeds": 4.0,
    "seed42_post_train_rv": 1.9007745615453982e-06,
    "seed42_on_harm_spike": 2.0532755762796422e-06,
    "seed42_on_nonharm_spike": -5.10289801228775e-08,
    "seed42_on_spike_contrast": 2.1043045564025197e-06,
    "seed42_on_decommit_events": 0.0,
    "seed42_on_n_harm_steps": 222.0,
    "seed42_off_harm_spike": 0.0,
    "seed42_off_spike_contrast": 0.0,
    "seed42_off_decommit_events": 0.0,
    "seed42_off_n_harm_steps": 218.0,
    "seed42_pairwise_delta": 2.0532755762796422e-06,
    "seed7_post_train_rv": 1.048717418486755e-06,
    "seed7_on_harm_spike": 1.8364558560426912e-06,
    "seed7_on_nonharm_spike": -3.912754522461927e-08,
    "seed7_on_spike_contrast": 1.8755834012673104e-06,
    "seed7_on_decommit_events": 0.0,
    "seed7_on_n_harm_steps": 199.0,
    "seed7_off_harm_spike": 0.0,
    "seed7_off_spike_contrast": 0.0,
    "seed7_off_decommit_events": 0.0,
    "seed7_off_n_harm_steps": 228.0,
    "seed7_pairwise_delta": 1.8364558560426912e-06,
    "seed13_post_train_rv": 1.0046280272550999e-06,
    "seed13_on_harm_spike": 1.5736160287702187e-06,
    "seed13_on_nonharm_spike": -4.253287799583521e-08,
    "seed13_on_spike_contrast": 1.6161489067660539e-06,
    "seed13_on_decommit_events": 0.0,
    "seed13_on_n_harm_steps": 231.0,
    "seed13_off_harm_spike": 0.0,
    "seed13_off_spike_contrast": 0.0,
    "seed13_off_decommit_events": 0.0,
    "seed13_off_n_harm_steps": 235.0,
    "seed13_pairwise_delta": 1.5736160287702187e-06,
    "seed99_post_train_rv": 1.6554898433833984e-06,
    "seed99_on_harm_spike": 2.443386942451242e-06,
    "seed99_on_nonharm_spike": -6.240861406094539e-08,
    "seed99_on_spike_contrast": 2.5057955565121875e-06,
    "seed99_on_decommit_events": 0.0,
    "seed99_on_n_harm_steps": 209.0,
    "seed99_off_harm_spike": 0.0,
    "seed99_off_spike_contrast": 0.0,
    "seed99_off_decommit_events": 0.0,
    "seed99_off_n_harm_steps": 218.0,
    "seed99_pairwise_delta": 2.443386942451242e-06,
    "seed21_post_train_rv": 9.906551885710427e-07,
    "seed21_on_harm_spike": 1.8156400779674383e-06,
    "seed21_on_nonharm_spike": -3.885022196803963e-08,
    "seed21_on_spike_contrast": 1.8544902999354779e-06,
    "seed21_on_decommit_events": 0.0,
    "seed21_on_n_harm_steps": 197.0,
    "seed21_off_harm_spike": 0.0,
    "seed21_off_spike_contrast": 0.0,
    "seed21_off_decommit_events": 0.0,
    "seed21_off_n_harm_steps": 226.0,
    "seed21_pairwise_delta": 1.8156400779674383e-06
  }
}
