{
  "run_id": "v3_exq_198_sd011_dual_stream_stability_20260401T232341Z_v3",
  "experiment_type": "v3_exq_198_sd011_dual_stream_stability",
  "architecture_epoch": "ree_hybrid_guardrails_v1",
  "claim_ids": [
    "SD-011"
  ],
  "outcome": "PASS",
  "decision": "retain_ree",
  "criteria": {
    "C1_replication_fwd_r2": true,
    "C2_stream_dissociation": true,
    "C3_temporal_integration": true,
    "C4_sensory_responsiveness": true,
    "C5_dual_advantage": true,
    "C6_seed_stability": true
  },
  "metrics": {
    "dual_harm_fwd_r2": 0.6778166805366111,
    "dual_stream_corr": 0.23718780490002345,
    "dual_autocorr_gap": 0.46093927769488025,
    "dual_z_harm_s_hazard_corr": 0.5916558391151573,
    "dual_dissociation_score": 1.797439127921237,
    "fused_dissociation_score": 0.5546279598134657,
    "dissociation_advantage": 1.2428111681077714,
    "c6_per_seed": {
      "42": {
        "harm_fwd_r2": 0.7382171241953448,
        "z_harm_s_hazard_corr": 0.7030816681833071,
        "passes_c1": true,
        "passes_c4": true,
        "passes": true
      },
      "7": {
        "harm_fwd_r2": 0.6824810740052232,
        "z_harm_s_hazard_corr": 0.4928405851026699,
        "passes_c1": true,
        "passes_c4": true,
        "passes": true
      },
      "13": {
        "harm_fwd_r2": 0.6127518434092655,
        "z_harm_s_hazard_corr": 0.5790452640594947,
        "passes_c1": true,
        "passes_c4": true,
        "passes": true
      }
    },
    "decision": "retain_ree"
  },
  "per_run_dual": [
    {
      "seed": 42,
      "num_hazards": 3,
      "condition": "DUAL_STREAM",
      "harm_fwd_r2": 0.7475812214628506,
      "stream_corr": 0.07563542581947787,
      "autocorr_gap": 0.4677921370807117,
      "z_ha_autocorr_lag10": 0.9135878943216746,
      "z_hs_autocorr_lag10": 0.44579575724096293,
      "z_harm_s_hazard_corr": 0.7264721351014126,
      "dissociation_score": 2.1186288463626464,
      "n_steps_measured": 8000,
      "z_hs_norms_mean": 0.8961902056410909,
      "z_ha_norms_mean": 2.1265430117547512,
      "hazard_level_mean": 0.7386820371635259,
      "fwd_loss_final": 0.0008701474871486425
    },
    {
      "seed": 42,
      "num_hazards": 5,
      "condition": "DUAL_STREAM",
      "harm_fwd_r2": 0.7288530269278392,
      "stream_corr": -0.053904551966331135,
      "autocorr_gap": 0.45710583027252266,
      "z_ha_autocorr_lag10": 0.9272597787517687,
      "z_hs_autocorr_lag10": 0.470153948479246,
      "z_harm_s_hazard_corr": 0.6796912012652016,
      "dissociation_score": 2.082892479571393,
      "n_steps_measured": 8000,
      "z_hs_norms_mean": 0.9214127291738987,
      "z_ha_norms_mean": 2.1302938639372586,
      "hazard_level_mean": 0.7853164779432118,
      "fwd_loss_final": 0.0008034711354412138
    },
    {
      "seed": 7,
      "num_hazards": 3,
      "condition": "DUAL_STREAM",
      "harm_fwd_r2": 0.6656239446946829,
      "stream_corr": 0.4283444236022352,
      "autocorr_gap": 0.45881857412286103,
      "z_ha_autocorr_lag10": 0.9128643217378574,
      "z_hs_autocorr_lag10": 0.45404574761499633,
      "z_harm_s_hazard_corr": 0.47183328887165454,
      "dissociation_score": 1.5023074393922804,
      "n_steps_measured": 8000,
      "z_hs_norms_mean": 1.0754163593649864,
      "z_ha_norms_mean": 1.701714777007699,
      "hazard_level_mean": 0.7314960046000779,
      "fwd_loss_final": 0.001334247412160039
    },
    {
      "seed": 7,
      "num_hazards": 5,
      "condition": "DUAL_STREAM",
      "harm_fwd_r2": 0.6993382033157636,
      "stream_corr": 0.3583824348156519,
      "autocorr_gap": 0.4538593280104905,
      "z_ha_autocorr_lag10": 0.9221785317283796,
      "z_hs_autocorr_lag10": 0.4683192037178891,
      "z_harm_s_hazard_corr": 0.5138478813336853,
      "dissociation_score": 1.609324774528524,
      "n_steps_measured": 8000,
      "z_hs_norms_mean": 1.1337170911356806,
      "z_ha_norms_mean": 1.682760065868497,
      "hazard_level_mean": 0.7844870275370777,
      "fwd_loss_final": 0.001368144410662353
    },
    {
      "seed": 13,
      "num_hazards": 3,
      "condition": "DUAL_STREAM",
      "harm_fwd_r2": 0.5738918642996458,
      "stream_corr": 0.26759922260260677,
      "autocorr_gap": 0.47048388196091695,
      "z_ha_autocorr_lag10": 0.9170791782078476,
      "z_hs_autocorr_lag10": 0.4465952962469306,
      "z_harm_s_hazard_corr": 0.5094321106577432,
      "dissociation_score": 1.7123167700160535,
      "n_steps_measured": 8000,
      "z_hs_norms_mean": 1.099538262091577,
      "z_ha_norms_mean": 1.8963663181960582,
      "hazard_level_mean": 0.7332001682259143,
      "fwd_loss_final": 0.0011432843748480082
    },
    {
      "seed": 13,
      "num_hazards": 5,
      "condition": "DUAL_STREAM",
      "harm_fwd_r2": 0.6516118225188852,
      "stream_corr": 0.3470698745265002,
      "autocorr_gap": 0.4575759147217786,
      "z_ha_autocorr_lag10": 0.9223124411349686,
      "z_hs_autocorr_lag10": 0.46473652641318997,
      "z_harm_s_hazard_corr": 0.6486584174612463,
      "dissociation_score": 1.7591644576565248,
      "n_steps_measured": 8000,
      "z_hs_norms_mean": 1.1715515590012073,
      "z_ha_norms_mean": 1.8978159200549125,
      "hazard_level_mean": 0.7897980866581201,
      "fwd_loss_final": 0.0011881005484610796
    }
  ],
  "per_run_fused": [
    {
      "seed": 42,
      "num_hazards": 3,
      "condition": "FUSED_STREAM",
      "harm_fwd_r2": 0.6376311363972575,
      "stream_corr": 0.9989039069372588,
      "autocorr_gap": 0.005885286986272276,
      "z_ha_autocorr_lag10": 0.5020045817245349,
      "z_hs_autocorr_lag10": 0.4961192947382626,
      "z_harm_s_hazard_corr": 0.5886016803896488,
      "dissociation_score": 0.5955830604386623,
      "n_steps_measured": 8000,
      "z_hs_norms_mean": 1.6841614699736238,
      "z_ha_norms_mean": 1.6286716772019862,
      "hazard_level_mean": 0.7386820371635259,
      "fwd_loss_final": 0.0008219064911827445
    },
    {
      "seed": 42,
      "num_hazards": 5,
      "condition": "FUSED_STREAM",
      "harm_fwd_r2": 0.6707434753883215,
      "stream_corr": 0.9989054618219608,
      "autocorr_gap": 0.00859038126153322,
      "z_ha_autocorr_lag10": 0.544292337680842,
      "z_hs_autocorr_lag10": 0.5357019564193087,
      "z_harm_s_hazard_corr": 0.5332014389998967,
      "dissociation_score": 0.5428863584394691,
      "n_steps_measured": 8000,
      "z_hs_norms_mean": 1.6761167089492082,
      "z_ha_norms_mean": 1.6180067967772485,
      "hazard_level_mean": 0.7853164779432118,
      "fwd_loss_final": 0.0007773690740577877
    },
    {
      "seed": 7,
      "num_hazards": 3,
      "condition": "FUSED_STREAM",
      "harm_fwd_r2": 0.5093049401911531,
      "stream_corr": 0.994391877615943,
      "autocorr_gap": 0.019000830183943163,
      "z_ha_autocorr_lag10": 0.6573255141642814,
      "z_hs_autocorr_lag10": 0.6383246839803383,
      "z_harm_s_hazard_corr": 0.4100223125066703,
      "dissociation_score": 0.4346312650746704,
      "n_steps_measured": 8000,
      "z_hs_norms_mean": 1.489966101951897,
      "z_ha_norms_mean": 1.4084489631056785,
      "hazard_level_mean": 0.7314960046000779,
      "fwd_loss_final": 0.000631428905762732
    },
    {
      "seed": 7,
      "num_hazards": 5,
      "condition": "FUSED_STREAM",
      "harm_fwd_r2": 0.5569030671680282,
      "stream_corr": 0.9921400772995272,
      "autocorr_gap": 0.026122858873373622,
      "z_ha_autocorr_lag10": 0.616398570399847,
      "z_hs_autocorr_lag10": 0.5902757115264734,
      "z_harm_s_hazard_corr": 0.5075152702604397,
      "dissociation_score": 0.5414980518342861,
      "n_steps_measured": 8000,
      "z_hs_norms_mean": 1.493505502730608,
      "z_ha_norms_mean": 1.4061883722394706,
      "hazard_level_mean": 0.7844870275370777,
      "fwd_loss_final": 0.0006102811312302947
    },
    {
      "seed": 13,
      "num_hazards": 3,
      "condition": "FUSED_STREAM",
      "harm_fwd_r2": 0.4659804420339694,
      "stream_corr": 0.9965604700952005,