{
  "schema_version": "metrics/v1",
  "values": {
    "bridge_r2": 0.0,
    "causal_none": -0.08608463372641463,
    "causal_approach": 0.003054239081244733,
    "causal_contact": 0.10945064902305603,
    "calibration_gap": 0.09672030339721804,
    "harm_none": 0.5140292620271202,
    "harm_approach": 0.6107495654243382,
    "n_approach_eval": 1223.0,
    "crit1_pass": 1.0,
    "crit2_pass": 1.0,
    "crit3_pass": 0.0,
    "crit4_pass": 1.0,
    "crit5_pass": 0.0,
    "criteria_met": 3.0,
    "fatal_error_count": 0.0
  }
}
