{
  "experiment_type": "v3_exq_103_e2_training_horizon_ablation",
  "claim_ids": [
    "MECH-135"
  ],
  "seed": 42,
  "n_transitions": 571,
  "world_dim": 32,
  "self_dim": 32,
  "horizons_tested": [
    1,
    3,
    5
  ],
  "horizon_1_e2_loss": 1.0656659317949865e-05,
  "horizon_1_cosine_sim": -0.010627256706357002,
  "horizon_1_world_acc": 0.8999999761581421,
  "horizon_3_e2_loss": 1.7301556858405496e-05,
  "horizon_3_cosine_sim": 0.0235762782394886,
  "horizon_3_world_acc": 0.7833333611488342,
  "horizon_5_e2_loss": 1.8941958033893672e-05,
  "horizon_5_cosine_sim": -0.025282688438892365,
  "horizon_5_world_acc": 0.9333333373069763,
  "c1_cosine_baseline_pass": true,
  "c2_directional_pass": true,
  "c3_world_quality_pass": true,
  "status": "PASS",
  "criteria_met": 3,
  "criteria_total": 3,
  "run_timestamp": "20260329T215416Z",
  "run_id": "v3_exq_103_e2_training_horizon_ablation_20260329T215416Z_v3",
  "architecture_epoch": "ree_hybrid_guardrails_v1",
  "verdict": "PASS"
}
