{
  "schema_version": "metrics/v1",
  "values": {
    "contamination_gap_on": 0.04486503610337789,
    "contamination_gap_ablated": 0.030668956756826626,
    "real_harm_gap_on": 0.032197105449963626,
    "real_harm_gap_ablated": 0.04637514095878156,
    "delta_contamination_min": -0.015284639335382821,
    "delta_contamination_max": -0.013107519357719699,
    "n_real_harm_eval_min": 533.0,
    "n_replay_harm_eval_min": 1079.0,
    "n_seeds": 2.0,
    "nav_bias": 0.45,
    "alpha_world": 0.9,
    "n_replay_per_ep": 2.0,
    "replay_noise_std": 0.1,
    "crit1_pass": 0.0,
    "crit2_pass": 0.0,
    "crit3_pass": 0.0,
    "crit4_pass": 0.0,
    "crit5_pass": 1.0,
    "criteria_met": 1.0
  }
}
