{
  "schema_version": "metrics/v1",
  "values": {
    "calibration_gap_approach": 0.9754256452575907,
    "calibration_gap_contact": 0.9881468469428768,
    "mean_harm_eval_approach": 0.9843766123978133,
    "mean_harm_eval_contact": 0.9970978140830994,
    "mean_harm_eval_none": 0.008950967140222593,
    "n_approach_eval": 194.0,
    "n_contact_eval": 10.0,
    "n_none_eval": 9796.0,
    "e3_tick_total": 8800.0,
    "world_forward_r2": 0.9308509704284765,
    "running_variance_final": 2.2324348456387248e-06,
    "alpha_world": 0.9,
    "crit1_pass": 1.0,
    "crit2_pass": 1.0,
    "crit3_pass": 1.0,
    "crit4_pass": 1.0,
    "crit5_pass": 1.0,
    "criteria_met": 5.0
  }
}
