{
  "experiment_type": "v3_exq_472_sd011_platform_stability_pilot",
  "run_id": "v3_exq_472_sd011_platform_stability_pilot_20260421T183651Z_v3",
  "claim_ids": [
    "SD-011"
  ],
  "architecture_epoch": "ree_hybrid_guardrails_v1",
  "experiment_purpose": "diagnostic",
  "evidence_direction": "diagnostic",
  "timestamp_utc": "20260421T183651Z",
  "seed": 42,
  "layout": "L3",
  "num_hazards": 3,
  "swap_layout": "L5",
  "swap_num_hazards": 5,
  "dissociation_score_pre": 1.7661199139732318,
  "dissociation_score_post": 1.940409551771864,
  "recovery_ratio": 1.09868505327395,
  "harm_fwd_r2_pre": 0.7883532640695495,
  "harm_fwd_r2_post": 0.7754149942784321,
  "stream_corr_pre": 0.386403452797531,
  "stream_corr_post": 0.14613168898972684,
  "z_harm_s_hazard_corr_pre": 0.633312725073101,
  "z_harm_s_hazard_corr_post": 0.5809644604522695,
  "autocorr_gap_pre": 0.519210641697662,
  "autocorr_gap_post": 0.5055767803093213,
  "p1_buffer_size": 1417,
  "n_steps_measured_pre": 769,
  "n_steps_measured_post": 430
}