{
  "experiment_type": "v3_exq_472_sd011_platform_stability_pilot",
  "run_id": "v3_exq_472_sd011_platform_stability_pilot_20260421T183651Z_v3",
  "claim_ids": [
    "SD-011"
  ],
  "architecture_epoch": "ree_hybrid_guardrails_v1",
  "experiment_purpose": "diagnostic",
  "evidence_direction": "diagnostic",
  "timestamp_utc": "20260421T183651Z",
  "seed": 7,
  "layout": "L3",
  "num_hazards": 3,
  "swap_layout": "L5",
  "swap_num_hazards": 5,
  "dissociation_score_pre": 1.8985199773904826,
  "dissociation_score_post": 2.0318522414017783,
  "recovery_ratio": 1.070229581779045,
  "harm_fwd_r2_pre": 0.738199257017392,
  "harm_fwd_r2_post": 0.7670820373311336,
  "stream_corr_pre": 0.11283286134771034,
  "stream_corr_post": 0.09477203020814687,
  "z_harm_s_hazard_corr_pre": 0.41344580863986347,
  "z_harm_s_hazard_corr_post": 0.5583316199897131,
  "autocorr_gap_pre": 0.5979070300983295,
  "autocorr_gap_post": 0.5682926516202119,
  "p1_buffer_size": 1320,
  "n_steps_measured_pre": 755,
  "n_steps_measured_post": 407
}