{
  "experiment_type": "v3_exq_472_sd011_platform_stability_pilot",
  "run_id": "v3_exq_472_sd011_platform_stability_pilot_20260421T183651Z_v3",
  "claim_ids": [
    "SD-011"
  ],
  "architecture_epoch": "ree_hybrid_guardrails_v1",
  "experiment_purpose": "diagnostic",
  "evidence_direction": "diagnostic",
  "timestamp_utc": "20260421T183651Z",
  "seed": 42,
  "layout": "L5",
  "num_hazards": 5,
  "swap_layout": "L3",
  "swap_num_hazards": 3,
  "dissociation_score_pre": 1.9843467232289562,
  "dissociation_score_post": 1.571334068475036,
  "recovery_ratio": 0.7918646726808608,
  "harm_fwd_r2_pre": 0.7260149644399113,
  "harm_fwd_r2_post": 0.7477792512163006,
  "stream_corr_pre": 0.06704277964190648,
  "stream_corr_post": 0.3127720401294591,
  "z_harm_s_hazard_corr_pre": 0.5178317092503605,
  "z_harm_s_hazard_corr_post": 0.5596920538410423,
  "autocorr_gap_pre": 0.5335577936205023,
  "autocorr_gap_post": 0.32441405476345286,
  "p1_buffer_size": 931,
  "n_steps_measured_pre": 472,
  "n_steps_measured_post": 599
}