{
  "experiment_type": "v3_exq_472_sd011_platform_stability_pilot",
  "run_id": "v3_exq_472_sd011_platform_stability_pilot_20260421T183651Z_v3",
  "claim_ids": [
    "SD-011"
  ],
  "architecture_epoch": "ree_hybrid_guardrails_v1",
  "experiment_purpose": "diagnostic",
  "evidence_direction": "diagnostic",
  "timestamp_utc": "20260421T183651Z",
  "seed": 7,
  "layout": "L5",
  "num_hazards": 5,
  "swap_layout": "L3",
  "swap_num_hazards": 3,
  "dissociation_score_pre": 1.8176762254207404,
  "dissociation_score_post": 1.6877651181375812,
  "recovery_ratio": 0.9285290166277614,
  "harm_fwd_r2_pre": 0.7612079356437268,
  "harm_fwd_r2_post": 0.7803326910194988,
  "stream_corr_pre": 0.06974200928153797,
  "stream_corr_post": 0.4108643290607277,
  "z_harm_s_hazard_corr_pre": 0.438438947112338,
  "z_harm_s_hazard_corr_post": 0.5260200141402743,
  "autocorr_gap_pre": 0.4489792875899403,
  "autocorr_gap_post": 0.5726094330580347,
  "p1_buffer_size": 968,
  "n_steps_measured_pre": 558,
  "n_steps_measured_post": 628
}