{
  "schema_version": "metrics/v1",
  "values": {
    "alpha_world": 0.9,
    "world_forward_r2": 0.9469841122627258,
    "advantage_sig_none": 0.015946822773310894,
    "advantage_sig_approach": 0.010780874776997065,
    "advantage_sig_contact": 0.010546885982707695,
    "n_none": 28421.0,
    "n_approach": 380.0,
    "n_contact": 27.0,
    "train_contact_events": 322.0,
    "train_approach_events": 5886.0,
    "crit1_pass": 0.0,
    "crit2_pass": 1.0,
    "crit3_pass": 1.0,
    "crit4_pass": 0.0,
    "criteria_met": 2.0,
    "fatal_error_count": 0.0,
    "advantage_sig_ttype_hazard_approach": 0.010780874776997065,
    "advantage_sig_ttype_none": 0.015946822773310894,
    "advantage_sig_ttype_env_caused_hazard": 0.010779337026178837,
    "advantage_sig_ttype_resource": 0.010461219896872839,
    "advantage_sig_ttype_agent_caused_hazard": 0.008687277634938559
  }
}
