{
  "schema_version": "metrics/v1",
  "values": {
    "harm_fwd_r2": -0.7269904216503107,
    "stream_corr": 0.02351151410066657,
    "recovery_ratio": 1.0050125185032752,
    "z_harm_s_hazard_corr": 0.6293916037658511
  }
}
