{
  "schema_version": "metrics/v1",
  "values": {
    "mean_entropy_on": -9.989514395861789e-10,
    "mean_entropy_ablated": -9.989588410730096e-10,
    "mean_entropy_gap": 7.401486830765445e-15,
    "mean_cells_on": 50.0,
    "mean_cells_ablated": 50.666666666666664,
    "mean_cell_gap": -0.6666666666666643,
    "mean_harm_rate_on": 0.0,
    "mean_harm_rate_ablated": 0.0,
    "mean_harm_delta": 0.0,
    "per_seed_entropy_gap_min": 0.0,
    "per_seed_entropy_gap_max": 2.19824158875781e-14,
    "per_seed_cell_gap_min": -2.0,
    "per_seed_harm_delta_max": 0.0,
    "novelty_ema_min": 0.00015304128370939094,
    "n_harm_min": 0.0,
    "n_seeds": 3.0,
    "novelty_bonus_weight": 100.0,
    "nav_bias": 0.5,
    "action_divergence_min": 0.5593718223929499,
    "action_divergence_max": 0.5651404556514046,
    "crit0_action_divergence_pass": 1.0,
    "crit1_pass": 0.0,
    "crit2_pass": 0.0,
    "crit3_pass": 1.0,
    "crit4_pass": 1.0,
    "crit5_pass": 0.0,
    "criteria_met": 3.0
  }
}
