{
  "schema_version": "metrics/v1",
  "values": {
    "latent_fwd_r2_mean": 0.02365480363368988,
    "fwd_discrimination_trained": 0.005224879206782515,
    "fwd_discrimination_shuffled": -0.007532003555123914,
    "ablation_margin": 0.012756882761906427,
    "causal_approach_trained_mean": 0.01749040587613034,
    "causal_none_trained_mean": -0.012051054121610328,
    "causal_contact_trained_mean": 0.02751919597387313,
    "n_approach_eval_mean": 22.0,
    "crit1_pass": 0.0,
    "crit2_pass": 0.0,
    "crit3_pass": 1.0,
    "crit4_pass": 1.0,
    "crit5_pass": 1.0,
    "crit6_pass": 1.0
  }
}
