{
  "schema_version": "metrics/v1",
  "values": {
    "arm0_traj_pairwise_cosine_mean": 0.8316354107025836,
    "arm1_traj_pairwise_cosine_mean": 0.7951691489615769
  }
}
