{
  "schema_version": "metrics/v1",
  "values": {
    "c1_pass": 1.0,
    "c2_pass": 0.0,
    "c3_pass": 1.0,
    "criteria_met": 2.0,
    "goal_norm_active_seed0": 0.18342617391229857,
    "goal_norm_ablated_seed0": 0.17566413531654954,
    "benefit_goal_corr_seed0": 0.20891786011758515,
    "benefit_rate_active_seed0": 0.037021792731751796,
    "norm_diff_seed0": 0.007762038595749032,
    "goal_norm_active_seed1": 0.2545281429678968,
    "goal_norm_ablated_seed1": 0.24497195097797553,
    "benefit_goal_corr_seed1": 0.23866697964158962,
    "benefit_rate_active_seed1": 0.04165818411481947,
    "norm_diff_seed1": 0.009556191989921248,
    "goal_norm_active_seed2": 0.2633474288320161,
    "goal_norm_ablated_seed2": 0.2510348397583266,
    "benefit_goal_corr_seed2": 0.3610719012193221,
    "benefit_rate_active_seed2": 0.03941915984455307,
    "norm_diff_seed2": 0.01231258907368954
  }
}
