{
  "schema_version": "metrics/v1",
  "values": {
    "gap_typed_on": 0.015299121729194565,
    "gap_ablated": 0.02572384049934215,
    "delta_gap": -0.010424718770147584,
    "n_harm_eval_min": 533.0,
    "n_seeds": 2.0,
    "nav_bias": 0.4,
    "alpha_world": 0.9,
    "per_seed_delta_min": -0.011035653801542922,
    "per_seed_delta_max": -0.009813783738752246,
    "crit1_pass": 0.0,
    "crit2_pass": 0.0,
    "crit3_pass": 1.0,
    "crit4_pass": 1.0,
    "crit5_pass": 1.0,
    "criteria_met": 3.0
  }
}
