{
  "run_id": "v3_exq_147a_mech128_e1_goal_conditioning_pair_1775184659_v3",
  "experiment_type": "v3_exq_147a_mech128_e1_goal_conditioning_pair",
  "architecture_epoch": "ree_hybrid_guardrails_v1",
  "claim_ids": [
    "MECH-128"
  ],
  "experiment_purpose": "evidence",
  "outcome": "PARTIAL",
  "evidence_direction": "mixed",
  "timestamp": 1775184659,
  "dry_run": false,
  "seeds": [
    42,
    7,
    123
  ],
  "warmup_episodes": 400,
  "eval_episodes": 120,
  "steps_per_episode": 200,
  "world_dim": 32,
  "drive_weight": 2.0,
  "thresh_interaction": 0.005,
  "thresh_neutral_diff": 0.03,
  "thresh_goal_norm": 0.01,
  "mean_interaction": -1.0159234140753191e-06,
  "mean_goal_norm_conditioned": 0.402510126431783,
  "mean_err_goal_conditioned": 0.0003367266644688835,
  "mean_err_goal_ablated": 0.0003867936369277348,
  "c1_interaction_pass": false,
  "c2_goal_direction_pass": true,
  "c3_neutral_specificity_pass": true,
  "c4_goal_norm_pass": true,
  "c1_count": 0,
  "c2_count": 3,
  "c3_count": 3,
  "c4_count": 3,
  "n_seeds": 3,
  "seed_metrics": [
    {
      "seed": 42,
      "interaction": -6.493858414248423e-06,
      "neutral_diff": 2.4115438230185222e-05,
      "err_goal_cond": 0.000550725028978097,
      "err_goal_abl": 0.0005813343256225306,
      "err_neut_cond": 0.0005846391204359044,
      "err_neut_abl": 0.0006087545586660896,
      "goal_norm_cond": 0.34317320585250854,
      "c1": false,
      "c2": true,
      "c3": true,
      "c4": true
    },
    {
      "seed": 7,
      "interaction": 1.3645043862313313e-06,
      "neutral_diff": 0.00011927052748626906,
      "err_goal_cond": 0.00023407987182948048,
      "err_goal_abl": 0.0003519858949295182,
      "err_neut_cond": 0.0002334039363850243,
      "err_neut_abl": 0.00035267446387129335,
      "goal_norm_cond": 0.4423173666000366,
      "c1": false,
      "c2": true,
      "c3": true,
      "c4": true
    },
    {
      "seed": 123,
      "interaction": 2.0815837857911343e-06,
      "neutral_diff": 3.76718141787365e-06,
      "err_goal_cond": 0.0002253750925990731,
      "err_goal_abl": 0.0002270606902311556,
      "err_neut_cond": 0.000238197225148341,
      "err_neut_abl": 0.00024196440656621464,
      "goal_norm_cond": 0.42203980684280396,
      "c1": false,
      "c2": true,
      "c3": true,
      "c4": true
    }
  ],
  "all_condition_results": [
    {
      "seed": 42,
      "condition": "GOAL_CONDITIONED",
      "goal_conditioned": true,
      "mean_err_goal": 0.000550725028978097,
      "mean_err_neutral": 0.0005846391204359044,
      "mean_err_all": 0.0005426690446243133,
      "goal_zone_steps": 1514,
      "neutral_steps": 393,
      "total_steps": 2984,
      "goal_norm": 0.34317320585250854
    },
    {
      "seed": 42,
      "condition": "GOAL_ABLATED",
      "goal_conditioned": false,
      "mean_err_goal": 0.0005813343256225306,
      "mean_err_neutral": 0.0006087545586660896,
      "mean_err_all": 0.0005778279449127902,
      "goal_zone_steps": 1514,
      "neutral_steps": 393,
      "total_steps": 2984,
      "goal_norm": 0.3415120244026184
    },
    {
      "seed": 7,
      "condition": "GOAL_CONDITIONED",
      "goal_conditioned": true,
      "mean_err_goal": 0.00023407987182948048,
      "mean_err_neutral": 0.0002334039363850243,
      "mean_err_all": 0.00024116213391406647,
      "goal_zone_steps": 1408,
      "neutral_steps": 333,
      "total_steps": 3193,
      "goal_norm": 0.4423173666000366
    },
    {
      "seed": 7,
      "condition": "GOAL_ABLATED",
      "goal_conditioned": false,
      "mean_err_goal": 0.0003519858949295182,
      "mean_err_neutral": 0.00035267446387129335,
      "mean_err_all": 0.00035064884496076846,
      "goal_zone_steps": 1527,
      "neutral_steps": 442,
      "total_steps": 3227,
      "goal_norm": 0.4349837601184845
    },
    {
      "seed": 123,
      "condition": "GOAL_CONDITIONED",
      "goal_conditioned": true,
      "mean_err_goal": 0.0002253750925990731,
      "mean_err_neutral": 0.000238197225148341,
      "mean_err_all": 0.00022968824135187864,
      "goal_zone_steps": 1325,
      "neutral_steps": 546,
      "total_steps": 3066,
      "goal_norm": 0.42203980684280396
    },
    {
      "seed": 123,
      "condition": "GOAL_ABLATED",
      "goal_conditioned": false,
      "mean_err_goal": 0.0002270606902311556,
      "mean_err_neutral": 0.00024196440656621464,
      "mean_err_all": 0.00023250538701365654,
      "goal_zone_steps": 1325,
      "neutral_steps": 546,
      "total_steps": 3066,
      "goal_norm": 0.42034417390823364
    }
  ]
}