{
  "run_id": "v3_exq_147a_mech128_e1_goal_conditioning_pair_1775168461_v3",
  "experiment_type": "v3_exq_147a_mech128_e1_goal_conditioning_pair",
  "architecture_epoch": "ree_hybrid_guardrails_v1",
  "claim_ids": [
    "MECH-128"
  ],
  "experiment_purpose": "evidence",
  "outcome": "FAIL",
  "evidence_direction": "non_contributory",
  "timestamp": 1775168461,
  "dry_run": true,
  "seeds": [
    42,
    7,
    123
  ],
  "warmup_episodes": 3,
  "eval_episodes": 3,
  "steps_per_episode": 20,
  "world_dim": 32,
  "drive_weight": 2.0,
  "thresh_interaction": 0.005,
  "thresh_neutral_diff": 0.03,
  "thresh_goal_norm": 0.01,
  "mean_interaction": 8.46144600710912e-05,
  "mean_goal_norm_conditioned": 0.040817988415559135,
  "mean_err_goal_conditioned": 0.00034431537904314923,
  "mean_err_goal_ablated": 0.0004053796631867711,
  "c1_interaction_pass": false,
  "c2_goal_direction_pass": false,
  "c3_neutral_specificity_pass": true,
  "c4_goal_norm_pass": false,
  "c1_count": 0,
  "c2_count": 1,
  "c3_count": 3,
  "c4_count": 2,
  "n_seeds": 3,
  "seed_metrics": [
    {
      "seed": 42,
      "interaction": 0.0001621315796260855,
      "neutral_diff": 0.00010570911690592765,
      "err_goal_cond": 0.0006050092567290578,
      "err_goal_abl": 0.0005485867940089,
      "err_neut_cond": 0.00040748934843577446,
      "err_neut_abl": 0.0005131984653417021,
      "goal_norm_cond": 0.058507323265075684,
      "c1": false,
      "c2": false,
      "c3": true,
      "c4": true
    },
    {
      "seed": 7,
      "interaction": 5.736164766231971e-05,
      "neutral_diff": 0.0003004136714690293,
      "err_goal_cond": 0.0002418462498570551,
      "err_goal_abl": 0.00048489827366376466,
      "err_neut_cond": 0.00019592768512666225,
      "err_neut_abl": 0.0004963413565956915,
      "goal_norm_cond": 0.0,
      "c1": false,
      "c2": true,
      "c3": true,
      "c4": false
    },
    {
      "seed": 123,
      "interaction": 3.4350152924868374e-05,
      "neutral_diff": 3.091344426918243e-05,
      "err_goal_cond": 0.00018609063054333464,
      "err_goal_abl": 0.0001826539218876487,
      "err_neut_cond": 0.00019681865524034947,
      "err_neut_abl": 0.0002277320995095319,
      "goal_norm_cond": 0.06394664198160172,
      "c1": false,
      "c2": false,
      "c3": true,
      "c4": true
    }
  ],
  "all_condition_results": [
    {
      "seed": 42,
      "condition": "GOAL_CONDITIONED",
      "goal_conditioned": true,
      "mean_err_goal": 0.0006050092567290578,
      "mean_err_neutral": 0.00040748934843577446,
      "mean_err_all": 0.0005961070501750025,
      "goal_zone_steps": 35,
      "neutral_steps": 5,
      "total_steps": 60,
      "goal_norm": 0.058507323265075684
    },
    {
      "seed": 42,
      "condition": "GOAL_ABLATED",
      "goal_conditioned": false,
      "mean_err_goal": 0.0005485867940089,
      "mean_err_neutral": 0.0005131984653417021,
      "mean_err_all": 0.0005434088389544438,
      "goal_zone_steps": 35,
      "neutral_steps": 5,
      "total_steps": 60,
      "goal_norm": 0.057749345898628235
    },
    {
      "seed": 7,
      "condition": "GOAL_CONDITIONED",
      "goal_conditioned": true,
      "mean_err_goal": 0.0002418462498570551,
      "mean_err_neutral": 0.00019592768512666225,
      "mean_err_all": 0.00022400978778023273,
      "goal_zone_steps": 27,
      "neutral_steps": 1,
      "total_steps": 50,
      "goal_norm": 0.0
    },
    {
      "seed": 7,
      "condition": "GOAL_ABLATED",
      "goal_conditioned": false,
      "mean_err_goal": 0.00048489827366376466,
      "mean_err_neutral": 0.0004963413565956915,
      "mean_err_all": 0.0004964277203336158,
      "goal_zone_steps": 11,
      "neutral_steps": 13,
      "total_steps": 56,
      "goal_norm": 0.04663717374205589
    },
    {
      "seed": 123,
      "condition": "GOAL_CONDITIONED",
      "goal_conditioned": true,
      "mean_err_goal": 0.00018609063054333464,
      "mean_err_neutral": 0.00019681865524034947,
      "mean_err_all": 0.00019451739729750746,
      "goal_zone_steps": 39,
      "neutral_steps": 7,
      "total_steps": 60,
      "goal_norm": 0.06394664198160172
    },
    {
      "seed": 123,
      "condition": "GOAL_ABLATED",
      "goal_conditioned": false,
      "mean_err_goal": 0.0001826539218876487,
      "mean_err_neutral": 0.0002277320995095319,
      "mean_err_all": 0.00018846472303266638,
      "goal_zone_steps": 39,
      "neutral_steps": 7,
      "total_steps": 60,
      "goal_norm": 0.06384267657995224
    }
  ]
}