{
  "schema_version": "metrics/v1",
  "values": {
    "alpha_world": 0.9,
    "proximity_scale": 0.05,
    "reafference_r2": 0.4047534465789795,
    "calibration_gap_approach": 0.20837457190002456,
    "calibration_gap_contact": 0.21028089349025064,
    "harm_pred_std": 0.18272966146469116,
    "mean_score_none": 0.3908191440360887,
    "mean_score_approach": 0.5991937159361133,
    "mean_score_env_contact": 0.5905781224370003,
    "mean_score_agent_contact": 0.6116219526156783,
    "n_none_eval": 70.0,
    "n_approach_eval": 817.0,
    "n_env_hazard_eval": 20.0,
    "n_agent_hazard_eval": 32.0,
    "train_approach_events": 8118.0,
    "train_contact_events": 449.0,
    "crit1_pass": 1.0,
    "crit2_pass": 1.0,
    "crit3_pass": 1.0,
    "crit4_pass": 1.0,
    "crit5_pass": 1.0,
    "criteria_met": 5.0
  }
}
