{
  "schema_version": "experiment_pack_metrics/v1",
  "values": {
    "pearson_r_harm_vardiff": -0.6713763383095963,
    "monotone_increases": 2.0,
    "levels_above_threshold": 1.0,
    "levels_correct_commit": 0.0,
    "fatal_total": 0.0,
    "crit1_pass": 0.0,
    "crit2_pass": 0.0,
    "crit3_pass": 0.0,
    "crit4_pass": 0.0,
    "crit5_pass": 1.0,
    "criteria_met": 1.0,
    "harm_0p005_var_diff": -0.0038865006589650086,
    "harm_0p005_var_stable": 0.334332279975475,
    "harm_0p005_var_perturbed": 0.33044577931651,
    "harm_0p005_commit_stable": 0.0,
    "harm_0p005_commit_perturbed": 0.0,
    "harm_0p01_var_diff": 3.180568496718994e-05,
    "harm_0p01_var_stable": 0.3237670230240032,
    "harm_0p01_var_perturbed": 0.32379882870897037,
    "harm_0p01_commit_stable": 0.0,
    "harm_0p01_commit_perturbed": 0.0,
    "harm_0p02_var_diff": 0.015103994818384758,
    "harm_0p02_var_stable": 0.31544074583302584,
    "harm_0p02_var_perturbed": 0.3305447406514106,
    "harm_0p02_commit_stable": 0.0,
    "harm_0p02_commit_perturbed": 0.0,
    "harm_0p05_var_diff": -0.004595933551584885,
    "harm_0p05_var_stable": 0.3284691428810297,
    "harm_0p05_var_perturbed": 0.3238732093294448,
    "harm_0p05_commit_stable": 0.0,
    "harm_0p05_commit_perturbed": 0.0,
    "harm_0p1_var_diff": -0.01541939098053835,
    "harm_0p1_var_stable": 0.32864406011781205,
    "harm_0p1_var_perturbed": 0.3132246691372737,
    "harm_0p1_commit_stable": 0.0,
    "harm_0p1_commit_perturbed": 0.0,
    "fatal_error_count": 0.0
  }
}
