{
  "schema_version": "metrics/v1",
  "values": {
    "mean_d_eff_r1": 20.63958334808056,
    "mean_stab_r1": 0.999569396455203,
    "mean_d_eff_r2": 20.75662774920349,
    "mean_stab_r2": 0.06253999025028475,
    "mean_d_eff_r3": 22.643409886878768,
    "mean_stab_r3": 0.02568719457544537,
    "r3_d_eff_analytic": 22.643409729003906,
    "r3_stab_analytic": 0.025687197223305702,
    "r3_mean_norm": 0.5497732162475586,
    "noise_sigma": 2.0,
    "hopfield_capacity": 64.0,
    "hopfield_patterns_stored": 64.0,
    "n_analysis_steps": 2078.0,
    "alpha_world": 0.9,
    "crit1_pass": 0.0,
    "crit2_pass": 1.0,
    "crit3_pass": 0.0,
    "crit4_pass": 1.0,
    "criteria_met": 2.0
  }
}
