{
  "schema_version": "metrics/v1",
  "values": {
    "gradient_gap_approach_none_mean": 0.0030208533947879146,
    "gradient_gap_approach_none_sem": 0.0010750335147935656,
    "gradient_harm_eval_auc_mean": 0.6477056672157206,
    "gradient_harm_eval_auc_sem": 0.013753513862053438,
    "flat_harm_eval_auc_mean": 0.5010085046887582,
    "flat_harm_eval_auc_sem": 0.00862873785824215,
    "discriminative_auc_advantage": 0.1466971625269624,
    "c1_threshold": 0.08,
    "c2_threshold": 0.6,
    "c3_advantage": 0.05,
    "c1_pass": 0.0,
    "c2_pass": 1.0,
    "c3_pass": 1.0,
    "n_seeds": 5.0,
    "n_grad_approach_total": 1298.0,
    "n_grad_contact_total": 195.0,
    "n_none_total": 843.0,
    "warmup_episodes": 200.0,
    "eval_episodes": 50.0
  }
}
