{
  "schema_version": "metrics/v1",
  "values": {
    "pearson_r_harm_vardiff": NaN,
    "monotone_increases": 0.0,
    "levels_above_threshold": 0.0,
    "levels_correct_commit": 0.0,
    "fatal_total": 0.0,
    "crit1_pass": 0.0,
    "crit2_pass": 0.0,
    "crit3_pass": 0.0,
    "crit4_pass": 0.0,
    "crit5_pass": 1.0,
    "criteria_met": 1.0,
    "harm_0p005_var_diff": 3.165581832331732e-06,
    "harm_0p005_var_stable": 0.4034567827281729,
    "harm_0p005_var_perturbed": 0.40345994831000526,
    "harm_0p005_commit_stable": 0.0,
    "harm_0p005_commit_perturbed": 0.0,
    "harm_0p01_var_diff": 3.165581832331732e-06,
    "harm_0p01_var_stable": 0.4034567827281729,
    "harm_0p01_var_perturbed": 0.40345994831000526,
    "harm_0p01_commit_stable": 0.0,
    "harm_0p01_commit_perturbed": 0.0,
    "harm_0p02_var_diff": 3.165581832331732e-06,
    "harm_0p02_var_stable": 0.4034567827281729,
    "harm_0p02_var_perturbed": 0.40345994831000526,
    "harm_0p02_commit_stable": 0.0,
    "harm_0p02_commit_perturbed": 0.0,
    "harm_0p05_var_diff": 3.165581832331732e-06,
    "harm_0p05_var_stable": 0.4034567827281729,
    "harm_0p05_var_perturbed": 0.40345994831000526,
    "harm_0p05_commit_stable": 0.0,
    "harm_0p05_commit_perturbed": 0.0,
    "harm_0p1_var_diff": 3.165581832331732e-06,
    "harm_0p1_var_stable": 0.4034567827281729,
    "harm_0p1_var_perturbed": 0.40345994831000526,
    "harm_0p1_commit_stable": 0.0,
    "harm_0p1_commit_perturbed": 0.0
  }
}
