{
  "schema_version": "metrics/v1",
  "values": {
    "c1_pass": 0.0,
    "c2_pass": 0.0,
    "c3_pass": 0.0,
    "criteria_met": 0.0,
    "goal_norm_active_seed0": 0.05797578868960103,
    "goal_norm_ablated_seed0": 0.044235755745120245,
    "benefit_goal_corr_seed0": -0.052221995801610153,
    "benefit_rate_active_seed0": 0.032224562281559135,
    "norm_diff_seed0": 0.013740032944480784,
    "goal_norm_active_seed1": 0.07866872277829245,
    "goal_norm_ablated_seed1": 0.06085374992337481,
    "benefit_goal_corr_seed1": 0.06184120651026328,
    "benefit_rate_active_seed1": 0.033938351092647194,
    "norm_diff_seed1": 0.017814972854917642,
    "goal_norm_active_seed2": 0.023411573165685064,
    "goal_norm_ablated_seed2": 0.017180076075548344,
    "benefit_goal_corr_seed2": 0.1765175872616355,
    "benefit_rate_active_seed2": 0.02332336093503233,
    "norm_diff_seed2": 0.00623149709013672
  }
}
