{
  "schema_version": "metrics/v1",
  "values": {
    "hf_r2_mean": 0.90390944480896,
    "hf_r2_std": 0.010842851887699869,
    "attribution_gap_mean": 0.09642675090376604,
    "attribution_gap_std": 0.013840215815388555,
    "intact_approach_mean": 0.00789900278010269,
    "intact_none_mean": -0.08852774812366336,
    "intact_env_mean": 0.035101389846257755,
    "intact_agent_mean": -0.013420837789705771,
    "ablated_approach_mean": 0.0017946076330632153,
    "intact_vs_ablated_mean": 0.006104395147039473,
    "null_cf_max_mean": 0.0,
    "n_approach_mean": 789.5,
    "c3_seeds_pass": 4.0,
    "c6_seeds_pass": 4.0,
    "criteria_met": 6.0,
    "n_seeds": 4.0,
    "seed42_hf_r2": 0.9087891578674316,
    "seed42_attribution_gap": 0.08428050224679186,
    "seed42_intact_approach": 0.008100147787580622,
    "seed42_intact_none": -0.07618035445921123,
    "seed42_ablated_approach": 0.007924727248424229,
    "seed42_intact_vs_ablated": 0.00017542053915639393,
    "seed42_null_cf_max": 0.0,
    "seed42_n_approach": 752.0,
    "seed7_hf_r2": 0.889481782913208,
    "seed7_attribution_gap": 0.11979465511568921,
    "seed7_intact_approach": 0.010955052104923884,
    "seed7_intact_none": -0.10883960301076533,
    "seed7_ablated_approach": 0.002474139256359976,
    "seed7_intact_vs_ablated": 0.008480912848563907,
    "seed7_null_cf_max": 0.0,
    "seed7_n_approach": 782.0,
    "seed123_hf_r2": 0.9184997081756592,
    "seed123_attribution_gap": 0.09301287725354412,
    "seed123_intact_approach": 0.0072243764349132385,
    "seed123_intact_none": -0.08578850081863089,
    "seed123_ablated_approach": -0.002125555092594802,
    "seed123_intact_vs_ablated": 0.00934993152750804,
    "seed123_null_cf_max": 0.0,
    "seed123_n_approach": 843.0,
    "seed13_hf_r2": 0.898867130279541,
    "seed13_attribution_gap": 0.08861896899903901,
    "seed13_intact_approach": 0.005316434792993011,
    "seed13_intact_none": -0.083302534206046,
    "seed13_ablated_approach": -0.001094880879936542,
    "seed13_intact_vs_ablated": 0.006411315672929553,
    "seed13_null_cf_max": 0.0,
    "seed13_n_approach": 781.0
  }
}
