{
  "schema_version": "experiment_pack_metrics/v1",
  "values": {
    "fatal_error_count": 0.0,
    "warmup_harm_events": 755.0,
    "warmup_benefit_events": 113.0,
    "harm_dim": 16.0,
    "calibration_gap": -0.012116863718559967,
    "mean_net_eval_near_hazard": -0.22991484981725818,
    "mean_net_eval_safe": -0.21779798609869822,
    "z_harm_selectivity_margin": 0.010541206833238004,
    "mean_z_harm_norm_near": 0.5155728342498487,
    "mean_z_harm_norm_safe": 0.5050316274166107,
    "mean_z_world_norm_near": 0.5299441257329403,
    "mean_z_world_norm_safe": 0.5316562686647688,
    "n_near_hazard_probes": 482.0,
    "n_safe_probes": 35.0,
    "net_eval_pred_std": 0.015251822769641876,
    "crit1_pass": 0.0,
    "crit2_pass": 1.0,
    "crit3_pass": 1.0,
    "crit4_pass": 1.0,
    "criteria_met": 4.0
  }
}
