{
  "schema_version": "experiment_pack_metrics/v1",
  "values": {
    "latent_prediction_error_mean": 0.18507038330922673,
    "latent_prediction_error_p95": 0.36249017058352184,
    "latent_rollout_consistency_rate": 0.7843334888986555,
    "e1_e2_timescale_separation_ratio": 1.6627482994216383,
    "representation_drift_rate": 0.03945367799362905,
    "fatal_error_count": 0
  }
}
