{
  "schema_version": "experiment_pack_metrics/v1",
  "values": {
    "alpha_world": 0.9,
    "world_forward_r2": 0.9469841122627258,
    "advantage_sig_none": 0.007827542724338145,
    "advantage_sig_approach": 0.005600030735209959,
    "advantage_sig_contact": 0.005531502887606621,
    "n_none": 24683.0,
    "n_approach": 398.0,
    "n_contact": 24.0,
    "train_contact_events": 322.0,
    "train_approach_events": 5886.0,
    "crit1_pass": 0.0,
    "crit2_pass": 1.0,
    "crit3_pass": 1.0,
    "crit4_pass": 0.0,
    "criteria_met": 2.0,
    "fatal_error_count": 0.0,
    "advantage_sig_ttype_hazard_approach": 0.005600030735209959,
    "advantage_sig_ttype_agent_caused_hazard": 0.005612148592869441,
    "advantage_sig_ttype_none": 0.007827542724338145,
    "advantage_sig_ttype_resource": 0.0051411887009938555,
    "advantage_sig_ttype_env_caused_hazard": 0.005450857182343801
  }
}
