{
  "schema_version": "metrics/v1",
  "values": {
    "gp_resource_rate": 0.19333333333333336,
    "gp_mean_resources": 0.23666666666666666,
    "gp_mean_benefit": 0.0035266017251612248,
    "gp_harm_rate": 0.18624366043415805,
    "gp_benefit_eval_auc": 0.5386758016711022,
    "gp_goal_norm_final": 0.2961593170960744,
    "ga_resource_rate": 0.17,
    "ga_mean_resources": 0.21,
    "ga_mean_benefit": 0.0017021083381731665,
    "ga_harm_rate": 0.12567560908089745,
    "resource_lift": 0.023333333333333345,
    "benefit_ratio": 2.0719020323619617,
    "harm_ratio": 1.48193958872539,
    "benefit_weight": 1.0,
    "goal_weight": 1.0,
    "n_seeds": 3.0,
    "crit1_pass": 0.0,
    "crit2_pass": 1.0,
    "crit3_pass": 0.0,
    "crit4_pass": 1.0,
    "criteria_met": 2.0
  }
}
