{
  "schema_version": "experiment_pack_metrics/v1",
  "values": {
    "fatal_error_count": 0.0,
    "warmup_harm_events": 819.0,
    "warmup_benefit_events": 244.0,
    "mean_recon_loss": 0.03480740850825174,
    "mean_e2_world_loss": 0.0003177384463975976,
    "e2_rollout_steps": 5.0,
    "trained_calibration_gap": 0.0006843730807304382,
    "random_calibration_gap": 0.00037336481074503095,
    "trained_mean_near_hazard": 0.0018740269270810213,
    "trained_mean_safe": 0.001189653846350583,
    "random_mean_near_hazard": -0.0002222333939708009,
    "random_mean_safe": -0.0005955982047158319,
    "n_near_hazard_probes": 231.0,
    "n_safe_probes": 66.0,
    "trained_net_eval_std": 0.01576577126979828,
    "trained_net_eval_degenerate": 0.0,
    "crit1_pass": 0.0,
    "crit2_pass": 1.0,
    "crit3_pass": 1.0,
    "crit4_pass": 1.0,
    "crit5_pass": 1.0,
    "crit6_pass": 1.0,
    "crit7_pass": 1.0,
    "criteria_met": 6.0
  }
}
