{
  "schema_version": "metrics/v1",
  "values": {
    "latent_fwd_r2_mean": 0.6213805973529816,
    "delta_approach_mean": -0.48859612387714657,
    "causal_approach_trained_mean": 0.002803803594649527,
    "causal_none_trained_mean": -0.020047956533998084,
    "causal_contact_trained_mean": 0.012984151178990058,
    "causal_approach_ablated_mean": 0.4913999274717961,
    "n_approach_eval_mean": 394.25,
    "crit1_pass": 1.0,
    "crit2_pass": 0.0,
    "crit3_pass": 1.0,
    "crit4_pass": 1.0,
    "crit5_pass": 1.0,
    "crit6_pass": 0.0
  }
}
