{
  "schema_version": "metrics/v1",
  "values": {
    "alpha_world": 0.9,
    "world_forward_r2": 0.9503878355026245,
    "causal_sig_none": 0.01270623674759498,
    "causal_sig_approach": 0.03518294231721183,
    "causal_sig_contact": 0.10377473160624504,
    "calibration_gap_approach": 0.03958602362425623,
    "mean_harm_eval_none": 0.6305312009958121,
    "n_approach_eval": 1133.0,
    "n_contact_eval": 64.0,
    "n_none_eval": 130.0,
    "crit1_pass": 1.0,
    "crit2_pass": 0.0,
    "crit3_pass": 0.0,
    "crit4_pass": 1.0,
    "crit5_pass": 1.0,
    "criteria_met": 3.0,
    "fatal_error_count": 0.0
  }
}
