{
  "schema_version": "metrics/v1",
  "values": {
    "gap_fusion_on": 0.02176480312166612,
    "gap_fusion_ablated": 0.021768125057039123,
    "delta_gap": -3.3219353730018497e-06,
    "n_harm_eval_min": 533.0,
    "n_seeds": 2.0,
    "aud_dim": 8.0,
    "nav_bias": 0.4,
    "alpha_world": 0.9,
    "per_seed_delta_min": -1.7801877814860312e-05,
    "per_seed_delta_max": 1.1158007068856612e-05,
    "crit1_pass": 0.0,
    "crit2_pass": 0.0,
    "crit3_pass": 1.0,
    "crit4_pass": 1.0,
    "crit5_pass": 1.0,
    "criteria_met": 3.0
  }
}
