{
  "schema_version": "metrics/v1",
  "values": {
    "cosine_sim_supervised_mean": 1.0,
    "cosine_sim_ablated_mean": 0.9999999761581421,
    "mean_cosine_diff": -2.384185793236071e-08,
    "terrain_accuracy_supervised_mean": 0.6043172240257263,
    "terrain_accuracy_ablated_mean": 0.6043172240257263,
    "c1_pass": 0,
    "c2_pass": 0,
    "c3_pass": 1,
    "c4_pass": 1,
    "c1_seeds_pass": 0,
    "c3_seeds_pass": 4,
    "c4_seeds_pass": 5,
    "n_seeds": 5,
    "lambda_supervised": 0.5,
    "warmup_episodes": 500,
    "cosine_sim_supervised_per_seed": [
      0.9999999403953552,
      0.9999999403953552,
      0.9999999403953552,
      0.9999999403953552,
      1.000000238418579
    ],
    "cosine_sim_ablated_per_seed": [
      1.0,
      1.0,
      1.0,
      0.9999999403953552,
      0.9999999403953552
    ],
    "terrain_accuracy_supervised_per_seed": [
      0.7054010033607483,
      0.5979557037353516,
      0.5501567125320435,
      0.5099667906761169,
      0.6581059098243713
    ],
    "terrain_accuracy_ablated_per_seed": [
      0.7054010033607483,
      0.5979557037353516,
      0.5501567125320435,
      0.5099667906761169,
      0.6581059098243713
    ]
  }
}
