{
  "schema_version": "metrics/v1",
  "values": {
    "gap_world_split": 0.009484627746142726,
    "gap_world_unified": 0.006184183764282758,
    "delta_approach_gap_world": 0.0033004439818599685,
    "gap_self_split": 0.0010947314506960515,
    "gap_self_unified": 0.0017164820888440069,
    "delta_approach_gap_self": -0.0006217506381479554,
    "n_approach_min": 446.0,
    "n_seeds": 2.0,
    "alpha_world": 0.9,
    "nav_bias": 0.4,
    "crit1_pass": 0.0,
    "crit2_pass": 0.0,
    "crit3_pass": 1.0,
    "crit4_pass": 0.0,
    "crit5_pass": 1.0,
    "criteria_met": 2.0
  }
}
