{
  "schema_version": "experiment_pack_metrics/v1",
  "values": {
    "fatal_error_count": 0.0,
    "n_samples": 1680.0,
    "hazard_adj_base_rate": 0.3660714328289032,
    "hazard_adj_train_acc": 0.7321428656578064,
    "hazard_adj_test_acc": 0.6934523582458496,
    "hazard_adj_untrained_test_acc": 0.7202380895614624,
    "position_x_train_r2": 0.8039387351896092,
    "position_x_test_r2": 0.8002941190346636,
    "position_x_untrained_test_r2": 0.819485087122772,
    "position_y_train_r2": 0.6139969267879202,
    "position_y_test_r2": 0.5565431466392434,
    "position_y_untrained_test_r2": 0.5764788879937277,
    "warmup_harm_events": 819.0,
    "crit1_pass": 0.0,
    "crit2_pass": 1.0,
    "crit3_pass": 1.0,
    "crit4_pass": 1.0,
    "crit5_pass": 1.0,
    "criteria_met": 4.0
  }
}
