{
  "schema_version": "metrics/v1",
  "values": {
    "harm_event_auc_three": 0.8579837422271789,
    "harm_event_auc_two": 0.896373170339055,
    "auc_delta": -0.03838942811187607,
    "z_world_harm_r2_three": 0.0,
    "z_world_harm_r2_two": 0.0,
    "r2_ratio": 0.0,
    "harm_avoidance_three": 0.00807156942350079,
    "harm_avoidance_two": 0.00807156942350079,
    "avoidance_delta": 0.0,
    "crit1_pass": 0.0,
    "crit2_pass": 1.0,
    "crit3_pass": 1.0,
    "criteria_met": 2.0,
    "n_seeds": 2.0,
    "alpha_world": 0.9,
    "harm_dim": 16.0,
    "proximity_harm_scale": 0.05
  }
}
