{
  "status": "FAIL",
  "metrics": {
    "agg_stable_z_beta": 0.54304146160086,
    "agg_volatile_z_beta": 0.6714993180935581,
    "agg_stable_rv": 0.005460793240225931,
    "agg_volatile_rv": 0.005160225390044824,
    "agg_c1_delta": 0.12845785649269817,
    "c1_majority_pass": 0.0,
    "agg_c2_r_best": 0.08878208934152909,
    "c2_majority_pass": 0.0,
    "agg_c3_delta": 0.019304163004582153,
    "c3_majority_pass": 0.0,
    "criteria_met": 0.0,
    "n_seeds": 2.0,
    "volatility_signal_dim": 1.0,
    "alpha_world": 0.9,
    "use_event_classifier": 1.0,
    "nav_bias": 0.45,
    "n_train_episodes": 500.0,
    "n_eval_episodes": 50.0,
    "steps_per_episode": 200.0,
    "elapsed_seconds": 5468.144690990448,
    "seed_42_c1_delta": 0.2424433305844665,
    "seed_42_c1_pass": 1.0,
    "seed_42_c2_r_stable": 0.22521099771626202,
    "seed_42_c2_r_volatile": -0.044694493973748,
    "seed_42_c2_r_best": 0.22521099771626202,
    "seed_42_c2_pass": 0.0,
    "seed_42_c3_delta": -0.00043342870970564107,
    "seed_42_c3_pass": 0.0,
    "seed_123_c1_delta": 0.01447238240092985,
    "seed_123_c1_pass": 0.0,
    "seed_123_c2_r_stable": -0.04764681903320385,
    "seed_123_c2_r_volatile": -0.06274381797693294,
    "seed_123_c2_r_best": -0.04764681903320385,
    "seed_123_c2_pass": 0.0,
    "seed_123_c3_delta": 0.03904175471886995,
    "seed_123_c3_pass": 1.0
  },
  "summary_markdown": "# V3-EXQ-200 -- Q-007 z_beta Volatility Pathway\n\n**Status:** FAIL\n**Claims:** Q-007\n**Supersedes:** V3-EXQ-051c\n\n## Key Config\n\n- volatility_signal_dim=1 (rv -> z_beta encoder pathway)\n- alpha_world=0.9 (SD-008)\n- use_event_classifier=True (SD-009)\n- CausalGridWorldV2 size=6, hazards=4, nav_bias=0.45\n- Seeds: [42, 123]\n\n## Aggregate Results (2 seeds)\n\n| Condition | mean_rv | mean_z_beta |\n|---|---|---|\n| Stable (drift=0.05) | 0.0055 | 0.5430 |\n| Volatile (drift=0.3) | 0.0052 | 0.6715 |\n\n## PASS Criteria\n\n| Criterion | Result | Seeds passing |\n|---|---|---|\n| C1: volatile z_beta > stable + 0.05 (delta=+0.1285) | FAIL | 1/2 |\n| C2: Pearson r(rv, z_beta) > 0.3 (r=0.0888) | FAIL | 0/2 |\n| C3: transfer rise > 0.02 (delta=+0.0193) | FAIL | 1/2 |\n\nCriteria met: 0/3 -> **FAIL**\n",
  "claim_ids": [
    "Q-007"
  ],
  "evidence_direction": "weakens",
  "experiment_type": "v3_exq_200_q007_zbeta_volatility_pathway",
  "supersedes": "v3_exq_051c_q007_zbeta_volatility_injection",
  "fatal_error_count": 0,
  "run_timestamp": "20260402T221947Z",
  "claim": "Q-007",
  "verdict": "FAIL",
  "run_id": "v3_exq_200_q007_zbeta_volatility_pathway_20260402T221947Z_v3",
  "architecture_epoch": "ree_hybrid_guardrails_v1"
}
