{
  "schema_version": "metrics/v1",
  "values": {
    "grid_mean_high": 1.7785151590824129,
    "grid_mean_low": 0.5900308503389359,
    "local_raw_mean_high": 1.9064058871746064,
    "local_raw_mean_low": 0.6340279085993766,
    "autocorr_lag10_high": 0.6092292976245263,
    "autocorr_lag10_low": 0.649471804386401,
    "crit1_grid_scaling": 1.0,
    "crit3_raw_density": 1.0,
    "crit4_autocorr": 1.0,
    "crit5_no_errors": 1.0,
    "criteria_met": 4.0
  }
}
