{
  "run_id": "v3_exq_433a_sd029_eventcond_comparator_scripted_20260419T161931Z_v3",
  "experiment_type": "v3_exq_433a_sd029_eventcond_comparator_scripted",
  "architecture_epoch": "ree_hybrid_guardrails_v1",
  "claim_ids": [
    "SD-029",
    "MECH-256"
  ],
  "experiment_purpose": "evidence",
  "supersedes": "v3_exq_433_sd029_eventcond_comparator",
  "evidence_direction_per_claim": {
    "SD-029": "does_not_support",
    "MECH-256": "supports"
  },
  "evidence_direction": "does_not_support",
  "outcome": "FAIL",
  "criteria": {
    "c1_forward_r2_pass": true,
    "c1_vals": [
      0.984423058383399,
      0.9970357613153242,
      0.9982450629663824,
      0.9997756030421002
    ],
    "c1_seeds_pass": 4,
    "c2_attenuation_ratio_pass": false,
    "c2_vals": [
      1.046308526136203,
      1.1367068809835115,
      1.0922375033520937,
      0.9544215516709242
    ],
    "c2_seeds_pass": 0,
    "c3_approach_snr_pass": true,
    "c3_vals": [
      569.6257360194248,
      76.13577696696481,
      298.9070764537832,
      962.4311338412704
    ],
    "c3_seeds_pass": 4,
    "c4_event_density_pass": true,
    "c4_details": [
      {
        "seed": 7,
        "n_self": 30,
        "n_ext": 30,
        "ok": true
      },
      {
        "seed": 13,
        "n_self": 30,
        "n_ext": 30,
        "ok": true
      },
      {
        "seed": 42,
        "n_self": 30,
        "n_ext": 30,
        "ok": true
      },
      {
        "seed": 91,
        "n_self": 30,
        "n_ext": 30,
        "ok": true
      }
    ],
    "c4_seeds_pass": 4,
    "overall_pass": false
  },
  "results_per_condition": [
    {
      "seed": 42,
      "condition": "TRAINED",
      "forward_r2": 0.9982450629663824,
      "residual_means": {
        "env_caused_hazard": 0.21590780566136042,
        "agent_caused_hazard": 0.23582260260979335,
        "hazard_approach": 0.19359177450339,
        "none": 0.2250243584314982
      },
      "residual_stds": {
        "env_caused_hazard": 0.04089587506415775,
        "agent_caused_hazard": 0.04182431668198433,
        "hazard_approach": 0.009498667661067021,
        "none": 0.0006476654109369104
      },
      "event_counts": {
        "env_caused_hazard": 30,
        "agent_caused_hazard": 30,
        "hazard_approach": 30,
        "none": 30
      },
      "env_label_match": {
        "env_caused_hazard": 30,
        "agent_caused_hazard": 30,
        "hazard_approach": 30,
        "none": 0
      },
      "attenuation_ratio": 1.0922375033520937,
      "approach_snr": 298.9070764537832,
      "trials_per_type": 30
    },
    {
      "seed": 7,
      "condition": "TRAINED",
      "forward_r2": 0.984423058383399,
      "residual_means": {
        "env_caused_hazard": 0.18360296140114465,
        "agent_caused_hazard": 0.19210534393787385,
        "hazard_approach": 0.1491526280840238,
        "none": 0.17760974168777466
      },
      "residual_stds": {
        "env_caused_hazard": 0.07113735085738684,
        "agent_caused_hazard": 0.07514108941304427,
        "hazard_approach": 0.006675448557017521,
        "none": 0.000261843204498291
      },
      "event_counts": {
        "env_caused_hazard": 30,
        "agent_caused_hazard": 30,
        "hazard_approach": 30,
        "none": 30
      },
      "env_label_match": {
        "env_caused_hazard": 30,
        "agent_caused_hazard": 30,
        "hazard_approach": 30,
        "none": 0
      },
      "attenuation_ratio": 1.046308526136203,
      "approach_snr": 569.6257360194248,
      "trials_per_type": 30
    },
    {
      "seed": 13,
      "condition": "TRAINED",
      "forward_r2": 0.9970357613153242,
      "residual_means": {
        "env_caused_hazard": 0.171749551097552,
        "agent_caused_hazard": 0.19522889653841655,
        "hazard_approach": 0.20611540824174882,
        "none": 0.22639618515968324
      },
      "residual_stds": {
        "env_caused_hazard": 0.04168045565549327,
        "agent_caused_hazard": 0.03912760305273439,
        "hazard_approach": 0.022769656473436494,
        "none": 0.0027072083119501354
      },
      "event_counts": {
        "env_caused_hazard": 30,
        "agent_caused_hazard": 30,
        "hazard_approach": 30,
        "none": 30
      },
      "env_label_match": {
        "env_caused_hazard": 30,
        "agent_caused_hazard": 30,
        "hazard_approach": 30,
        "none": 0
      },
      "attenuation_ratio": 1.1367068809835115,
      "approach_snr": 76.13577696696481,
      "trials_per_type": 30
    },
    {
      "seed": 91,
      "condition": "TRAINED",
      "forward_r2": 0.9997756030421002,
      "residual_means": {
        "env_caused_hazard": 0.32635763386885325,
        "agent_caused_hazard": 0.3114827593167623,
        "hazard_approach": 0.3145259211460749,
        "none": 0.2991408179203669
      },
      "residual_stds": {
        "env_caused_hazard": 0.03392762830395174,
        "agent_caused_hazard": 0.029330476846473295,
        "hazard_approach": 0.010868396562943366,
        "none": 0.0003268035603656483
      },
      "event_counts": {
        "env_caused_hazard": 30,
        "agent_caused_hazard": 30,
        "hazard_approach": 30,
        "none": 30
      },
      "env_label_match": {
        "env_caused_hazard": 30,
        "agent_caused_hazard": 30,
        "hazard_approach": 30,
        "none": 0
      },
      "attenuation_ratio": 0.9544215516709242,
      "approach_snr": 962.4311338412704,
      "trials_per_type": 30
    }
  ],
  "config": {
    "seeds": [
      42,
      7,
      13,
      91
    ],
    "conditions": [
      "TRAINED"
    ],
    "p0_episodes": 80,
    "p1_episodes": 100,
    "trials_per_type": 30,
    "steps_per_ep": 200,
    "grid_size": 8,
    "num_hazards": 4,
    "hazard_harm": 0.3,
    "interventional_fraction": 0.5,
    "c1_forward_r2_thresh": 0.9,
    "c2_ratio_low": 0.3,
    "c2_ratio_high": 0.7,
    "c3_approach_snr_thresh": 3.0,
    "c4_min_events_per_type": 20,
    "min_seeds_pass": 3,
    "eval_protocol": "scripted_fixed_action_per_trial"
  },
  "timestamp_utc": "20260419T161931Z"
}