{
  "status": "FAIL",
  "metrics": {
    "alpha_world": 0.9,
    "alpha_world_std": 0.0,
    "proximity_scale": 0.05,
    "proximity_scale_std": 0.0,
    "z_harm_dim": 32.0,
    "z_harm_dim_std": 0.0,
    "harm_forward_r2": 0.9137736409902573,
    "harm_forward_r2_std": 0.006035272545129092,
    "mean_delta_none": 0.3471652253423273,
    "mean_delta_none_std": 0.012913050155657578,
    "mean_delta_approach": 0.3251506331604522,
    "mean_delta_approach_std": 0.04179752085424055,
    "mean_delta_env_hazard": 0.40959176585976304,
    "mean_delta_env_hazard_std": 0.0702322214264414,
    "mean_delta_agent_hazard": 0.33020611665133887,
    "mean_delta_agent_hazard_std": 0.01724193375215705,
    "mean_causal_sig_none": -0.07825240040092475,
    "mean_causal_sig_none_std": 0.003159065024256632,
    "mean_causal_sig_approach": 0.005511534138194272,
    "mean_causal_sig_approach_std": 0.0011118502634280814,
    "mean_causal_sig_env_hazard": 0.05011282839280154,
    "mean_causal_sig_env_hazard_std": 0.027687039184968298,
    "mean_causal_sig_agent_hazard": 0.008602234039591525,
    "mean_causal_sig_agent_hazard_std": 0.010379563374441217,
    "attribution_gap": -0.04460129425460727,
    "attribution_gap_std": 0.026736334335971577,
    "n_approach_eval": 820.75,
    "n_approach_eval_std": 11.96609794377432,
    "n_env_hazard_eval": 14.25,
    "n_env_hazard_eval_std": 1.479019945774904,
    "n_agent_hazard_eval": 32.0,
    "n_agent_hazard_eval_std": 3.5355339059327378,
    "n_none_eval": 74.0,
    "n_none_eval_std": 13.285330255586423,
    "train_approach_events": 6445.25,
    "train_approach_events_std": 70.42149884800806,
    "train_contact_events": 364.25,
    "train_contact_events_std": 11.712706775122479,
    "crit1_pass": 0.0,
    "crit1_pass_std": 0.0,
    "crit2_pass": 1.0,
    "crit2_pass_std": 0.0,
    "crit3_pass": 0.5,
    "crit3_pass_std": 0.5,
    "crit4_pass": 1.0,
    "crit4_pass_std": 0.0,
    "crit5_pass": 1.0,
    "crit5_pass_std": 0.0,
    "criteria_met": 3.5,
    "criteria_met_std": 0.5,
    "seeds_pass": 0.0,
    "seeds_total": 4.0,
    "c6_seed_consistency": 1.0
  },
  "per_seed": [
    {
      "seed": 42,
      "status": "FAIL",
      "metrics": {
        "alpha_world": 0.9,
        "proximity_scale": 0.05,
        "z_harm_dim": 32.0,
        "harm_forward_r2": 0.915702223777771,
        "mean_delta_none": 0.34482909455185845,
        "mean_delta_approach": 0.2992105613222825,
        "mean_delta_env_hazard": 0.42020330880768597,
        "mean_delta_agent_hazard": 0.33857581346866583,
        "mean_causal_sig_none": -0.08125574804014629,
        "mean_causal_sig_approach": 0.006453394060006399,
        "mean_causal_sig_env_hazard": 0.06252510193735361,
        "mean_causal_sig_agent_hazard": 0.025341734530464295,
        "attribution_gap": -0.056071707877347214,
        "n_approach_eval": 835.0,
        "n_env_hazard_eval": 16.0,
        "n_agent_hazard_eval": 31.0,
        "n_none_eval": 63.0,
        "train_approach_events": 6381.0,
        "train_contact_events": 371.0,
        "crit1_pass": 0.0,
        "crit2_pass": 1.0,
        "crit3_pass": 1.0,
        "crit4_pass": 1.0,
        "crit5_pass": 1.0,
        "criteria_met": 4.0
      },
      "failure_notes": [
        "C1 FAIL: attribution_gap=-0.056072 <= 0"
      ]
    },
    {
      "seed": 7,
      "status": "FAIL",
      "metrics": {
        "alpha_world": 0.9,
        "proximity_scale": 0.05,
        "z_harm_dim": 32.0,
        "harm_forward_r2": 0.9036223888397217,
        "mean_delta_none": 0.3274650985497187,
        "mean_delta_approach": 0.2845990099432004,
        "mean_delta_env_hazard": 0.30690288363645474,
        "mean_delta_agent_hazard": 0.3004375507027425,
        "mean_causal_sig_none": -0.08156296036771087,
        "mean_causal_sig_approach": 0.004647404580169189,
        "mean_causal_sig_env_hazard": 0.012644745906194051,
        "mean_causal_sig_agent_hazard": 0.009139663700399727,
        "attribution_gap": -0.007997341326024861,
        "n_approach_eval": 811.0,
        "n_env_hazard_eval": 15.0,
        "n_agent_hazard_eval": 29.0,
        "n_none_eval": 61.0,
        "train_approach_events": 6519.0,
        "train_contact_events": 344.0,
        "crit1_pass": 0.0,
        "crit2_pass": 1.0,
        "crit3_pass": 0.0,
        "crit4_pass": 1.0,
        "crit5_pass": 1.0,
        "criteria_met": 3.0
      },
      "failure_notes": [
        "C1 FAIL: attribution_gap=-0.007997 <= 0",
        "C3 FAIL: causal_sig_approach=0.004647 <= 0.005"
      ]
    },
    {
      "seed": 123,
      "status": "FAIL",
      "metrics": {
        "alpha_world": 0.9,
        "proximity_scale": 0.05,
        "z_harm_dim": 32.0,
        "harm_forward_r2": 0.9162842631340027,
        "mean_delta_none": 0.35426949220214116,
        "mean_delta_approach": 0.39346952425475235,
        "mean_delta_env_hazard": 0.5047910402839383,
        "mean_delta_agent_hazard": 0.3423130267152661,
        "mean_causal_sig_none": -0.07515089182143515,
        "mean_causal_sig_approach": 0.0067587488572098215,
        "mean_causal_sig_env_hazard": 0.08707912514607112,
        "mean_causal_sig_agent_hazard": -0.0008093669618430891,
        "attribution_gap": -0.0803203762888613,
        "n_approach_eval": 807.0,
        "n_env_hazard_eval": 12.0,
        "n_agent_hazard_eval": 38.0,
        "n_none_eval": 94.0,
        "train_approach_events": 6512.0,
        "train_contact_events": 370.0,
        "crit1_pass": 0.0,
        "crit2_pass": 1.0,
        "crit3_pass": 1.0,
        "crit4_pass": 1.0,
        "crit5_pass": 1.0,
        "criteria_met": 4.0
      },
      "failure_notes": [
        "C1 FAIL: attribution_gap=-0.080320 <= 0"
      ]
    },
    {
      "seed": 13,
      "status": "FAIL",
      "metrics": {
        "alpha_world": 0.9,
        "proximity_scale": 0.05,
        "z_harm_dim": 32.0,
        "harm_forward_r2": 0.9194856882095337,
        "mean_delta_none": 0.362097216065591,
        "mean_delta_approach": 0.32332343712157335,
        "mean_delta_env_hazard": 0.40646983071097303,
        "mean_delta_agent_hazard": 0.339498075718681,
        "mean_causal_sig_none": -0.0750400013744067,
        "mean_causal_sig_approach": 0.004186589055391679,
        "mean_causal_sig_env_hazard": 0.038202340581587384,
        "mean_causal_sig_agent_hazard": 0.000736904889345169,
        "attribution_gap": -0.0340157515261957,
        "n_approach_eval": 830.0,
        "n_env_hazard_eval": 14.0,
        "n_agent_hazard_eval": 30.0,
        "n_none_eval": 78.0,
        "train_approach_events": 6369.0,
        "train_contact_events": 372.0,
        "crit1_pass": 0.0,
        "crit2_pass": 1.0,
        "crit3_pass": 0.0,
        "crit4_pass": 1.0,
        "crit5_pass": 1.0,
        "criteria_met": 3.0
      },
      "failure_notes": [
        "C1 FAIL: attribution_gap=-0.034016 <= 0",
        "C3 FAIL: causal_sig_approach=0.004187 <= 0.005"
      ]
    }
  ],