{
  "status": "FAIL",
  "metrics": {
    "alpha_world": 0.9,
    "alpha_world_std": 0.0,
    "proximity_scale": 0.05,
    "proximity_scale_std": 0.0,
    "z_harm_dim": 32.0,
    "z_harm_dim_std": 0.0,
    "harm_forward_r2": 0.9137692749500275,
    "harm_forward_r2_std": 0.006596110351449526,
    "mean_delta_none": 0.3456619819667308,
    "mean_delta_none_std": 0.016702225063627053,
    "mean_delta_approach": 0.3256036944114894,
    "mean_delta_approach_std": 0.04301374396449046,
    "mean_delta_env_hazard": 0.41101776380369087,
    "mean_delta_env_hazard_std": 0.07278997099578548,
    "mean_delta_agent_hazard": 0.33061391062948803,
    "mean_delta_agent_hazard_std": 0.019878546782302043,
    "mean_causal_sig_none": -0.0783800209688109,
    "mean_causal_sig_none_std": 0.0064431406904121025,
    "mean_causal_sig_approach": 0.005829674867745283,
    "mean_causal_sig_approach_std": 0.0012144782645957149,
    "mean_causal_sig_env_hazard": 0.05199342486337714,
    "mean_causal_sig_env_hazard_std": 0.027547228450380094,
    "mean_causal_sig_agent_hazard": 0.008153731648777512,
    "mean_causal_sig_agent_hazard_std": 0.010837516667930015,
    "attribution_gap": -0.04616374999563186,
    "attribution_gap_std": 0.026818023789440423,
    "n_approach_eval": 820.75,
    "n_approach_eval_std": 11.96609794377432,
    "n_env_hazard_eval": 14.25,
    "n_env_hazard_eval_std": 1.479019945774904,
    "n_agent_hazard_eval": 32.0,
    "n_agent_hazard_eval_std": 3.5355339059327378,
    "n_none_eval": 74.0,
    "n_none_eval_std": 13.285330255586423,
    "train_approach_events": 6445.25,
    "train_approach_events_std": 70.42149884800806,
    "train_contact_events": 364.25,
    "train_contact_events_std": 11.712706775122479,
    "crit1_pass": 0.0,
    "crit1_pass_std": 0.0,
    "crit2_pass": 1.0,
    "crit2_pass_std": 0.0,
    "crit3_pass": 0.75,
    "crit3_pass_std": 0.4330127018922193,
    "crit4_pass": 1.0,
    "crit4_pass_std": 0.0,
    "crit5_pass": 1.0,
    "crit5_pass_std": 0.0,
    "criteria_met": 3.75,
    "criteria_met_std": 0.4330127018922193,
    "seeds_pass": 0.0,
    "seeds_total": 4.0,
    "c6_seed_consistency": 1.0
  },
  "per_seed": [
    {
      "seed": 42,
      "status": "FAIL",
      "metrics": {
        "alpha_world": 0.9,
        "proximity_scale": 0.05,
        "z_harm_dim": 32.0,
        "harm_forward_r2": 0.9157899618148804,
        "mean_delta_none": 0.3491247193444343,
        "mean_delta_approach": 0.30141326682586334,
        "mean_delta_env_hazard": 0.41984581877477467,
        "mean_delta_agent_hazard": 0.3424233127565634,
        "mean_causal_sig_none": -0.08606132888604724,
        "mean_causal_sig_approach": 0.007159854596603416,
        "mean_causal_sig_env_hazard": 0.06697324709966779,
        "mean_causal_sig_agent_hazard": 0.026283198546978734,
        "attribution_gap": -0.059813392503064375,
        "n_approach_eval": 835.0,
        "n_env_hazard_eval": 16.0,
        "n_agent_hazard_eval": 31.0,
        "n_none_eval": 63.0,
        "train_approach_events": 6381.0,
        "train_contact_events": 371.0,
        "crit1_pass": 0.0,
        "crit2_pass": 1.0,
        "crit3_pass": 1.0,
        "crit4_pass": 1.0,
        "crit5_pass": 1.0,
        "criteria_met": 4.0
      },
      "failure_notes": [
        "C1 FAIL: attribution_gap=-0.059813 <= 0"
      ]
    },
    {
      "seed": 7,
      "status": "FAIL",
      "metrics": {
        "alpha_world": 0.9,
        "proximity_scale": 0.05,
        "z_harm_dim": 32.0,
        "harm_forward_r2": 0.9026310443878174,
        "mean_delta_none": 0.3174417449283551,
        "mean_delta_approach": 0.2829182183090942,
        "mean_delta_env_hazard": 0.3091171252851685,
        "mean_delta_agent_hazard": 0.2964423855702425,
        "mean_causal_sig_none": -0.08344629834421345,
        "mean_causal_sig_approach": 0.005624863630305383,
        "mean_causal_sig_env_hazard": 0.015956090887387593,
        "mean_causal_sig_agent_hazard": 0.006684947630454754,
        "attribution_gap": -0.01033122725708221,
        "n_approach_eval": 811.0,
        "n_env_hazard_eval": 15.0,
        "n_agent_hazard_eval": 29.0,
        "n_none_eval": 61.0,
        "train_approach_events": 6519.0,
        "train_contact_events": 344.0,
        "crit1_pass": 0.0,
        "crit2_pass": 1.0,
        "crit3_pass": 1.0,
        "crit4_pass": 1.0,
        "crit5_pass": 1.0,
        "criteria_met": 4.0
      },
      "failure_notes": [
        "C1 FAIL: attribution_gap=-0.010331 <= 0"
      ]
    },
    {
      "seed": 123,
      "status": "FAIL",
      "metrics": {
        "alpha_world": 0.9,
        "proximity_scale": 0.05,
        "z_harm_dim": 32.0,
        "harm_forward_r2": 0.9168572425842285,
        "mean_delta_none": 0.35732726668542686,
        "mean_delta_approach": 0.3961718817480379,
        "mean_delta_env_hazard": 0.514125213958323,
        "mean_delta_agent_hazard": 0.34521835596349676,
        "mean_causal_sig_none": -0.07226711590873434,
        "mean_causal_sig_approach": 0.006581387241385979,
        "mean_causal_sig_env_hazard": 0.08792498831947644,
        "mean_causal_sig_agent_hazard": -0.0004790966448030974,
        "attribution_gap": -0.08134360107809047,
        "n_approach_eval": 807.0,
        "n_env_hazard_eval": 12.0,
        "n_agent_hazard_eval": 38.0,
        "n_none_eval": 94.0,
        "train_approach_events": 6512.0,
        "train_contact_events": 370.0,
        "crit1_pass": 0.0,
        "crit2_pass": 1.0,
        "crit3_pass": 1.0,
        "crit4_pass": 1.0,
        "crit5_pass": 1.0,
        "criteria_met": 4.0
      },
      "failure_notes": [
        "C1 FAIL: attribution_gap=-0.081344 <= 0"
      ]
    },
    {
      "seed": 13,
      "status": "FAIL",
      "metrics": {
        "alpha_world": 0.9,
        "proximity_scale": 0.05,
        "z_harm_dim": 32.0,
        "harm_forward_r2": 0.9197988510131836,
        "mean_delta_none": 0.358754196908707,
        "mean_delta_approach": 0.3219114107629621,
        "mean_delta_env_hazard": 0.4009828971964972,
        "mean_delta_agent_hazard": 0.3383715882276495,
        "mean_causal_sig_none": -0.07174534073624855,
        "mean_causal_sig_approach": 0.003952594002686351,
        "mean_causal_sig_env_hazard": 0.03711937314697674,
        "mean_causal_sig_agent_hazard": 0.00012587706247965496,
        "attribution_gap": -0.03316677914429039,
        "n_approach_eval": 830.0,
        "n_env_hazard_eval": 14.0,
        "n_agent_hazard_eval": 30.0,
        "n_none_eval": 78.0,
        "train_approach_events": 6369.0,
        "train_contact_events": 372.0,
        "crit1_pass": 0.0,
        "crit2_pass": 1.0,
        "crit3_pass": 0.0,
        "crit4_pass": 1.0,
        "crit5_pass": 1.0,
        "criteria_met": 3.0
      },
      "failure_notes": [
        "C1 FAIL: attribution_gap=-0.033167 <= 0",
        "C3 FAIL: causal_sig_approach=0.003953 <= 0.005"
      ]
    }
  ],