{
  "schema_version": "metrics/v1",
  "values": {
    "fatal_error_count": 0.0,
    "body_obs_dim": 12.0,
    "world_obs_dim": 250.0,
    "stable_mean_running_variance": 0.009011183787548557,
    "stable_mean_precision": 10365.02110503649,
    "stable_commit_rate": 0.9051724137931034,
    "stable_n_commit_decisions": 116.0,
    "stable_mean_prediction_error": 8.504915966323542e-05,
    "perturbed_mean_running_variance": 0.049045805996803984,
    "perturbed_mean_precision": 1544.9340754535901,
    "perturbed_commit_rate": 0.5,
    "perturbed_n_commit_decisions": 26.0,
    "perturbed_mean_prediction_error": 0.00015840209103807506,
    "recovery_mean_running_variance": 0.014402675735823241,
    "recovery_commit_rate": 0.8493150684931506,
    "running_variance_diff_perturbed_minus_stable": 0.040034622209255424,
    "precision_diff_stable_minus_perturbed": 8820.0870295829,
    "commit_rate_diff_stable_minus_perturbed": 0.4051724137931034,
    "alpha_world": 0.9,
    "proximity_scale": 0.05,
    "crit1_pass": 1.0,
    "crit2_pass": 1.0,
    "crit3_pass": 1.0,
    "crit4_pass": 1.0,
    "criteria_met": 5.0
  }
}
