{
  "schema_version": "experiment_pack_metrics/v1",
  "values": {
    "latent_prediction_error_mean": 0.21555963115577395,
    "latent_prediction_error_p95": 0.3741875682896286,
    "latent_rollout_consistency_rate": 0.7150498072739956,
    "e1_e2_timescale_separation_ratio": 1.491175948736526,
    "representation_drift_rate": 0.04757302187050404,
    "fatal_error_count": 0
  }
}
