{
  "schema_version": "metrics/v1",
  "values": {
    "pearson_r": -0.32870125137150685,
    "c1_increase_count": 1.0,
    "hv_cv_mid": 0.789658319157876,
    "commit_rate_low_danger": 1.0,
    "commit_rate_high_danger": 1.0,
    "crit1_pass": 0.0,
    "crit2_pass": 0.0,
    "crit3_pass": 1.0,
    "crit4_pass": 0.0,
    "crit5_pass": 1.0,
    "criteria_met": 2.0,
    "fatal_error_count": 0.0,
    "harm_var_mean_0p005": 5.528085409939757e-07,
    "harm_var_mean_0p01": 5.432173726474023e-07,
    "harm_var_mean_0p02": 5.156995794432586e-07,
    "harm_var_mean_0p05": 5.946429742005359e-07,
    "harm_var_mean_0p1": 5.000934878555603e-07
  }
}
