{
  "schema_version": "metrics/v1",
  "values": {
    "alpha_world": 0.9,
    "proximity_scale": 0.05,
    "world_forward_r2": 0.9495167136192322,
    "mean_delta_none": 0.2162006845937507,
    "mean_delta_approach": 0.21390482109899706,
    "mean_delta_env_hazard": 0.21114891337660643,
    "mean_delta_agent_hazard": 0.21363021805882454,
    "mean_causal_sig_none": -0.0726179261461343,
    "mean_causal_sig_approach": 0.0055140516756532285,
    "mean_causal_sig_env_hazard": -0.015808977759801425,
    "mean_causal_sig_agent_hazard": 0.0069375897221493,
    "attribution_gap": 0.021323029435454652,
    "n_approach_eval": 832.0,
    "n_env_hazard_eval": 13.0,
    "n_agent_hazard_eval": 33.0,
    "n_none_eval": 101.0,
    "train_approach_events": 8125.0,
    "train_contact_events": 463.0,
    "crit1_pass": 0.0,
    "crit2_pass": 1.0,
    "crit3_pass": 0.0,
    "crit4_pass": 1.0,
    "crit5_pass": 1.0,
    "criteria_met": 3.0
  }
}
