{
  "schema_version": "metrics/v1",
  "values": {
    "alpha_world": 0.9,
    "proximity_scale": 0.05,
    "world_forward_r2": 0.09687405824661255,
    "mean_delta_none": 0.0,
    "mean_delta_approach": 0.1808543638991458,
    "mean_delta_env_hazard": 0.229245126247406,
    "mean_delta_agent_hazard": 0.14665904082357883,
    "mean_causal_sig_none": 0.0,
    "mean_causal_sig_approach": 0.00014928773957855848,
    "mean_causal_sig_env_hazard": 0.0022699907422065735,
    "mean_causal_sig_agent_hazard": 0.0012215077877044678,
    "attribution_gap": -0.002120703002628015,
    "n_approach_eval": 49.0,
    "n_env_hazard_eval": 1.0,
    "n_agent_hazard_eval": 1.0,
    "n_none_eval": 0.0,
    "train_approach_events": 70.0,
    "train_contact_events": 6.0,
    "crit1_pass": 0.0,
    "crit2_pass": 0.0,
    "crit3_pass": 0.0,
    "crit4_pass": 1.0,
    "crit5_pass": 0.0,
    "criteria_met": 1.0
  }
}
