{
  "outcome": "PASS",
  "metrics": {
    "hf_r2_mean": 0.9191210865974426,
    "hf_r2_std": 0.003652717416799415,
    "attribution_gap_mean": 0.1149940713651648,
    "attribution_gap_std": 0.008455095186338508,
    "intact_approach_mean": 0.010173339772569706,
    "intact_none_mean": -0.10482073159259511,
    "intact_env_mean": 0.06312898692438408,
    "intact_agent_mean": -0.007667768949230933,
    "ablated_approach_mean": -0.001004411184126627,
    "intact_vs_ablated_mean": 0.011177750956696333,
    "null_cf_max_mean": 0.0,
    "n_approach_mean": 838.0,
    "c3_seeds_pass": 4.0,
    "c6_seeds_pass": 4.0,
    "criteria_met": 6.0,
    "n_seeds": 4.0,
    "seed42_hf_r2": 0.9208577871322632,
    "seed42_attribution_gap": 0.12622487266961935,
    "seed42_intact_approach": 0.006292973044907024,
    "seed42_intact_none": -0.11993189962471233,
    "seed42_ablated_approach": 0.0038153017000377883,
    "seed42_intact_vs_ablated": 0.0024776713448692355,
    "seed42_null_cf_max": 0.0,
    "seed42_n_approach": 845.0,
    "seed7_hf_r2": 0.9214969873428345,
    "seed7_attribution_gap": 0.11547674465228833,
    "seed7_intact_approach": 0.013297786889385143,
    "seed7_intact_none": -0.10217895776290319,
    "seed7_ablated_approach": 0.0027599137182853536,
    "seed7_intact_vs_ablated": 0.010537873171099789,
    "seed7_null_cf_max": 0.0,
    "seed7_n_approach": 876.0,
    "seed123_hf_r2": 0.921322226524353,
    "seed123_attribution_gap": 0.1158822552510563,
    "seed123_intact_approach": 0.01272104034542967,
    "seed123_intact_none": -0.10316121490562663,
    "seed123_ablated_approach": -0.0036344498325631305,
    "seed123_intact_vs_ablated": 0.0163554901779928,
    "seed123_null_cf_max": 0.0,
    "seed123_n_approach": 848.0,
    "seed13_hf_r2": 0.9128073453903198,
    "seed13_attribution_gap": 0.10239241288769524,
    "seed13_intact_approach": 0.008381558810556985,
    "seed13_intact_none": -0.09401085407713826,
    "seed13_ablated_approach": -0.00695841032226652,
    "seed13_intact_vs_ablated": 0.015339969132823504,
    "seed13_null_cf_max": 0.0,
    "seed13_n_approach": 783.0
  },
  "summary_markdown": "# V3-EXQ-525 -- SD-003 Harm Attribution Anchor\n\n**Outcome:** PASS\n**Claims:** SD-003, ARC-033\n**Supersedes:** V3-EXQ-205\n**Seeds:** [42, 7, 123, 13]  **P0:** 100 eps  **P1:** 200 eps  **Eval:** 50 eps\n\n## Architecture\n\n- P0: HarmEncoder warmup (autoencoder + center-cell regression)\n- P1: Frozen encoder; ResidualHarmForward + E3.harm_eval_z_harm on .detach()ed z_harm_s\n- Pipeline: causal_sig = eval(harm_fwd(z, a_actual)) - eval(harm_fwd(z, a_cf))\n- attribution_gap = causal_sig(approach) - causal_sig(none)\n\n## Results by Seed\n\n| Seed | hf_r2 | gap | intact_approach | intact_none | intact_vs_ablated | null_cf_max | n_approach |\n|------|-------|-----|-----------------|------------|------------------|------------|-----------|\n| 42 | 0.9209 | 0.126225 | 0.006293 | -0.119932 | 0.002478 | 0.00e+00 | 845 |\n| 7 | 0.9215 | 0.115477 | 0.013298 | -0.102179 | 0.010538 | 0.00e+00 | 876 |\n| 123 | 0.9213 | 0.115882 | 0.012721 | -0.103161 | 0.016355 | 0.00e+00 | 848 |\n| 13 | 0.9128 | 0.102392 | 0.008382 | -0.094011 | 0.015340 | 0.00e+00 | 783 |\n\n\n## Aggregate\n\n- hf_r2 mean: 0.9191 +/- 0.0037\n- attribution_gap mean: 0.114994 +/- 0.008455\n- intact_approach mean: 0.010173\n- intact_vs_ablated mean: 0.011178\n\n## PASS Criteria\n\n| Criterion | Value | Required | Result |\n|-----------|-------|---------|--------|\n| C1 attribution_gap | 0.114994 | > 0.002 | PASS |\n| C2 hf_r2 | 0.9191 | > 0.05 | PASS |\n| C3 approach>0 | 4/4 seeds | >= 3 | PASS |\n| C4 n_approach | 838 | >= 50 | PASS |\n| C5 null_cf_max | 0.00e+00 | < 1e-05 | PASS |\n| C6 intact>ablated | 4/4 seeds | >= 3 | PASS |\n\nCriteria met: 6/6 -> **PASS**\n\n",
  "claim_ids": [
    "SD-003",
    "ARC-033"
  ],
  "experiment_purpose": "evidence",
  "evidence_direction": "supports",
  "evidence_direction_per_claim": {
    "SD-003": "supports",
    "ARC-033": "supports"
  },
  "experiment_type": "v3_exq_525_sd003_attribution_anchor",
  "supersedes": "V3-EXQ-205",
  "timestamp_utc": "20260506T065102Z",
  "run_id": "v3_exq_525_sd003_attribution_anchor_20260506T065102Z_v3",
  "architecture_epoch": "ree_hybrid_guardrails_v1"
}
