{
  "schema_version": "metrics/v1",
  "values": {
    "n_seeds": 3.0,
    "seed0_warmup_first10_reward": -0.29272978305816655,
    "seed0_warmup_last10_reward": -0.25433716177940374,
    "seed0_warmup_improvement": 0.038392621278762806,
    "seed0_warmup_final_rv": 0.0024971900911364736,
    "seed0_eval_mean_reward": -0.09602020382881164,
    "seed0_eval_mean_harm": 0.34405195236206054,
    "seed0_eval_mean_n_cands": 32.0,
    "seed0_freeze_commit_count": 20.0,
    "seed0_freeze_active_steps": 1000.0,
    "seed0_decay_n_ticks": 200.0,
    "seed0_pag_n_ticks": 2629.0,
    "seed0_pag_n_commits": 71.0,
    "seed0_pag_n_releases": 6.0,
    "seed1_warmup_first10_reward": -0.1954095095396042,
    "seed1_warmup_last10_reward": -0.3319766372442246,
    "seed1_warmup_improvement": -0.1365671277046204,
    "seed1_warmup_final_rv": 0.0005739805279807598,
    "seed1_eval_mean_reward": -0.3995877516269684,
    "seed1_eval_mean_harm": 0.3995877516269684,
    "seed1_eval_mean_n_cands": 32.0,
    "seed1_freeze_commit_count": 20.0,
    "seed1_freeze_active_steps": 1000.0,
    "seed1_decay_n_ticks": 200.0,
    "seed1_pag_n_ticks": 2124.0,
    "seed1_pag_n_commits": 70.0,
    "seed1_pag_n_releases": 5.0,
    "seed2_warmup_first10_reward": -0.8955426675081253,
    "seed2_warmup_last10_reward": -0.12715556859970095,
    "seed2_warmup_improvement": 0.7683870989084243,
    "seed2_warmup_final_rv": 2.206617662625171,
    "seed2_eval_mean_reward": -0.24663781523704528,
    "seed2_eval_mean_harm": 0.32452670454978944,
    "seed2_eval_mean_n_cands": 32.0,
    "seed2_freeze_commit_count": 20.0,
    "seed2_freeze_active_steps": 1000.0,
    "seed2_decay_n_ticks": 200.0,
    "seed2_pag_n_ticks": 1993.0,
    "seed2_pag_n_commits": 64.0,
    "seed2_pag_n_releases": 5.0
  }
}
