{
  "schema_version": "metrics/v1",
  "values": {
    "z_goal_norm_avg": 0.4500676393508911,
    "benefit_per_ep_goal_present": 0.2,
    "benefit_per_ep_goal_absent": 0.6666666666666667,
    "benefit_ratio": 0.3,
    "goal_tracking_r": -0.055507044358633476,
    "selection_bias": 5.122310947330503e-07,
    "goal_score_rank_pct": 0.5039499670836076,
    "goal_vs_harm_ratio": 2.1765035678116638,
    "calibration_gap_goal_present": 0.06269212067127228,
    "n_eval_goal_steps_avg": 774.0,
    "n_resource_seedings_avg": 282.5,
    "mech124_flag_salience": 0.0,
    "crit1_pass": 1.0,
    "crit2_pass": 1.0,
    "crit3_pass": 1.0,
    "crit4_pass": 1.0,
    "criteria_met": 4.0,
    "n_seeds": 2.0,
    "alpha_world": 0.9,
    "drive_weight": 2.0
  }
}
