{
  "run_id": "v3_exq_537b_sd029_decoupled_curricula_20260508T180253Z_v3",
  "experiment_type": "v3_exq_537b_sd029_decoupled_curricula",
  "queue_id": "V3-EXQ-537b",
  "claim_ids": [
    "SD-029",
    "MECH-256"
  ],
  "evidence_direction": "superseded",
  "evidence_direction_per_claim": {
    "SD-029": "superseded",
    "MECH-256": "superseded"
  },
  "experiment_purpose": "evidence",
  "supersedes": "v3_exq_537_sd029_single_pass_residual",
  "architecture_epoch": "ree_hybrid_guardrails_v1",
  "timestamp_utc": "2026-05-08T18:02:53.257324Z",
  "outcome": "FAIL",
  "criteria": {
    "C1_forward_r2": false,
    "C1_value": 0.6212661608930196,
    "C2_dissociation": false,
    "C2_intact_self": 0.1986119175753692,
    "C2_intact_ext": 0.17121439021879695,
    "C2_ratio": 0.8620549678436318,
    "C3_falsification": true,
    "C3_scrambled_self": 0.2369357428470885,
    "C3_scrambled_ext": 0.20228522279100056,
    "C3_diff_ratio": 0.14624437680747213,
    "C4_event_sufficiency": true,
    "C4_min_n_self": 406,
    "C4_min_n_ext": 258
  },
  "metrics": {
    "per_seed": [
      {
        "seed_idx": 0,
        "seed": 59745,
        "phase_failed": null,
        "p1_grad": true,
        "p1_steps": 1400,
        "p1_r2": 0.6920071550017926,
        "p1_loss": 0.009413356084667939,
        "p2_grad": false,
        "p2_steps": 48000,
        "p2_r2": 0.7596663817486713,
        "p2_loss": 0.0011521956156502712,
        "harm_forward_r2": 0.6190347298362313,
        "n_self": 418,
        "n_ext": 258,
        "n_heldout": 1500,
        "p3_steps": 1611,
        "intact_self": 0.19297481076034348,
        "intact_ext": 0.1645569982685784,
        "intact_self_std": 0.11310047965759655,
        "intact_ext_std": 0.05936533045196918,
        "scrambled_self": 0.231047455043171,
        "scrambled_ext": 0.1992474227219589,
        "scrambled_self_std": 0.13008988800430818,
        "scrambled_ext_std": 0.08378698589229001
      },
      {
        "seed_idx": 1,
        "seed": 97942,
        "phase_failed": null,
        "p1_grad": true,
        "p1_steps": 1200,
        "p1_r2": 0.6945845695051014,
        "p1_loss": 0.009483706766368415,
        "p2_grad": false,
        "p2_steps": 48000,
        "p2_r2": 0.6779541651489716,
        "p2_loss": 0.0014017920660262461,
        "harm_forward_r2": 0.6563329519354175,
        "n_self": 414,
        "n_ext": 258,
        "n_heldout": 1500,
        "p3_steps": 1609,
        "intact_self": 0.20380855983366136,
        "intact_ext": 0.17276596959478172,
        "intact_self_std": 0.10890467749322097,
        "intact_ext_std": 0.06576225454815116,
        "scrambled_self": 0.24279591153209337,
        "scrambled_ext": 0.20761042587863382,
        "scrambled_self_std": 0.1262381342849647,
        "scrambled_ext_std": 0.09876626322152131
      },
      {
        "seed_idx": 2,
        "seed": 47042,
        "phase_failed": null,
        "p1_grad": true,
        "p1_steps": 1400,
        "p1_r2": 0.7688157425906498,
        "p1_loss": 0.008009973356112142,
        "p2_grad": false,
        "p2_steps": 48000,
        "p2_r2": 0.6546596289038292,
        "p2_loss": 0.0014523081031802576,
        "harm_forward_r2": 0.5884308009074096,
        "n_self": 406,
        "n_ext": 258,
        "n_heldout": 1500,
        "p3_steps": 1617,
        "intact_self": 0.1990523821321027,
        "intact_ext": 0.1763202027930308,
        "intact_self_std": 0.10185307243800304,
        "intact_ext_std": 0.07169221465974268,
        "scrambled_self": 0.236963861966001,
        "scrambled_ext": 0.1999978197724089,
        "scrambled_self_std": 0.11562453498826765,
        "scrambled_ext_std": 0.08695215148100478
      }
    ],
    "n_seeds": 3,
    "n_episodes": 200,
    "steps_per_ep": 200,
    "p1_grad_threshold": 0.65,
    "p2_grad_threshold": 0.85,
    "p2_max_windows": 240,
    "use_interventional": true,
    "interventional_fraction": 0.3,
    "c1_r2_threshold": 0.85,
    "c2_dissociation_ratio_required": 1.3,
    "c3_falsification_tol": 0.15,
    "c4_min_events_per_type": 20
  },
  "evidence_direction_note": "[2026-05-08T22:33:09Z governance] Flipped to superseded by v3_exq_537d_sd029_no_interventional: predecessor in 537 chain (decoupled P1/P2 curricula but kept hidden_dim=128 and USE_INTERVENTIONAL=True). Successors 537c (capacity lift hidden_dim=256) and 537d (USE_INTERVENTIONAL=False) supersede; head is 537d. Excluded from scoring."
}