{
  "schema_version": "metrics/v1",
  "values": {
    "terrain_loss_initial": 311.2741394042969,
    "terrain_loss_final": 311.2741394042969,
    "terrain_learned": 0.0,
    "hippo_mean_residue": 0.0,
    "random_mean_residue": 0.3947139382362366,
    "hippo_quality_gap": 0.3947139382362366,
    "calibration_gap_approach": -0.0013686418533325195,
    "calibration_gap_contact": -0.48250703811645507,
    "mean_harm_eval_approach": 0.48113839626312255,
    "mean_harm_eval_none": 0.48250703811645507,
    "n_approach_eval": 5.0,
    "world_forward_r2": 0.0,
    "e3_tick_total": 1.0,
    "crit1_pass": 0.0,
    "crit2_pass": 1.0,
    "crit3_pass": 0.0,
    "crit4_pass": 0.0,
    "crit5_pass": 0.0,
    "criteria_met": 1.0
  }
}
