{
  "status": "FAIL",
  "metrics": {
    "pearson_r_harm_vardiff": 0.20751054256906884,
    "monotone_increases": 3.0,
    "levels_above_threshold": 1.0,
    "levels_correct_commit": 0.0,
    "fatal_total": 0.0,
    "crit1_pass": 1.0,
    "crit2_pass": 0.0,
    "crit3_pass": 0.0,
    "crit4_pass": 0.0,
    "crit5_pass": 1.0,
    "criteria_met": 2.0,
    "harm_0p005_var_after_train": 0.07106827016232943,
    "harm_0p005_commit_frac_train": 0.8484848484848485,
    "harm_0p005_var_diff": -0.0010662348673540142,
    "harm_0p005_var_stable": 0.03298089784336744,
    "harm_0p005_var_perturbed": 0.031914662976013426,
    "harm_0p005_commit_stable": 1.0,
    "harm_0p005_commit_perturbed": 1.0,
    "harm_0p01_var_after_train": 0.07106826951013831,
    "harm_0p01_commit_frac_train": 0.8484848484848485,
    "harm_0p01_var_diff": -0.0010662333385165756,
    "harm_0p01_var_stable": 0.03298089666584178,
    "harm_0p01_var_perturbed": 0.031914663327325205,
    "harm_0p01_commit_stable": 1.0,
    "harm_0p01_commit_perturbed": 1.0,
    "harm_0p02_var_after_train": 0.0710682681655709,
    "harm_0p02_commit_frac_train": 0.8484848484848485,
    "harm_0p02_var_diff": -0.001066230398202847,
    "harm_0p02_var_stable": 0.032980894330929045,
    "harm_0p02_var_perturbed": 0.0319146639327262,
    "harm_0p02_commit_stable": 1.0,
    "harm_0p02_commit_perturbed": 1.0,
    "harm_0p05_var_after_train": 0.07106826416742477,
    "harm_0p05_commit_frac_train": 0.8484848484848485,
    "harm_0p05_var_diff": 0.0070659358626370405,
    "harm_0p05_var_stable": 0.03298797327798765,
    "harm_0p05_var_perturbed": 0.04005390914062469,
    "harm_0p05_commit_stable": 1.0,
    "harm_0p05_commit_perturbed": 1.0,
    "harm_0p1_var_after_train": 0.07106825822144826,
    "harm_0p1_commit_frac_train": 0.8484848484848485,
    "harm_0p1_var_diff": -0.0008716465451718766,
    "harm_0p1_var_stable": 0.0355116945540011,
    "harm_0p1_var_perturbed": 0.03464004800882922,
    "harm_0p1_commit_stable": 1.0,
    "harm_0p1_commit_perturbed": 1.0
  },
  "summary_markdown": "# V3-EXQ-396a -- ARC-016 Precision Threshold Sweep (rv-fix)\n\n**Status:** FAIL\n**Claims:** ARC-016, MECH-093\n**World:** CausalGridWorldV2 (proximity_scale=0.05)\n**alpha_world:** 0.9  (SD-008)\n**Hazard harm levels:** [0.005, 0.01, 0.02, 0.05, 0.1]\n**Seed:** 0\n**Supersedes:** V3-EXQ-396 (which supersedes V3-EXQ-038)\n\n## Root Cause Fixed\n\nEXQ-038 and EXQ-396 had two bugs that together prevented commitment from firing:\n\n1. Training loop: update_running_variance() was never called during training.\n   Variance stayed at precision_init=0.5 for all 300 training episodes.\n2. Eval loop: agent.e3._running_variance = precision_init reset to 0.5 at\n   the start of every eval episode, discarding any accumulated signal.\n\nEXQ-396a fix: (1) calls update_running_variance(pred_error) every training\nstep; (2) carries post-training variance into eval without resetting.\n\n## Designed behavior\n\nAfter 350 training episodes on stable env:\n- E2 world_forward converges on predictable dynamics\n- update_running_variance() accumulates low prediction errors\n- variance drops to << commit_threshold=0.40 -> agent is committed\n\nStable eval (20 eps, no variance reset):\n- E2 continues predicting accurately -> variance stays low -> committed\n\nPerturbed eval (hazard drift every step):\n- Hazard positions jump randomly -> E2 prediction errors spike\n- variance rises toward threshold -> uncommitted fraction increases\n- Higher hazard_harm: more harm-driven world changes -> larger gap\n\n## Sweep Results\n\n| hazard_harm | var_post_train | var_stable | var_perturbed | var_diff | commit_stable | commit_perturbed |\n|---|---|---|---|---|---|---|\n| 0.005 | 0.071068 | 0.032981 | 0.031915 | -0.001066 | 1.000 | 1.000 |\n| 0.010 | 0.071068 | 0.032981 | 0.031915 | -0.001066 | 1.000 | 1.000 |\n| 0.020 | 0.071068 | 0.032981 | 0.031915 | -0.001066 | 1.000 | 1.000 |\n| 0.050 | 0.071068 | 0.032988 | 0.040054 | 0.007066 | 1.000 | 1.000 |\n| 0.100 | 0.071068 | 0.035512 | 0.034640 | -0.000872 | 1.000 | 1.000 |\n\n**Pearson r(hazard_harm, var_diff):** 0.208\n**Monotone increases in var_diff:** 3/4\n\n## PASS Criteria\n\n| Criterion | Result | Value |\n|---|---|---|\n| C1: var_diff monotone increases (3+ consecutive) | PASS | 3/4 |\n| C2: Pearson r(hazard_harm, var_diff) > 0.6 | FAIL | 0.208 |\n| C3: >= 3 levels with var_diff > 0.001 | FAIL | 1/5 |\n| C4: >= 3 levels with commit_stable > commit_perturbed | FAIL | 0/5 |\n| C5: no fatal errors | PASS | 0 errors |\n\nCriteria met: 2/5 -> **FAIL**\n\n## Failure Notes\n\n- C2 FAIL: Pearson r(hazard_harm, var_diff) = 0.208 <= 0.6\n- C3 FAIL: only 1/5 levels show var_diff > 0.001\n- C4 FAIL: only 0/5 levels show commit_stable > commit_perturbed\n",
  "claim_ids": [
    "ARC-016",
    "MECH-093"
  ],
  "evidence_direction": "weakens",
  "evidence_direction_per_claim": {
    "ARC-016": "weakens",
    "MECH-093": "weakens"
  },
  "experiment_type": "v3_exq_396a_arc016_precision_sweep_rv_fix",
  "fatal_error_count": 0,
  "run_timestamp": "20260414T211102Z",
  "claim": "ARC-016",
  "verdict": "FAIL",
  "run_id": "v3_exq_396a_arc016_precision_sweep_rv_fix_20260414T211102Z_v3",
  "architecture_epoch": "ree_hybrid_guardrails_v1"
}
