{
  "status": "FAIL",
  "metrics": {
    "pearson_r_harm_vardiff": 0.44194631052929867,
    "monotone_increases": 3.0,
    "levels_above_threshold": 0.0,
    "levels_correct_commit": 0.0,
    "fatal_total": 0.0,
    "crit1_pass": 1.0,
    "crit2_pass": 0.0,
    "crit3_pass": 0.0,
    "crit4_pass": 0.0,
    "crit5_pass": 1.0,
    "criteria_met": 2.0,
    "harm_0p005_var_after_train": 3.43856324990866e-05,
    "harm_0p005_commit_frac_train": 0.9987012987012988,
    "harm_0p005_var_diff": -2.8930850553493667e-05,
    "harm_0p005_var_stable": 0.00110559277080066,
    "harm_0p005_var_perturbed": 0.0010766619202471663,
    "harm_0p005_commit_stable": 1.0,
    "harm_0p005_commit_perturbed": 1.0,
    "harm_0p01_var_after_train": 2.5679043705841327e-05,
    "harm_0p01_commit_frac_train": 0.9987012987012988,
    "harm_0p01_var_diff": 2.059727456377408e-05,
    "harm_0p01_var_stable": 0.0011035829179433462,
    "harm_0p01_var_perturbed": 0.0011241801925071203,
    "harm_0p01_commit_stable": 1.0,
    "harm_0p01_commit_perturbed": 1.0,
    "harm_0p02_var_after_train": 3.47038189208592e-05,
    "harm_0p02_commit_frac_train": 0.9987012987012988,
    "harm_0p02_var_diff": -2.464200892630876e-05,
    "harm_0p02_var_stable": 0.001112542872450089,
    "harm_0p02_var_perturbed": 0.0010879008635237802,
    "harm_0p02_commit_stable": 1.0,
    "harm_0p02_commit_perturbed": 1.0,
    "harm_0p05_var_after_train": 3.1805679774580204e-05,
    "harm_0p05_commit_frac_train": 0.9987012987012988,
    "harm_0p05_var_diff": -1.623339939574222e-05,
    "harm_0p05_var_stable": 0.0011101725711541587,
    "harm_0p05_var_perturbed": 0.0010939391717584165,
    "harm_0p05_commit_stable": 1.0,
    "harm_0p05_commit_perturbed": 1.0,
    "harm_0p1_var_after_train": 3.429197127161995e-05,
    "harm_0p1_commit_frac_train": 0.9987012987012988,
    "harm_0p1_var_diff": 1.669471910550305e-05,
    "harm_0p1_var_stable": 0.0010749063770022938,
    "harm_0p1_var_perturbed": 0.0010916010961077968,
    "harm_0p1_commit_stable": 1.0,
    "harm_0p1_commit_perturbed": 1.0
  },
  "summary_markdown": "# V3-EXQ-396a -- ARC-016 Precision Threshold Sweep (rv-fix)\n\n**Status:** FAIL\n**Claims:** ARC-016, MECH-093\n**World:** CausalGridWorldV2 (proximity_scale=0.05)\n**alpha_world:** 0.9  (SD-008)\n**Hazard harm levels:** [0.005, 0.01, 0.02, 0.05, 0.1]\n**Seed:** 0\n**Supersedes:** V3-EXQ-396 (which supersedes V3-EXQ-038)\n\n## Root Cause Fixed\n\nEXQ-038 and EXQ-396 had two bugs that together prevented commitment from firing:\n\n1. Training loop: update_running_variance() was never called during training.\n   Variance stayed at precision_init=0.5 for all 300 training episodes.\n2. Eval loop: agent.e3._running_variance = precision_init reset to 0.5 at\n   the start of every eval episode, discarding any accumulated signal.\n\nEXQ-396a fix: (1) calls update_running_variance(pred_error) every training\nstep; (2) carries post-training variance into eval without resetting.\n\n## Designed behavior\n\nAfter 350 training episodes on stable env:\n- E2 world_forward converges on predictable dynamics\n- update_running_variance() accumulates low prediction errors\n- variance drops to << commit_threshold=0.40 -> agent is committed\n\nStable eval (20 eps, no variance reset):\n- E2 continues predicting accurately -> variance stays low -> committed\n\nPerturbed eval (hazard drift every step):\n- Hazard positions jump randomly -> E2 prediction errors spike\n- variance rises toward threshold -> uncommitted fraction increases\n- Higher hazard_harm: more harm-driven world changes -> larger gap\n\n## Sweep Results\n\n| hazard_harm | var_post_train | var_stable | var_perturbed | var_diff | commit_stable | commit_perturbed |\n|---|---|---|---|---|---|---|\n| 0.005 | 0.000034 | 0.001106 | 0.001077 | -0.000029 | 1.000 | 1.000 |\n| 0.010 | 0.000026 | 0.001104 | 0.001124 | 0.000021 | 1.000 | 1.000 |\n| 0.020 | 0.000035 | 0.001113 | 0.001088 | -0.000025 | 1.000 | 1.000 |\n| 0.050 | 0.000032 | 0.001110 | 0.001094 | -0.000016 | 1.000 | 1.000 |\n| 0.100 | 0.000034 | 0.001075 | 0.001092 | 0.000017 | 1.000 | 1.000 |\n\n**Pearson r(hazard_harm, var_diff):** 0.442\n**Monotone increases in var_diff:** 3/4\n\n## PASS Criteria\n\n| Criterion | Result | Value |\n|---|---|---|\n| C1: var_diff monotone increases (3+ consecutive) | PASS | 3/4 |\n| C2: Pearson r(hazard_harm, var_diff) > 0.6 | FAIL | 0.442 |\n| C3: >= 3 levels with var_diff > 0.001 | FAIL | 0/5 |\n| C4: >= 3 levels with commit_stable > commit_perturbed | FAIL | 0/5 |\n| C5: no fatal errors | PASS | 0 errors |\n\nCriteria met: 2/5 -> **FAIL**\n\n## Failure Notes\n\n- C2 FAIL: Pearson r(hazard_harm, var_diff) = 0.442 <= 0.6\n- C3 FAIL: only 0/5 levels show var_diff > 0.001\n- C4 FAIL: only 0/5 levels show commit_stable > commit_perturbed\n",
  "claim_ids": [
    "ARC-016",
    "MECH-093"
  ],
  "evidence_direction": "weakens",
  "evidence_direction_per_claim": {
    "ARC-016": "weakens",
    "MECH-093": "weakens"
  },
  "experiment_type": "v3_exq_396a_arc016_precision_sweep_rv_fix",
  "fatal_error_count": 0,
  "run_timestamp": "20260416T172544Z",
  "claim": "ARC-016",
  "verdict": "FAIL",
  "run_id": "v3_exq_396a_arc016_precision_sweep_rv_fix_20260416T172544Z_v3",
  "architecture_epoch": "ree_hybrid_guardrails_v1"
}
