{
  "schema_version": "metrics/v1",
  "values": {
    "alpha_world": 0.9,
    "proximity_scale": 0.05,
    "world_forward_r2": 0.9471595287322998,
    "mean_delta_none": 0.2134459394555871,
    "mean_delta_approach": 0.21171463777024585,
    "mean_delta_env_hazard": 0.20852787162248904,
    "mean_delta_agent_hazard": 0.2123201076279987,
    "mean_causal_sig_none": -0.07415154919323355,
    "mean_causal_sig_approach": 0.005270942678460135,
    "mean_causal_sig_env_hazard": -0.029200772253366616,
    "mean_causal_sig_agent_hazard": 0.017313735277363747,
    "attribution_gap": 0.03447171493182675,
    "n_approach_eval": 832.0,
    "n_env_hazard_eval": 13.0,
    "n_agent_hazard_eval": 33.0,
    "n_none_eval": 101.0,
    "train_approach_events": 8125.0,
    "train_contact_events": 463.0,
    "crit1_pass": 1.0,
    "crit2_pass": 1.0,
    "crit3_pass": 1.0,
    "crit4_pass": 1.0,
    "crit5_pass": 1.0,
    "criteria_met": 5.0
  }
}
