{
  "schema_version": "metrics/v1",
  "values": {
    "z_goal_norm_world_avg": 0.2961469193299611,
    "z_goal_norm_enc_avg": 0.6172711700201035,
    "benefit_per_ep_goal_present": 0.07333333333333333,
    "benefit_per_ep_goal_absent": 0.6433333333333334,
    "benefit_ratio": 0.11398963730569947,
    "calibration_gap_goal_present": 0.26338399449984234,
    "goal_resource_r_world": 0.03661140254877323,
    "goal_resource_r_enc": 0.57350520443774,
    "goal_vs_harm_ratio": 2.3463350778213568,
    "enc_final_loss": 0.005622662751469761,
    "rfm_final_loss": 0.007591353801894002,
    "prox_r2": 0.5237696837269573,
    "mech124_flag_salience": 0.0,
    "drive_weight": 2.0,
    "n_seeds": 3.0,
    "alpha_world": 0.9,
    "lr_enc": 0.001,
    "lr_rfm": 0.0005,
    "curriculum_episodes": 100.0,
    "crit1_pass": 1.0,
    "crit2_pass": 0.0,
    "crit3_pass": 1.0,
    "crit4_pass": 1.0,
    "criteria_met": 3.0
  }
}
