{
  "schema_version": "metrics/v1",
  "values": {
    "c1_seeds_pass": 3.0,
    "c2_seeds_pass": 3.0,
    "c3_seeds_pass": 3.0,
    "c4_seeds_pass": 3.0,
    "criteria_met": 4.0,
    "n_seeds": 3.0,
    "majority_threshold": 2.0,
    "seed0_post_train_rv": 1.668064550539283e-06,
    "seed0_on_harm_spike": 1.9370560603741564e-06,
    "seed0_on_nonharm_spike": -4.7505708863890956e-08,
    "seed0_on_spike_contrast": 1.9845617692380473e-06,
    "seed0_on_decommit_events": 0.0,
    "seed0_on_n_harm_steps": 215.0,
    "seed0_off_harm_spike": 0.0,
    "seed0_off_spike_contrast": 0.0,
    "seed0_off_decommit_events": 0.0,
    "seed0_off_n_harm_steps": 211.0,
    "seed0_pairwise_delta": 1.9370560603741564e-06,
    "seed1_post_train_rv": 1.2000303868860414e-06,
    "seed1_on_harm_spike": 1.4044934007844023e-06,
    "seed1_on_nonharm_spike": -3.355305184181835e-08,
    "seed1_on_spike_contrast": 1.4380464526262208e-06,
    "seed1_on_decommit_events": 0.0,
    "seed1_on_n_harm_steps": 209.0,
    "seed1_off_harm_spike": 0.0,
    "seed1_off_spike_contrast": 0.0,
    "seed1_off_decommit_events": 0.0,
    "seed1_off_n_harm_steps": 200.0,
    "seed1_pairwise_delta": 1.4044934007844023e-06,
    "seed2_post_train_rv": 1.067257226272146e-06,
    "seed2_on_harm_spike": 1.6041541481102408e-06,
    "seed2_on_nonharm_spike": -4.077493946352372e-08,
    "seed2_on_spike_contrast": 1.6449290875737645e-06,
    "seed2_on_decommit_events": 0.0,
    "seed2_on_n_harm_steps": 227.0,
    "seed2_off_harm_spike": 0.0,
    "seed2_off_spike_contrast": 0.0,
    "seed2_off_decommit_events": 0.0,
    "seed2_off_n_harm_steps": 200.0,
    "seed2_pairwise_delta": 1.6041541481102408e-06
  }
}
