{
  "schema_version": "experiment_pack_metrics/v1",
  "values": {
    "pre_commit_error_signal_to_noise": 1.2117361289007849,
    "post_commit_error_attribution_gain": 0.17081100500403384,
    "cross_channel_leakage_rate": 0.2368603385690385,
    "commitment_reversal_rate": 0.17114953524227763,
    "fatal_error_count": 0
  }
}
