{
  "schema_version": "experiment_pack_metrics/v1",
  "values": {
    "fatal_error_count": 0.0,
    "warmup_harm_events": 771.0,
    "warmup_benefit_events": 111.0,
    "n_empty_steps_collected": 4977.0,
    "harm_dim": 16.0,
    "reafference_reconstruction_r2": 0.03684568405151367,
    "reafference_r2_train": 0.059580862522125244,
    "calibration_gap": 7.115343174377044e-05,
    "mean_causal_sig_near_hazard": 0.0002113950007405632,
    "mean_causal_sig_safe": 0.00014024156899679276,
    "z_harm_selectivity_margin": -0.001279768747684762,
    "mean_z_harm_norm_near": 0.42993218745246076,
    "mean_z_harm_norm_safe": 0.4312119562001455,
    "n_near_hazard_probes": 462.0,
    "n_safe_probes": 42.0,
    "net_eval_pred_std": 0.0026141670532524586,
    "crit1_pass": 0.0,
    "crit2_pass": 0.0,
    "crit3_pass": 0.0,
    "crit4_pass": 1.0,
    "criteria_met": 2.0
  }
}
