{
  "schema_version": "metrics/v1",
  "values": {
    "split_action_acc_self": 0.681970089673996,
    "split_action_acc_world": 0.746738612651825,
    "split_contact_acc_world": 0.6144736707210541,
    "split_contact_acc_self": 0.5890350937843323,
    "split_action_dissociation": -0.06476852297782898,
    "split_contact_dissociation": 0.025438576936721802,
    "unified_action_acc_self": 0.8592952191829681,
    "unified_action_acc_world": 0.8592952191829681,
    "unified_contact_acc_world": 0.581578940153122,
    "unified_contact_acc_self": 0.6149122714996338,
    "action_self_improvement": -0.17732512950897217,
    "orth_cos_mean_eval": 0.001971500986917819,
    "n_seeds": 2.0,
    "orth_weight": 0.05,
    "crit1_pass": 0.0,
    "crit2_pass": 0.0,
    "crit3_pass": 0.0,
    "crit4_pass": 1.0,
    "crit5_pass": 1.0,
    "criteria_met": 2.0,
    "fatal_error_count": 0.0
  }
}
