{
  "schema_version": "metrics/v1",
  "values": {
    "terrain_loss_initial": 0.2232982466590504,
    "terrain_loss_final": 6.420263340126641e-06,
    "terrain_learned": 1.0,
    "hippo_mean_residue": 0.0,
    "random_mean_residue": 0.392646307785064,
    "hippo_quality_gap": 0.392646307785064,
    "calibration_gap_approach": 0.8051228985791012,
    "calibration_gap_contact": 0.7948732231168342,
    "mean_harm_eval_approach": 0.8075060691929075,
    "mean_harm_eval_none": 0.002383170613806199,
    "n_approach_eval": 198.0,
    "world_forward_r2": 0.9877356018385507,
    "e3_tick_total": 12229.0,
    "crit1_pass": 1.0,
    "crit2_pass": 1.0,
    "crit3_pass": 1.0,
    "crit4_pass": 1.0,
    "crit5_pass": 1.0,
    "criteria_met": 5.0
  }
}
