{
  "run_id": "v3_exq_537_sd029_single_pass_residual_20260508T135638Z_v3",
  "experiment_type": "v3_exq_537_sd029_single_pass_residual",
  "queue_id": "V3-EXQ-537",
  "claim_ids": [
    "SD-029",
    "MECH-256"
  ],
  "evidence_direction": "non_contributory",
  "evidence_direction_per_claim": {
    "SD-029": "non_contributory",
    "MECH-256": "non_contributory"
  },
  "experiment_purpose": "evidence",
  "supersedes": "v3_exq_535a_sd029_p3_eval_fix",
  "architecture_epoch": "ree_hybrid_guardrails_v1",
  "timestamp_utc": "2026-05-08T13:56:38.498794Z",
  "outcome": "FAIL",
  "criteria": {
    "C1_forward_r2": false,
    "C1_value": 0.6485095754056726,
    "C2_dissociation": false,
    "C2_intact_self": 0.19361638735157147,
    "C2_intact_ext": 0.17136310306587402,
    "C2_ratio": 0.885065078477631,
    "C3_falsification": true,
    "C3_scrambled_self": 0.23572494821899445,
    "C3_scrambled_ext": 0.20403681827353295,
    "C3_diff_ratio": 0.1344284098262795,
    "C4_event_sufficiency": true,
    "C4_min_n_self": 402,
    "C4_min_n_ext": 254
  },
  "metrics": {
    "per_seed": [
      {
        "seed_idx": 0,
        "seed": 59745,
        "phase_failed": null,
        "p1_grad": true,
        "p1_steps": 1400,
        "p1_r2": 0.7267374367645723,
        "p1_loss": 0.0088033186738938,
        "p2_grad": false,
        "p2_steps": 48000,
        "p2_r2": 0.6180151103684499,
        "p2_loss": 0.0017391612750361674,
        "harm_forward_r2": 0.6808464958958094,
        "n_self": 418,
        "n_ext": 258,
        "n_heldout": 1500,
        "p3_steps": 1611,
        "intact_self": 0.18314426444898668,
        "intact_ext": 0.15989340034623942,
        "intact_self_std": 0.10410969476716586,
        "intact_ext_std": 0.063915699271925,
        "scrambled_self": 0.23117839708104373,
        "scrambled_ext": 0.19525594207956348,
        "scrambled_self_std": 0.13326438155775783,
        "scrambled_ext_std": 0.08804648895581221
      },
      {
        "seed_idx": 1,
        "seed": 88847,
        "phase_failed": null,
        "p1_grad": true,
        "p1_steps": 1800,
        "p1_r2": 0.6691032312433514,
        "p1_loss": 0.008350538321748502,
        "p2_grad": false,
        "p2_steps": 48000,
        "p2_r2": 0.6560937763124525,
        "p2_loss": 0.0012628940607100959,
        "harm_forward_r2": 0.5944398456753305,
        "n_self": 402,
        "n_ext": 259,
        "n_heldout": 1500,
        "p3_steps": 1607,
        "intact_self": 0.19945884316195897,
        "intact_ext": 0.17939956584031977,
        "intact_self_std": 0.08929548075051603,
        "intact_ext_std": 0.06245604944272121,
        "scrambled_self": 0.23726291265060653,
        "scrambled_ext": 0.20404897915005224,
        "scrambled_self_std": 0.10148472629608282,
        "scrambled_ext_std": 0.07814169791992821
      },
      {
        "seed_idx": 2,
        "seed": 87736,
        "phase_failed": null,
        "p1_grad": true,
        "p1_steps": 1400,
        "p1_r2": 0.7110694337380332,
        "p1_loss": 0.009218674598023426,
        "p2_grad": false,
        "p2_steps": 48000,
        "p2_r2": 0.7016280447576484,
        "p2_loss": 0.0015303136463990085,
        "harm_forward_r2": 0.6702423846458777,
        "n_self": 403,
        "n_ext": 254,
        "n_heldout": 1500,
        "p3_steps": 1613,
        "intact_self": 0.19824605444376878,
        "intact_ext": 0.17479634301106292,
        "intact_self_std": 0.10809683474274485,
        "intact_ext_std": 0.07552592630115468,
        "scrambled_self": 0.23873353492533303,
        "scrambled_ext": 0.21280553359098323,
        "scrambled_self_std": 0.13562950288182551,
        "scrambled_ext_std": 0.09922270081430606
      }
    ],
    "n_seeds": 3,
    "n_episodes": 200,
    "steps_per_ep": 200,
    "p1_grad_threshold": 0.65,
    "p2_grad_threshold": 0.85,
    "p2_max_windows": 240,
    "use_interventional": true,
    "interventional_fraction": 0.3,
    "c1_r2_threshold": 0.85,
    "c2_dissociation_ratio_required": 1.3,
    "c3_falsification_tol": 0.15,
    "c4_min_events_per_type": 20
  }
}