{
  "schema_version": "metrics/v1",
  "values": {
    "attribution_auc_on": 0.41096796490123133,
    "attribution_auc_ablated": 0.7449903126117519,
    "auc_delta": -0.33402234771052053,
    "min_contacts_eval": 171.0,
    "mean_mismatch_agent": 1.6054643708325247,
    "mean_mismatch_env": 1.4902036665993579,
    "crit1_pass": 0.0,
    "crit2_pass": 0.0,
    "crit3_pass": 0.0,
    "crit4_pass": 1.0,
    "crit5_pass": 0.0,
    "criteria_met": 1.0,
    "n_seeds": 2.0,
    "alpha_world": 0.9,
    "env_drift_prob": 0.3
  }
}
