{
  "schema_version": "metrics/v1",
  "values": {
    "e1_final_loss": 0.0007483949488960207,
    "r2_z_self_body": 0.9935034886318148,
    "r2_z_world_body": 0.4495619214360177,
    "self_other_gap": 0.5439415671957971,
    "d_eff_mean": 23.546721742086916,
    "harm_roc_auc": 0.6555885832319814,
    "phase1_harm_per_ep": 1.1071094772613068,
    "phase3_harm_per_ep": 0.3734980478088064,
    "harm_reduction_ratio": 0.3373632467971829,
    "residue_harm_coverage": 1.0,
    "residue_total_magnitude": 60.95801544189453,
    "num_harm_events": 6866.0,
    "beta_block_rate": 0.0,
    "commitment_rate": 0.0,
    "precision_final": 1.9999960000079997,
    "harm_dense_hazards": 0.821165977621079,
    "harm_low_hazards": 0.035378196242451664,
    "harm_ambiguous": 0.8594064752340325,
    "harm_novel_grid": 0.1878231630802155,
    "crit1_pass": 1.0,
    "crit2_pass": 1.0,
    "crit3_pass": 1.0,
    "crit4_pass": 1.0,
    "crit5_pass": 1.0,
    "criteria_met": 5.0,
    "fatal_error_count": 0.0
  }
}
