{
  "schema_version": "metrics/v1",
  "values": {
    "terrain_loss_initial": 0.3425928704156962,
    "terrain_loss_final": 3.0334188872940683e-06,
    "world_forward_r2": 0.9740451574325562,
    "hippo_quality_gap_intact": -1.638432543238418,
    "hippo_quality_gap_ablated": 0.0,
    "hippo_quality_gap_restored": -1.6383962028147128,
    "ablation_degradation": -1.638432543238418,
    "calibration_gap_approach": -0.00012559341948731317,
    "mean_hippo_residue_intact": 2.033940594601962,
    "mean_random_residue_intact": 0.39550805136354433,
    "mean_hippo_residue_ablated": 0.0,
    "mean_random_residue_ablated": 0.0,
    "e3_tick_total": 10773.0,
    "total_harm_train": 7853.0,
    "crit1_pass": 0.0,
    "crit2_pass": 0.0,
    "crit3_pass": 0.0,
    "crit4_pass": 0.0,
    "crit5_pass": 1.0,
    "criteria_met": 1.0
  }
}
