{
  "status": "FAIL",
  "metrics": {
    "calibration_factor": 2.0,
    "pearson_r_harm_vardiff": 0.8909990482006517,
    "monotone_increases": 3.0,
    "levels_correct_commit": 0.0,
    "levels_calibration_ok": 0.0,
    "fatal_total": 0.0,
    "crit1_pass": 1.0,
    "crit2_pass": 1.0,
    "crit3_pass": 0.0,
    "crit4_pass": 0.0,
    "crit5_pass": 1.0,
    "criteria_met": 3.0,
    "harm_0p005_baseline_var": 3.175077589020258e-05,
    "harm_0p005_calibrated_threshold": 6.350155178040515e-05,
    "harm_0p005_var_diff": -2.6909244415049705e-05,
    "harm_0p005_var_stable": 0.0011748683256229944,
    "harm_0p005_var_perturbed": 0.0011479590812079447,
    "harm_0p005_commit_stable": 0.014084507042253521,
    "harm_0p005_commit_perturbed": 0.014705882352941176,
    "harm_0p01_baseline_var": 3.183142993348389e-05,
    "harm_0p01_calibrated_threshold": 6.366285986696778e-05,
    "harm_0p01_var_diff": -2.3783139012054132e-05,
    "harm_0p01_var_stable": 0.001171202280319079,
    "harm_0p01_var_perturbed": 0.001147419141307025,
    "harm_0p01_commit_stable": 0.014084507042253521,
    "harm_0p01_commit_perturbed": 0.014492753623188406,
    "harm_0p02_baseline_var": 3.210922337564298e-05,
    "harm_0p02_calibrated_threshold": 6.421844675128596e-05,
    "harm_0p02_var_diff": -3.420214862480354e-05,
    "harm_0p02_var_stable": 0.0011697471905856842,
    "harm_0p02_var_perturbed": 0.0011355450419608807,
    "harm_0p02_commit_stable": 0.013888888888888888,
    "harm_0p02_commit_perturbed": 0.015384615384615385,
    "harm_0p05_baseline_var": 3.160221143352152e-05,
    "harm_0p05_calibrated_threshold": 6.320442286704304e-05,
    "harm_0p05_var_diff": -3.828140626030993e-06,
    "harm_0p05_var_stable": 0.0011435999483876058,
    "harm_0p05_var_perturbed": 0.0011397718077615748,
    "harm_0p05_commit_stable": 0.014084507042253521,
    "harm_0p05_commit_perturbed": 0.015873015873015872,
    "harm_0p1_baseline_var": 3.216739284347741e-05,
    "harm_0p1_calibrated_threshold": 6.433478568695482e-05,
    "harm_0p1_var_diff": 3.323178839200998e-06,
    "harm_0p1_var_stable": 0.0011538260498235474,
    "harm_0p1_var_perturbed": 0.0011571492286627484,
    "harm_0p1_commit_stable": 0.014084507042253521,
    "harm_0p1_commit_perturbed": 0.014705882352941176
  },
  "summary_markdown": "# V3-EXQ-396b -- ARC-016 Precision Sweep (EXP-0094 auto-calibration)\n\n**Status:** FAIL\n**Claims:** ARC-016, MECH-093\n**World:** CausalGridWorldV2 (proximity_scale=0.05)\n**alpha_world:** 0.9  (SD-008)\n**Hazard harm levels:** [0.005, 0.01, 0.02, 0.05, 0.1]\n**Calibration factor:** 2.0x (EXP-0094)\n**Supersedes:** V3-EXQ-396a -> V3-EXQ-396 -> V3-EXQ-038\n\n## Root Cause Fixed\n\nEXQ-396a fixed training/eval variance bugs but still failed: fixed threshold (0.40)\n>> post-training variance (~0.07); agent always committed; C3/C4 always failed.\n\nEXQ-396b fixes:\n1. EXP-0094 auto-calibration: threshold = 2x mean(last 100 ep variances).\n   threshold ~= 2 * baseline, so stable eval commits and perturbed eval can break it.\n2. Truly static training env (drift_prob=0.0): baseline drops from ~0.07 to ~0.001.\n3. C3 criterion requires +0.05 margin to avoid passing on noise.\n\nBiological analog: SWS recalibrates prediction-error baseline;\nwaking thresholds are 2x that baseline (EXQ-018b: same factor, PASS).\n\n## Sweep Results\n\n| hazard_harm | baseline_var | cal_threshold | var_stable | var_perturbed | var_diff | commit_stable | commit_perturbed |\n|---|---|---|---|---|---|---|---|\n| 0.005 | 0.000032 | 0.000064 | 0.001175 | 0.001148 | -0.000027 | 0.014 | 0.015 |\n| 0.010 | 0.000032 | 0.000064 | 0.001171 | 0.001147 | -0.000024 | 0.014 | 0.014 |\n| 0.020 | 0.000032 | 0.000064 | 0.001170 | 0.001136 | -0.000034 | 0.014 | 0.015 |\n| 0.050 | 0.000032 | 0.000063 | 0.001144 | 0.001140 | -0.000004 | 0.014 | 0.016 |\n| 0.100 | 0.000032 | 0.000064 | 0.001154 | 0.001157 | 0.000003 | 0.014 | 0.015 |\n**Pearson r(hazard_harm, var_diff):** 0.891\n**Monotone increases in var_diff:** 3/4\n\n## PASS Criteria\n\n| Criterion | Result | Value |\n|---|---|---|\n| C1: var_diff monotone (3+ consec) | PASS | 3/4 |\n| C2: Pearson r > 0.6 | PASS | 0.891 |\n| C3: >= 3 levels commit_stable > commit_perturbed+0.05 | FAIL | 0/5 |\n| C4: >= 3 levels cal_threshold > var_stable | FAIL | 0/5 |\n| C5: no fatal errors | PASS | 0 errors |\n\nCriteria met: 3/5 -> **FAIL**\n\n## Failure Notes\n\n- C3 FAIL: only 0/5 levels show commit_stable > commit_perturbed + 0.05\n- C4 FAIL: only 0/5 levels have calibrated_threshold > var_stable\n\n## Per-Claim Evidence Direction\n\n- ARC-016 (dynamic precision drives commitment): weakens\n  (C3 + C4; mechanism works regardless of hazard_harm scaling)\n- MECH-093 (precision scales with hazard danger): supports\n  (C1 + C2; hazard_harm magnitude must modulate var_diff)\n",
  "claim_ids": [
    "ARC-016",
    "MECH-093"
  ],
  "evidence_direction": "mixed",
  "evidence_direction_per_claim": {
    "ARC-016": "weakens",
    "MECH-093": "supports"
  },
  "experiment_type": "v3_exq_396b_arc016_precision_sweep_calibrated",
  "fatal_error_count": 0,
  "run_timestamp": "20260416T172703Z",
  "claim": "ARC-016",
  "verdict": "FAIL",
  "run_id": "v3_exq_396b_arc016_precision_sweep_calibrated_20260416T172703Z_v3",
  "architecture_epoch": "ree_hybrid_guardrails_v1"
}
