{
  "schema_version": "metrics/v1",
  "values": {
    "benefit_per_ep_goal_present": 0.21333333333333335,
    "benefit_per_ep_goal_absent": 1.0066666666666666,
    "benefit_ratio": 0.21192052980132453,
    "harm_per_ep_goal_present": 1.1193474981439115,
    "harm_per_ep_goal_absent": 1.3065809301368396,
    "enc_final_loss": 0.0008799196843271299,
    "rfm_final_loss": 0.0055938646841677845,
    "prox_r2": 0.9205760875460532,
    "rfm_prox_discrimination": 0.05397544262260066,
    "n_seeds": 3.0,
    "alpha_world": 0.9,
    "lr_enc": 0.001,
    "lr_rfm": 0.0005,
    "curriculum_episodes": 100.0,
    "crit1_pass": 0.0,
    "crit2_pass": 1.0,
    "crit3_pass": 1.0,
    "crit4_pass": 1.0,
    "criteria_met": 3.0
  }
}
