{
  "schema_version": "metrics/v1",
  "values": {
    "alpha_world": 0.9,
    "world_forward_r2": 0.9503878355026245,
    "causal_sig_none": -0.16150407493114474,
    "causal_sig_approach": -0.004513984114206445,
    "causal_sig_contact": 0.059832581281661974,
    "calibration_gap_approach": 0.17362457957948518,
    "mean_harm_eval_none": 0.3650911832397634,
    "n_approach_eval": 1193.0,
    "n_contact_eval": 55.0,
    "n_none_eval": 110.0,
    "crit1_pass": 0.0,
    "crit2_pass": 1.0,
    "crit3_pass": 0.0,
    "crit4_pass": 1.0,
    "crit5_pass": 1.0,
    "criteria_met": 3.0,
    "fatal_error_count": 0.0
  }
}
