{
  "schema_version": "metrics/v1",
  "values": {
    "pearson_r": 0.5812003506490031,
    "c1_increase_count": 2.0,
    "hv_cv_mid": 0.4123083995742486,
    "commit_rate_low_danger": 1.0,
    "commit_rate_high_danger": 1.0,
    "crit1_pass": 0.0,
    "crit2_pass": 0.0,
    "crit3_pass": 1.0,
    "crit4_pass": 0.0,
    "crit5_pass": 1.0,
    "criteria_met": 2.0,
    "fatal_error_count": 0.0,
    "harm_var_mean_0p005": 5.3226012133854124e-05,
    "harm_var_mean_0p01": 5.453686854797973e-05,
    "harm_var_mean_0p02": 5.400246670953541e-05,
    "harm_var_mean_0p05": 5.38650720895255e-05,
    "harm_var_mean_0p1": 5.472560349130665e-05
  }
}
