{
  "schema_version": "metrics/v1",
  "values": {
    "c1_seeds_pass": 3.0,
    "c2_seeds_pass": 3.0,
    "c3_seeds_pass": 3.0,
    "c4_seeds_pass": 2.0,
    "criteria_met": 3.0,
    "n_seeds": 3.0,
    "majority_threshold": 2.0,
    "seed0_warmup_first25_reward": -0.250479372382164,
    "seed0_warmup_last25_reward": -0.24426233243942266,
    "seed0_warmup_improvement": 0.006217039942741337,
    "seed0_warmup_final_rv": 1.261734231683258e-06,
    "seed0_ree_mean_reward": -0.1758914281129837,
    "seed0_ree_mean_harm": 0.3316916899681091,
    "seed0_ree_mean_n_cands": 32.0,
    "seed0_rand_mean_reward": -0.951404990077019,
    "seed0_rand_mean_harm": 1.131831613779068,
    "seed0_harm_ratio": 0.2930574530080716,
    "seed1_warmup_first25_reward": -0.33406339788436895,
    "seed1_warmup_last25_reward": -0.2671262273788452,
    "seed1_warmup_improvement": 0.06693717050552372,
    "seed1_warmup_final_rv": 2.020273291814791e-06,
    "seed1_ree_mean_reward": -0.2266834388971329,
    "seed1_ree_mean_harm": 0.43726695621013645,
    "seed1_ree_mean_n_cands": 32.0,
    "seed1_rand_mean_reward": -1.003037093758583,
    "seed1_rand_mean_harm": 1.108947788834572,
    "seed1_harm_ratio": 0.39430797429126396,
    "seed2_warmup_first25_reward": -0.1853170394897461,
    "seed2_warmup_last25_reward": -0.2567099366188049,
    "seed2_warmup_improvement": -0.07139289712905883,
    "seed2_warmup_final_rv": 1.7415399496136431e-06,
    "seed2_ree_mean_reward": -0.21222918856143955,
    "seed2_ree_mean_harm": 0.35983632600307464,
    "seed2_ree_mean_n_cands": 32.0,
    "seed2_rand_mean_reward": -0.9800280908346178,
    "seed2_rand_mean_harm": 1.1422754665613175,
    "seed2_harm_ratio": 0.31501711849447184
  }
}
