{
  "schema_version": "metrics/v1",
  "values": {
    "r2_rich_mean": 0.10844013352369523,
    "r2_rich_std": 0.020741450426777417,
    "r2_sparse_mean": -5.959170647261466,
    "r2_sparse_std": 1.7944337307669382,
    "delta_mean": 6.067610780785162,
    "delta_std": 1.7737503268589265,
    "n_harm_test_mean": 484.6666666666667,
    "c3_seeds_pass": 3.0,
    "criteria_met": 4.0,
    "n_seeds": 3.0,
    "seed0_r2_rich": 0.0798570741808936,
    "seed0_r2_sparse": -8.382800093914197,
    "seed0_delta": 8.46265716809509,
    "seed0_n_harm_test": 467.0,
    "seed0_n_train_rich_harm": 1015.0,
    "seed0_n_train_sparse_harm": 303.0,
    "seed1_r2_rich": 0.12843851764076997,
    "seed1_r2_sparse": -4.095816324095181,
    "seed1_delta": 4.224254841735951,
    "seed1_n_harm_test": 506.0,
    "seed1_n_train_rich_harm": 978.0,
    "seed1_n_train_sparse_harm": 304.0,
    "seed2_r2_rich": 0.11702480874942212,
    "seed2_r2_sparse": -5.398895523775022,
    "seed2_delta": 5.515920332524444,
    "seed2_n_harm_test": 481.0,
    "seed2_n_train_rich_harm": 981.0,
    "seed2_n_train_sparse_harm": 306.0
  }
}
