{
  "schema_version": "metrics/v1",
  "values": {
    "alpha_world": 0.9,
    "proximity_scale": 0.05,
    "world_forward_r2": 0.9481151103973389,
    "mean_causal_sig_none": -0.03163099786744709,
    "mean_causal_sig_approach": 0.005506721000567498,
    "mean_causal_sig_contact": 0.016949598743042475,
    "n_none": 113.0,
    "n_approach": 1136.0,
    "n_contact": 71.0,
    "train_contact_events": 322.0,
    "train_approach_events": 5886.0,
    "crit1_pass": 1.0,
    "crit2_pass": 1.0,
    "crit3_pass": 1.0,
    "crit4_pass": 1.0,
    "crit5_pass": 1.0,
    "criteria_met": 5.0,
    "fatal_error_count": 0.0,
    "causal_sig_ttype_hazard_approach": 0.005506721000567498,
    "causal_sig_ttype_env_caused_hazard": 0.021570124477148057,
    "causal_sig_ttype_agent_caused_hazard": 0.010987630053873985,
    "causal_sig_ttype_resource": -0.026502468369223854,
    "causal_sig_ttype_none": -0.03163099786744709
  }
}
