{
  "schema_version": "experiment_pack_metrics/v1",
  "values": {
    "alpha_world": 0.9,
    "world_forward_r2": 0.9436593055725098,
    "causal_sig_none": -0.029615328420292252,
    "causal_sig_approach": 0.005713936024519544,
    "causal_sig_contact": 0.021581785462119363,
    "calibration_gap_approach": 0.05996599633578509,
    "mean_harm_eval_none": 0.4871615206653422,
    "n_approach_eval": 1193.0,
    "n_contact_eval": 55.0,
    "n_none_eval": 110.0,
    "crit1_pass": 1.0,
    "crit2_pass": 1.0,
    "crit3_pass": 0.0,
    "crit4_pass": 1.0,
    "crit5_pass": 1.0,
    "criteria_met": 4.0,
    "fatal_error_count": 0.0
  }
}
