{
  "schema_version": "metrics/v1",
  "values": {
    "calibration_gap_sharp": -0.0006963064273198816,
    "calibration_gap_smooth": -0.001967385411262512,
    "delta_calibration_gap": 0.0012710789839426306,
    "env_gap_sharp": 0.004554385940233829,
    "env_gap_smooth": 0.0021092345317205163,
    "approach_gap_sharp": 0.002868899598456265,
    "approach_gap_smooth": 0.0017524607871708398,
    "mean_score_none_sharp": 0.5036338617404302,
    "mean_score_none_smooth": 0.5042547136545181,
    "mean_score_agent_sharp": 0.5029375553131104,
    "mean_score_agent_smooth": 0.5022873282432556,
    "n_agent_min": 1.0,
    "n_env_min": 3.0,
    "n_seeds": 1.0,
    "alpha_world_sharp": 0.9,
    "alpha_world_smooth": 0.3,
    "crit1_pass": 0.0,
    "crit2_pass": 0.0,
    "crit3_pass": 1.0,
    "crit4_pass": 1.0,
    "criteria_met": 2.0
  }
}
