{
  "schema_version": "metrics/v1",
  "values": {
    "combined_benefit_rate": 0.2125,
    "combined_harm_rate": 0.0874830685531207,
    "benefit_only_benefit_rate": 0.35000000000000003,
    "benefit_only_harm_rate": 0.09411585098863544,
    "harm_only_benefit_rate": 0.13749999999999998,
    "harm_only_harm_rate": 0.06270571256235379,
    "random_benefit_rate": 0.8624999999999999,
    "random_harm_rate": 0.04019148739425012,
    "benefit_ratio_vs_random": 0.2463768115942029,
    "benefit_ratio_vs_harm_only": 1.5454545454545456,
    "harm_ratio_vs_harm_only": 1.3951371410719338,
    "enc_final_loss": 0.001150563059859754,
    "rfm_final_loss": 0.007412124485010281,
    "wfm_final_loss": 4.9930015831099206e-05,
    "prox_r2": 0.9020497833213476,
    "benefit_weight": 2.0,
    "harm_weight": 1.0,
    "n_seeds": 3.0,
    "crit1_pass": 0.0,
    "crit2_pass": 1.0,
    "crit3_pass": 0.0,
    "crit4_pass": 0.0,
    "criteria_met": 1.0
  }
}
