{
  "experiment_type": "v3_exq_108_mech135_discriminative_pair",
  "claim_ids": [
    "MECH-135"
  ],
  "evidence_class": "discriminative_pair",
  "evidence_direction": "weakens",
  "seeds": [
    42,
    123
  ],
  "world_dim": 32,
  "self_dim": 32,
  "n_train_episodes": 100,
  "steps_per_episode": 200,
  "n_sequences": 40,
  "rollout_horizon": 30,
  "n_warmup_steps": 20,
  "registered_c1_threshold": 0.05,
  "registered_c3_var_threshold": 0.002,
  "registered_c2_seeds_needed": 1,
  "c1_mean_prox_delta": 0.0022912919521331787,
  "c1_pass": false,
  "c2_pass": true,
  "c2_seeds_passing": 2,
  "c3_pass": false,
  "c3_per_seed_vars": [
    1.4575236430649542e-14,
    1.3846473846787413e-14
  ],
  "criteria_met": 1,
  "criteria_total": 3,
  "status": "FAIL",
  "verdict": "FAIL",
  "seed_42_goal_template_source": "resource_contact",
  "seed_42_z_goal_norm": 0.47477588057518005,
  "seed_42_base_prox": 0.9956399202346802,
  "seed_42_e1coe_score_min": 0.9972779154777527,
  "seed_42_e1coe_score_max": 0.9972785115242004,
  "seed_42_e1coe_score_mean": 0.9972782135009766,
  "seed_42_e1coe_score_var": 1.4575236430649542e-14,
  "seed_42_e1coe_best_score": 0.9972785115242004,
  "seed_42_frozen_base_score": 0.9956399202346802,
  "seed_42_real_prox_frozen": 0.9921513795852661,
  "seed_42_real_prox_e1coe": 0.9935124516487122,
  "seed_42_prox_delta": 0.001361072063446045,
  "seed_42_resource_frozen": false,
  "seed_42_resource_e1coe": true,
  "seed_123_goal_template_source": "resource_contact",
  "seed_123_z_goal_norm": 0.4738193154335022,
  "seed_123_base_prox": 0.9938056468963623,
  "seed_123_e1coe_score_min": 0.9956373572349548,
  "seed_123_e1coe_score_max": 0.9956374764442444,
  "seed_123_e1coe_score_mean": 0.9956372976303101,
  "seed_123_e1coe_score_var": 1.3846473846787413e-14,
  "seed_123_e1coe_best_score": 0.9956374764442444,
  "seed_123_frozen_base_score": 0.9938056468963623,
  "seed_123_real_prox_frozen": 0.9898489117622375,
  "seed_123_real_prox_e1coe": 0.9930704236030579,
  "seed_123_prox_delta": 0.0032215118408203125,
  "seed_123_resource_frozen": false,
  "seed_123_resource_e1coe": false,
  "run_timestamp": "20260328T195341Z",
  "run_id": "v3_exq_108_mech135_discriminative_pair_20260328T195341Z_v3",
  "architecture_epoch": "ree_hybrid_guardrails_v1"
}
