{
  "schema_version": "experiment_pack_metrics/v1",
  "values": {
    "alpha_world": 0.9,
    "proximity_scale": 0.05,
    "grid_size": 8.0,
    "num_hazards": 10.0,
    "world_forward_r2": 0.9185003042221069,
    "causal_sig_low_exposure": -0.012111117806554623,
    "causal_sig_high_exposure": 0.0,
    "escalation_gap": 0.012111117806554623,
    "n_low_exposure": 914.0,
    "n_high_exposure": 0.0,
    "mean_harm_exposure": 0.012561848857950505,
    "mean_harm_exposure_high": 0.0,
    "train_contact_events": 471.0,
    "train_approach_events": 2427.0,
    "crit1_pass": 1.0,
    "crit2_pass": 0.0,
    "crit3_pass": 0.0,
    "crit4_pass": 1.0,
    "crit5_pass": 0.0,
    "criteria_met": 2.0,
    "fatal_error_count": 0.0,
    "causal_sig_ttype_hazard_approach": -0.01150934068272956,
    "causal_sig_ttype_none": -0.012230020864465372,
    "causal_sig_ttype_agent_caused_hazard": -0.011291113262083017,
    "causal_sig_ttype_env_caused_hazard": -0.011035160471995672,
    "causal_sig_ttype_resource": -0.01245160587131977
  }
}
