{
  "schema_version": "metrics/v1",
  "values": {
    "e1_final_loss": 0.0007483949488960207,
    "r2_z_self_body": 0.9934962222056695,
    "r2_z_world_body": 0.4615713081216749,
    "self_other_gap": 0.5319249140839946,
    "d_eff_mean": 23.524648087120056,
    "harm_roc_auc": 0.6490625448093439,
    "phase1_harm_per_ep": 1.1071094772613068,
    "phase3_harm_per_ep": 0.37645026237169915,
    "harm_reduction_ratio": 0.3400298435733172,
    "residue_harm_coverage": 0.0,
    "residue_total_magnitude": 0.0,
    "beta_block_rate": 0.0,
    "commitment_rate": 0.0,
    "precision_final": 1.9999960000079997,
    "harm_dense_hazards": 0.821165977621079,
    "harm_low_hazards": 0.035378196242451664,
    "harm_ambiguous": 0.8594064752340325,
    "harm_novel_grid": 0.1878231630802155,
    "crit1_pass": 1.0,
    "crit2_pass": 0.0,
    "crit3_pass": 1.0,
    "crit4_pass": 1.0,
    "crit5_pass": 0.0,
    "criteria_met": 3.0,
    "fatal_error_count": 0.0
  }
}
