{
  "schema_version": "metrics/v1",
  "values": {
    "mean_harm_rate_on": 0.0,
    "mean_harm_rate_off": 0.011489958164856108,
    "mean_harm_gap": 0.011489958164856108,
    "mean_residue_on": 17.95141689425123,
    "mean_residue_off": 18.240215499744423,
    "mean_residue_gap": 0.2887986054931915,
    "mean_traj_score_on": 6692.887391482993,
    "mean_traj_score_off": 7049.180400423138,
    "mean_traj_gap": -356.2930089401452,
    "per_seed_harm_gap_min": 0.0062038404726735595,
    "per_seed_residue_gap_min": 0.01905301256514491,
    "per_seed_traj_gap_max": 3.8415668441618323,
    "n_harm_min": 0.0,
    "score_var_min": 1.477254216067227e-06,
    "n_seeds": 2.0,
    "nav_bias": 0.25,
    "crit1_pass": 1.0,
    "crit2_pass": 1.0,
    "crit3_pass": 0.0,
    "crit4_pass": 0.0,
    "crit5_pass": 1.0,
    "criteria_met": 3.0
  }
}
