{
  "schema_version": "experiment_pack_metrics/v1",
  "values": {
    "fatal_error_count": 0.0,
    "warmup_harm_events": 1111.0,
    "mean_recon_loss": 0.017201026965568696,
    "mean_e2_world_loss": 0.015880695221803166,
    "e2_rollout_steps": 5.0,
    "grid_size": 12.0,
    "num_hazards": 8.0,
    "obs_view_size": 3.0,
    "world_obs_dim": 72.0,
    "target_stopgrad": 1.0,
    "trained_calibration_gap": -0.01839394536447951,
    "random_calibration_gap": 1.2928413933449009e-05,
    "trained_mean_near_hazard": -0.09485182626528686,
    "trained_mean_safe": -0.07645788090080735,
    "random_mean_near_hazard": 0.00010289490677928196,
    "random_mean_safe": 8.996649284583295e-05,
    "n_near_hazard_probes": 267.0,
    "n_safe_probes": 209.0,
    "trained_harm_eval_degenerate": 0.0,
    "crit1_pass": 0.0,
    "crit2_pass": 1.0,
    "crit3_pass": 1.0,
    "crit4_pass": 1.0,
    "crit5_pass": 1.0,
    "crit6_pass": 1.0,
    "criteria_met": 5.0
  }
}
