{
  "schema_version": "metrics/v1",
  "values": {
    "gap_stream_on": 0.015299121729194565,
    "gap_ablated": 0.019391442269647924,
    "delta_gap": -0.004092320540453359,
    "n_harm_eval_min": 533.0,
    "n_seeds": 2.0,
    "nav_bias": 0.4,
    "alpha_world": 0.9,
    "per_seed_delta_min": -0.006918891329720234,
    "per_seed_delta_max": -0.0012657497511864846,
    "cosine_sim_on": -0.0742906890809536,
    "cosine_sim_ablated": -0.22232968732714653,
    "cosine_delta": 0.14803899824619293,
    "crit1_pass": 0.0,
    "crit2_pass": 0.0,
    "crit3_pass": 1.0,
    "crit4_pass": 1.0,
    "crit5_pass": 1.0,
    "criteria_met": 3.0
  }
}
