{
  "schema_version": "experiment_pack_metrics/v1",
  "values": {
    "mismatch_safe": 0.008976188880149482,
    "mismatch_harm": 0.01367549776544117,
    "mismatch_agent_caused": 0.013847517575520803,
    "mismatch_env_caused": 0.013492726717231562,
    "harm_safe_gap": 0.004699308885291688,
    "agent_env_gap": 0.0003547908582892407,
    "n_safe": 2148.0,
    "n_harm": 264.0,
    "n_agent_caused": 136.0,
    "n_env_caused": 128.0,
    "fatal_error_count": 0.0,
    "crit1_pass": 0.0,
    "crit2_pass": 1.0,
    "crit3_pass": 1.0,
    "crit4_pass": 1.0,
    "crit5_pass": 1.0,
    "criteria_met": 4.0
  }
}
