{
  "schema_version": "experiment_pack_metrics/v1",
  "values": {
    "alpha_world": 0.9,
    "proximity_scale": 0.05,
    "world_forward_r2": 0.9512228965759277,
    "mean_causal_sig_none": -0.09633862866887025,
    "mean_causal_sig_approach": 0.007952709642521451,
    "mean_causal_sig_env_hazard": 0.009678453439846635,
    "mean_causal_sig_agent_hazard": 0.005444010870682227,
    "median_causal_sig_none": -0.09444090723991394,
    "median_causal_sig_approach": 0.0009391084313392639,
    "median_causal_sig_env_hazard": -0.006981603801250458,
    "median_causal_sig_agent_hazard": 0.014887064695358276,
    "std_causal_sig_agent_hazard": 0.06077104238147799,
    "std_causal_sig_env_hazard": 0.0984312601204599,
    "attribution_gap": -0.0017257437973251834,
    "sign_structure_correct": 0.0,
    "n_approach_eval": 1780.0,
    "n_env_hazard_eval": 80.0,
    "n_agent_hazard_eval": 37.0,
    "n_none_eval": 175.0,
    "train_approach_events": 18238.0,
    "train_contact_events": 1141.0,
    "crit1_pass": 0.0,
    "crit2_pass": 1.0,
    "crit3_pass": 1.0,
    "crit4_pass": 1.0,
    "crit5_pass": 0.0,
    "criteria_met": 3.0,
    "fatal_error_count": 0.0
  }
}
