{
  "schema_version": "metrics/v1",
  "values": {
    "calibration_factor": 2.0,
    "pearson_r_harm_vardiff": 0.8909990482006517,
    "monotone_increases": 3.0,
    "levels_correct_commit": 0.0,
    "levels_calibration_ok": 0.0,
    "fatal_total": 0.0,
    "crit1_pass": 1.0,
    "crit2_pass": 1.0,
    "crit3_pass": 0.0,
    "crit4_pass": 0.0,
    "crit5_pass": 1.0,
    "criteria_met": 3.0,
    "harm_0p005_baseline_var": 3.175077589020258e-05,
    "harm_0p005_calibrated_threshold": 6.350155178040515e-05,
    "harm_0p005_var_diff": -2.6909244415049705e-05,
    "harm_0p005_var_stable": 0.0011748683256229944,
    "harm_0p005_var_perturbed": 0.0011479590812079447,
    "harm_0p005_commit_stable": 0.014084507042253521,
    "harm_0p005_commit_perturbed": 0.014705882352941176,
    "harm_0p01_baseline_var": 3.183142993348389e-05,
    "harm_0p01_calibrated_threshold": 6.366285986696778e-05,
    "harm_0p01_var_diff": -2.3783139012054132e-05,
    "harm_0p01_var_stable": 0.001171202280319079,
    "harm_0p01_var_perturbed": 0.001147419141307025,
    "harm_0p01_commit_stable": 0.014084507042253521,
    "harm_0p01_commit_perturbed": 0.014492753623188406,
    "harm_0p02_baseline_var": 3.210922337564298e-05,
    "harm_0p02_calibrated_threshold": 6.421844675128596e-05,
    "harm_0p02_var_diff": -3.420214862480354e-05,
    "harm_0p02_var_stable": 0.0011697471905856842,
    "harm_0p02_var_perturbed": 0.0011355450419608807,
    "harm_0p02_commit_stable": 0.013888888888888888,
    "harm_0p02_commit_perturbed": 0.015384615384615385,
    "harm_0p05_baseline_var": 3.160221143352152e-05,
    "harm_0p05_calibrated_threshold": 6.320442286704304e-05,
    "harm_0p05_var_diff": -3.828140626030993e-06,
    "harm_0p05_var_stable": 0.0011435999483876058,
    "harm_0p05_var_perturbed": 0.0011397718077615748,
    "harm_0p05_commit_stable": 0.014084507042253521,
    "harm_0p05_commit_perturbed": 0.015873015873015872,
    "harm_0p1_baseline_var": 3.216739284347741e-05,
    "harm_0p1_calibrated_threshold": 6.433478568695482e-05,
    "harm_0p1_var_diff": 3.323178839200998e-06,
    "harm_0p1_var_stable": 0.0011538260498235474,
    "harm_0p1_var_perturbed": 0.0011571492286627484,
    "harm_0p1_commit_stable": 0.014084507042253521,
    "harm_0p1_commit_perturbed": 0.014705882352941176
  }
}
