{
  "schema_version": "metrics/v1",
  "values": {
    "alpha_world": 0.9,
    "world_forward_r2": 0.953988254070282,
    "contact_rate_ethical": 0.004823069502969996,
    "contact_rate_random": 0.04579025110782865,
    "contact_rate_reduction": 0.040967181604858655,
    "approach_adv_harm_spread": 0.015880189515888127,
    "advantage_sig_none": 0.024753602557622354,
    "advantage_sig_approach": 0.019188555755785534,
    "advantage_sig_contact": 0.018787540730677153,
    "n_none": 19180.0,
    "n_approach": 420.0,
    "n_contact": 95.0,
    "ethical_contact_steps": 95.0,
    "ethical_total_steps": 19697.0,
    "random_contact_steps": 62.0,
    "random_total_steps": 1354.0,
    "train_contact_events": 437.0,
    "train_approach_events": 8259.0,
    "crit1_pass": 1.0,
    "crit2_pass": 1.0,
    "crit3_pass": 1.0,
    "crit4_pass": 1.0,
    "criteria_met": 4.0,
    "fatal_error_count": 0.0,
    "advantage_sig_ttype_hazard_approach": 0.019188555755785534,
    "advantage_sig_ttype_none": 0.024753602557622354,
    "advantage_sig_ttype_agent_caused_hazard": 0.01841169772179503,
    "advantage_sig_ttype_env_caused_hazard": 0.02029091276620564,
    "advantage_sig_ttype_resource": 0.022641010582447052
  }
}
