{
  "schema_version": "metrics/v1",
  "values": {
    "alpha_world": 0.9,
    "alpha_self": 0.3,
    "warmup_harm_events": 1000.0,
    "warmup_agent_hazard": 371.0,
    "warmup_env_hazard": 629.0,
    "mean_harm_score_none": 0.4746475136550153,
    "mean_harm_score_env_hazard": 0.5169806432079624,
    "mean_harm_score_agent_hazard": 0.5121001016418889,
    "calibration_gap": 0.03745258798687362,
    "env_gap": 0.04233312955294716,
    "harm_pred_std": 0.06882241368293762,
    "n_none_steps": 971.0,
    "n_env_hazard_steps": 74.0,
    "n_agent_hazard_steps": 53.0,
    "fatal_error_count": 0.0,
    "crit1_pass": 0.0,
    "crit2_pass": 1.0,
    "crit3_pass": 1.0,
    "crit4_pass": 1.0,
    "crit5_pass": 1.0,
    "criteria_met": 4.0
  }
}
