{
  "schema_version": "metrics/v1",
  "values": {
    "probe_r2": 0.618670606351469,
    "benefit_r2_probe": 0.08761232421079398,
    "benefit_head_r": 0.27530763075848175,
    "benefit_per_ep_on": 0.19166666666666665,
    "benefit_per_ep_off": 0.6666666666666667,
    "benefit_ratio": 0.2874999999999999,
    "calibration_gap_on": 0.07548239827156067,
    "n_probe_steps_avg": 216.0,
    "n_benefit_samples_avg": 8652.0,
    "crit1_pass": 1.0,
    "crit2_pass": 1.0,
    "crit3_pass": 0.0,
    "crit4_pass": 0.0,
    "criteria_met": 2.0,
    "n_seeds": 2.0,
    "alpha_world": 0.9,
    "benefit_weight": 1.0
  }
}
