{
  "schema_version": "experiment_pack_metrics/v1",
  "values": {
    "fatal_error_count": 0.0,
    "warmup_harm_events": 2262.0,
    "mean_recon_loss": 0.008310208435054922,
    "mean_e2_world_loss": 0.018627892583689337,
    "e2_rollout_steps": 5.0,
    "grid_size": 16.0,
    "num_hazards": 12.0,
    "obs_view_size": 3.0,
    "world_obs_dim": 72.0,
    "target_stopgrad": 1.0,
    "trained_calibration_gap": -0.006607824314736624,
    "random_calibration_gap": -0.0001089977946839411,
    "trained_mean_near_hazard": -0.022899050082938344,
    "trained_mean_safe": -0.01629122576820172,
    "random_mean_near_hazard": -0.00017259199253834078,
    "random_mean_safe": -6.359419785439968e-05,
    "n_near_hazard_probes": 408.0,
    "n_safe_probes": 492.0,
    "trained_harm_eval_degenerate": 0.0,
    "crit1_pass": 0.0,
    "crit2_pass": 1.0,
    "crit3_pass": 1.0,
    "crit4_pass": 1.0,
    "crit5_pass": 1.0,
    "crit6_pass": 1.0,
    "criteria_met": 5.0
  }
}
