{
  "schema_version": "metrics/v1",
  "values": {
    "alpha_world": 0.9,
    "proximity_scale": 0.05,
    "world_forward_r2": 0.9481151103973389,
    "advantage_sig_none": 0.06675535724831652,
    "advantage_sig_approach": 0.04948407598790162,
    "advantage_sig_contact": 0.04405769059548573,
    "n_none": 23554.0,
    "n_approach": 392.0,
    "n_contact": 49.0,
    "train_contact_events": 322.0,
    "train_approach_events": 5886.0,
    "crit1_pass": 0.0,
    "crit2_pass": 0.0,
    "crit3_pass": 1.0,
    "crit4_pass": 1.0,
    "crit5_pass": 0.0,
    "criteria_met": 2.0,
    "fatal_error_count": 0.0,
    "advantage_sig_ttype_env_caused_hazard": 0.04738430446013808,
    "advantage_sig_ttype_hazard_approach": 0.04948407598790162,
    "advantage_sig_ttype_none": 0.06675535724831652,
    "advantage_sig_ttype_agent_caused_hazard": 0.042444786903533066,
    "advantage_sig_ttype_resource": 0.04244167464120047
  }
}
