{
  "schema_version": "experiment_pack_metrics/v1",
  "values": {
    "fatal_error_count": 0.0,
    "warmup_harm_events": 55227.0,
    "warmup_benefit_events": 2114.0,
    "event_classification_acc": 0.6919999718666077,
    "event_selectivity_margin": 1.0569142769351603,
    "mean_dz_world_none": 0.7803145708963275,
    "mean_dz_world_env_hazard": 1.8372288478314878,
    "mean_dz_world_agent_hazard": 1.906625773280859,
    "calibration_gap": 0.0004113772601792307,
    "mean_causal_sig_near_hazard": 0.0014589794657447121,
    "mean_causal_sig_safe": 0.0010476022055654814,
    "n_near_hazard_probes": 440.0,
    "n_safe_probes": 33.0,
    "net_eval_pred_std": 0.00233410089276731,
    "lambda_event": 2.0,
    "mean_ce_loss_train": 1.0864291559031265,
    "crit1_pass": 0.0,
    "crit2_pass": 1.0,
    "crit3_pass": 1.0,
    "crit4_pass": 1.0,
    "criteria_met": 4.0
  }
}
