{
  "schema_version": "experiment_pack_metrics/v1",
  "values": {
    "fatal_error_count": 0.0,
    "warmup_harm_events": 1616.0,
    "mean_recon_loss": 0.029595674027101497,
    "mean_e2_world_loss": 0.00031104584287808187,
    "e2_rollout_steps": 5.0,
    "trained_calibration_gap": -0.002267019116360208,
    "random_calibration_gap": 7.256218629289967e-05,
    "trained_mean_near_hazard": -0.004592183351516723,
    "trained_mean_safe": -0.0023251642351565156,
    "random_mean_near_hazard": -1.751533312390941e-05,
    "random_mean_safe": -9.007751941680908e-05,
    "n_near_hazard_probes": 250.0,
    "n_safe_probes": 46.0,
    "trained_harm_eval_degenerate": 0.0,
    "crit1_pass": 0.0,
    "crit2_pass": 1.0,
    "crit3_pass": 1.0,
    "crit4_pass": 1.0,
    "crit5_pass": 1.0,
    "crit6_pass": 1.0,
    "criteria_met": 5.0
  }
}
