{
  "schema_version": "experiment_pack_metrics/v1",
  "values": {
    "fatal_error_count": 0.0,
    "n_empty_moves": 1341.0,
    "n_env_caused_hazard": 149.0,
    "n_agent_caused_hazard": 91.0,
    "mean_dz_world_empty": 0.05463600790129501,
    "mean_dz_world_env_hazard": 0.056927137076854706,
    "mean_dz_world_agent_hazard": 0.04567530924188239,
    "locomotion_explained_variance": 0.33335989713668823,
    "reafference_predictor_r2_train": 0.3779028654098511,
    "reafference_predictor_r2_test": 0.33335989713668823,
    "perspective_shift_dominance_ratio": 0.959753304079449,
    "num_train_episodes": 300.0,
    "crit1_pass": 1.0,
    "crit2_pass": 1.0,
    "crit3_pass": 1.0,
    "criteria_met": 4.0
  }
}
