{
  "schema_version": "experiment_pack_metrics/v1",
  "values": {
    "harm_per_step_terrain": 0.0014672490822672842,
    "harm_per_step_random": 0.07240508575280855,
    "viability_advantage": 0.07093783667054127,
    "contact_rate_terrain": 0.0011,
    "contact_rate_random": 0.05670665212649945,
    "hippo_quality_gap": 0.394538284756621,
    "calibration_gap_approach": 0.8110609499894653,
    "world_forward_r2": 0.9912319137875268,
    "terrain_loss_initial": 0.19765926464427813,
    "terrain_loss_final": 4.3986747990396315e-06,
    "e3_tick_total": 12146.0,
    "n_approach_terrain": 192.0,
    "n_approach_random": 764.0,
    "crit1_pass": 1.0,
    "crit2_pass": 1.0,
    "crit3_pass": 1.0,
    "crit4_pass": 1.0,
    "crit5_pass": 1.0,
    "criteria_met": 5.0,
    "fatal_error_count": 0.0
  }
}
