{
  "schema_version": "metrics/v1",
  "values": {
    "harm_fwd_r2": 0.0,
    "harm_fwd_r2_hazard": 0.0,
    "max_grad_norm_hf": 0.0648485654965043,
    "hf_loss_init": 0.0042573800310492516,
    "hf_loss_final": 0.0009369900799356401,
    "causal_approach": 0.0004880344989867819,
    "causal_contact": 0.01210700213909149,
    "calibration_gap": 0.08208459615578856,
    "harm_none": 0.5339950094319353,
    "harm_approach": 0.6160796055877239,
    "crit1_grad_nonzero": 1.0,
    "crit2_loss_halved": 1.0,
    "crit3_hazard_r2": 0.0,
    "crit4_full_r2": 0.0,
    "crit5_causal": 0.0,
    "criteria_met": 2.0,
    "phase1_episodes": 1800.0,
    "n_hf_loss_points": 247.0,
    "fatal_error_count": 0.0
  }
}
