{
  "schema_version": "experiment_pack_metrics/v1",
  "values": {
    "latent_prediction_error_mean": 0.20408236750462644,
    "latent_prediction_error_p95": 0.3260302944758063,
    "latent_rollout_consistency_rate": 0.7732353417810602,
    "e1_e2_timescale_separation_ratio": 1.6727923943254814,
    "representation_drift_rate": 0.04171203466200255,
    "fatal_error_count": 0
  }
}
