{
  "schema_version": "metrics/v1",
  "values": {
    "c1_seeds_pass": 1.0,
    "c2_seeds_pass": 1.0,
    "c3_seeds_pass": 1.0,
    "c4_seeds_pass": 0.0,
    "criteria_met": 0.0,
    "n_seeds": 1.0,
    "majority_threshold": 2.0,
    "seed0_warmup_first25_reward": -0.9756484746932983,
    "seed0_warmup_last25_reward": -0.9756484746932983,
    "seed0_warmup_improvement": 0.0,
    "seed0_warmup_final_rv": 0.07306984270891678,
    "seed0_ree_mean_reward": -0.9288353522618612,
    "seed0_ree_mean_harm": 1.0707545439402264,
    "seed0_ree_mean_n_cands": 32.0,
    "seed0_rand_mean_reward": -0.9662400603294374,
    "seed0_rand_mean_harm": 1.1018100460370384,
    "seed0_harm_ratio": 0.971814105154957
  }
}
