{
  "schema_version": "metrics/v1",
  "values": {
    "e3_prediction_error_batched": 0.009099611167078277,
    "harm_pred_std_batched": 0.2023768573999405,
    "batch_uniformity": 1.7530973380808274e-06,
    "e1_per_e3_batched": 3.0,
    "e3_count_batched": 15000.0,
    "e1_count_batched": 60000.0,
    "n_harm_pred_samples_batched": 60000.0,
    "fatal_errors_batched": 0.0,
    "e3_prediction_error_raw": 0.00399476545022178,
    "harm_pred_std_raw": 0.17757870256900787,
    "batch_uniformity_raw": 0.0,
    "e1_per_e3_raw": 0.0,
    "e3_count_raw": 60000.0,
    "e1_count_raw": 60000.0,
    "n_harm_pred_samples_raw": 60000.0,
    "fatal_errors_raw": 0.0,
    "e3_pred_error_reduction_ratio": 2.277883715694269,
    "theta_k": 4.0,
    "crit1_pass": 0.0,
    "crit2_pass": 1.0,
    "crit3_pass": 1.0,
    "crit4_pass": 1.0,
    "crit5_pass": 1.0,
    "criteria_met": 4.0
  }
}
