{
  "schema_version": "metrics/v1",
  "values": {
    "bridge_r2": 0.0,
    "causal_none": -0.016635374869069745,
    "causal_approach": 0.0648837695760815,
    "causal_contact": 0.11606533903824656,
    "calibration_gap": 0.08360199229011456,
    "harm_none": 0.5649603170733298,
    "harm_approach": 0.6485623093634444,
    "n_approach_eval": 1192.0,
    "crit1_pass": 1.0,
    "crit2_pass": 1.0,
    "crit3_pass": 0.0,
    "crit4_pass": 1.0,
    "crit5_pass": 0.0,
    "criteria_met": 3.0,
    "fatal_error_count": 0.0
  }
}
