{
  "experiment_type": "v3_exq_104b_e1_parallel_rollout_trained",
  "claim_ids": [
    "MECH-135"
  ],
  "seed": 42,
  "n_train_episodes": 100,
  "steps_per_episode": 200,
  "rollout_horizon": 30,
  "n_rollouts": 60,
  "world_dim": 32,
  "self_dim": 32,
  "z_goal_norm": 0.40948212146759033,
  "frozen_goal_score_mean": 30.85654640197754,
  "frozen_goal_score_var": 0.004802094306796789,
  "frozen_prox_delta_pos": 0.0,
  "e2world_goal_score_mean": 4.040222644805908,
  "e2world_goal_score_var": 0.007455033715814352,
  "e2world_prox_delta_pos": 0.0,
  "e1pred_goal_score_mean": 30.899812698364258,
  "e1pred_goal_score_var": 3.819731773546664e-06,
  "e1pred_prox_delta_pos": 0.7,
  "variance_ratio": 1.5524546665530172,
  "score_ratio": 1.0014021755974591,
  "best_parallel_pos_frac": 0.7,
  "d1_norm_frozen_step0": 0.40741100112597145,
  "d1_norm_frozen_step10": 0.40741100112597145,
  "d1_norm_frozen_step30": 0.40741100112597145,
  "d1_norm_e2_step0": 0.40728478084007896,
  "d1_norm_e2_step10": 4.537633085250855,
  "d1_norm_e2_step30": 91.53130416870117,
  "d1_norm_e1_step0": 0.4051834950844447,
  "d1_norm_e1_step10": 0.4012521023551623,
  "d1_norm_e1_step30": 0.40141770243644714,
  "c1_variance_ratio_pass": false,
  "c2_score_ratio_pass": false,
  "c3_pos_frac_pass": true,
  "criteria_met": 1,
  "criteria_total": 3,
  "status": "FAIL",
  "run_timestamp": "20260328T182606Z",
  "run_id": "v3_exq_104b_e1_parallel_rollout_trained_20260328T182606Z_v3",
  "architecture_epoch": "ree_hybrid_guardrails_v1",
  "verdict": "FAIL"
}
