{
  "experiment_type": "v3_exq_104b_e1_parallel_rollout_trained",
  "claim_ids": [
    "MECH-135"
  ],
  "seed": 42,
  "n_train_episodes": 5,
  "steps_per_episode": 50,
  "rollout_horizon": 30,
  "n_rollouts": 5,
  "world_dim": 32,
  "self_dim": 32,
  "z_goal_norm": 0.37066522240638733,
  "frozen_goal_score_mean": 30.80698585510254,
  "frozen_goal_score_var": 0.004199076909571886,
  "frozen_prox_delta_pos": 0.0,
  "e2world_goal_score_mean": 4.070770740509033,
  "e2world_goal_score_var": 0.0017146823229268193,
  "e2world_prox_delta_pos": 0.0,
  "e1pred_goal_score_mean": 30.85805320739746,
  "e1pred_goal_score_var": 1.0546546036493964e-06,
  "e1pred_prox_delta_pos": 0.8,
  "variance_ratio": 0.40834744393896766,
  "score_ratio": 1.001657654940185,
  "best_parallel_pos_frac": 0.8,
  "d1_norm_frozen_step0": 0.4086062669754028,
  "d1_norm_frozen_step10": 0.4086062669754028,
  "d1_norm_frozen_step30": 0.4086062669754028,
  "d1_norm_e2_step0": 0.411808705329895,
  "d1_norm_e2_step10": 4.443178749084472,
  "d1_norm_e2_step30": 86.99536895751953,
  "d1_norm_e1_step0": 0.409869784116745,
  "d1_norm_e1_step10": 0.41806047558784487,
  "d1_norm_e1_step30": 0.41814735531806946,
  "c1_variance_ratio_pass": false,
  "c2_score_ratio_pass": true,
  "c3_pos_frac_pass": true,
  "criteria_met": 2,
  "criteria_total": 3,
  "status": "FAIL",
  "run_timestamp": "20260328T122556Z",
  "run_id": "v3_exq_104b_e1_parallel_rollout_trained_20260328T122556Z_v3",
  "architecture_epoch": "ree_hybrid_guardrails_v1",
  "verdict": "FAIL"
}
