{
  "status": "PASS",
  "metrics": {
    "c1_seeds_pass": 3.0,
    "c2_seeds_pass": 3.0,
    "c3_seeds_pass": 3.0,
    "c4_seeds_pass": 2.0,
    "criteria_met": 3.0,
    "n_seeds": 3.0,
    "majority_threshold": 2.0,
    "seed0_warmup_first25_reward": -0.250479372382164,
    "seed0_warmup_last25_reward": -0.24426233243942266,
    "seed0_warmup_improvement": 0.006217039942741337,
    "seed0_warmup_final_rv": 1.261734231683258e-06,
    "seed0_ree_mean_reward": -0.1758914281129837,
    "seed0_ree_mean_harm": 0.3316916899681091,
    "seed0_ree_mean_n_cands": 32.0,
    "seed0_rand_mean_reward": -0.951404990077019,
    "seed0_rand_mean_harm": 1.131831613779068,
    "seed0_harm_ratio": 0.2930574530080716,
    "seed1_warmup_first25_reward": -0.33406339788436895,
    "seed1_warmup_last25_reward": -0.2671262273788452,
    "seed1_warmup_improvement": 0.06693717050552372,
    "seed1_warmup_final_rv": 2.020273291814791e-06,
    "seed1_ree_mean_reward": -0.2266834388971329,
    "seed1_ree_mean_harm": 0.43726695621013645,
    "seed1_ree_mean_n_cands": 32.0,
    "seed1_rand_mean_reward": -1.003037093758583,
    "seed1_rand_mean_harm": 1.108947788834572,
    "seed1_harm_ratio": 0.39430797429126396,
    "seed2_warmup_first25_reward": -0.1853170394897461,
    "seed2_warmup_last25_reward": -0.2567099366188049,
    "seed2_warmup_improvement": -0.07139289712905883,
    "seed2_warmup_final_rv": 1.7415399496136431e-06,
    "seed2_ree_mean_reward": -0.21222918856143955,
    "seed2_ree_mean_harm": 0.35983632600307464,
    "seed2_ree_mean_n_cands": 32.0,
    "seed2_rand_mean_reward": -0.9800280908346178,
    "seed2_rand_mean_harm": 1.1422754665613175,
    "seed2_harm_ratio": 0.31501711849447184
  },
  "summary_markdown": "# V3-EXQ-223 -- Minimal Vertebrate Cognition Ablation\n\n**Status:** PASS\n**Purpose:** Milestone validation -- core E1/E2/hippocampus loop as gradient-follower\n**Ablation:** commitment_threshold=-1.0 (always uncommitted, no argmin, no BetaGate hold)\n             z_goal_enabled=False, benefit_eval_enabled=False, goal_weight=0.0\n**Warmup:** 100 eps | **Eval:** 50 eps | **Seeds:** [0, 1, 2]\n\n## Evolutionary Hypothesis\n\nIf REE correctly decomposes vertebrate cognition, the minimal loop\n(E1 associations + E2 transitions + hippocampal sequences + multinomial\ngo/no-go + raw harm/goal signals) should produce gradient-following\nbehavior without the commitment architecture.\n\nSidesteps SD-011 (z_world perp z_harm) and SD-012 (z_goal seeding failures)\nby using raw environmental signals, not latent harm/goal substrates.\n\n## Ablation Config\n\n- commitment_threshold = -1.0  (committed = rv < -1.0 = always False)\n- z_goal_enabled = False\n- benefit_eval_enabled = False\n- goal_weight = 0.0\n\n## Pre-registered Thresholds\n\n| Criterion | Threshold | Seed requirement |\n|-----------|-----------|-----------------|\n| C1: ree_reward > rand_reward | > 0.0 | >= 2/3 seeds |\n| C2: harm_ratio (ree/rand) | < 1.0 | >= 2/3 seeds |\n| C3: n_cands per e3 tick (info) | >= 2 | informational |\n| C4: warmup improvement delta | > 0.0 | >= 2/3 seeds |\n\n## Results by Seed\n\n| Seed | W-first25 | W-last25 | W-delta | REE reward | rand reward | REE harm | rand harm | harm ratio | n_cands |\n|------|-----------|----------|---------|------------|------------|---------|----------|-----------|---------|\n| 0 | -0.2505 | -0.2443 | 0.0062 | -0.1759 | -0.9514 | 0.3317 | 1.1318 | 0.2931 | 32.0 |\n| 1 | -0.3341 | -0.2671 | 0.0669 | -0.2267 | -1.0030 | 0.4373 | 1.1089 | 0.3943 | 32.0 |\n| 2 | -0.1853 | -0.2567 | -0.0714 | -0.2122 | -0.9800 | 0.3598 | 1.1423 | 0.3150 | 32.0 |\n\n## PASS Criteria\n\n| Criterion | Seeds passing | Required | Result |\n|-----------|--------------|---------|--------|\n| C1 ree > rand reward | 3/3 | >=2 | PASS |\n| C2 harm ratio < 1.0 | 3/3 | >=2 | PASS |\n| C3 n_cands >= 2 (info) | 3/3 | informational | PASS |\n| C4 warmup improvement > 0 | 2/3 | >=2 | PASS |\n\nCriteria met (C1+C2+C4): 3/3 -> **PASS**\n\n",
  "claim_ids": [],
  "experiment_purpose": "diagnostic",
  "evidence_direction": "supports",
  "experiment_type": "v3_exq_223_minimal_vertebrate_ablation",
  "run_timestamp": "20260404T114052Z",
  "run_id": "v3_exq_223_minimal_vertebrate_ablation_20260404T114052Z_v3",
  "architecture_epoch": "ree_hybrid_guardrails_v1"
}
