{
  "schema_version": "metrics/v1",
  "values": {
    "terrain_loss_initial": 0.29141582295768254,
    "terrain_loss_final": 3.4271016967938304e-06,
    "world_forward_r2": 0.9658136367797852,
    "hippo_quality_gap_intact": -1.6402482765547721,
    "hippo_quality_gap_ablated": 0.0,
    "hippo_quality_gap_restored": -1.6401520807228307,
    "ablation_degradation": -1.6402482765547721,
    "calibration_gap_approach": -0.0001277515590422107,
    "mean_hippo_residue_intact": 2.03483203639222,
    "mean_random_residue_intact": 0.394583759837448,
    "mean_hippo_residue_ablated": 0.0,
    "mean_random_residue_ablated": 0.0,
    "e3_tick_total": 10479.0,
    "total_harm_train": 4707.0,
    "crit1_pass": 0.0,
    "crit2_pass": 0.0,
    "crit3_pass": 0.0,
    "crit4_pass": 0.0,
    "crit5_pass": 1.0,
    "criteria_met": 1.0
  }
}
