{
  "schema_version": "metrics/v1",
  "values": {
    "event_selectivity_delta": -0.002127822080141912,
    "selectivity_margin_on": 0.0034697771649629325,
    "selectivity_margin_off": 0.005597599245104844,
    "mean_dz_loco_on": 0.04591726605692817,
    "mean_dz_loco_off": 0.0421773097919328,
    "mean_dz_event_on": 0.04938704322189111,
    "mean_dz_event_off": 0.04777490903703764,
    "reafference_r2_avg": 0.3389297425746918,
    "calibration_gap_on": -0.00011466437993307155,
    "calibration_gap_off": -4.049892914084752e-05,
    "n_event_steps_min": 45.0,
    "alpha_world": 0.9,
    "n_seeds": 2.0,
    "crit1_pass": 0.0,
    "crit2_pass": 1.0,
    "crit3_pass": 1.0,
    "crit4_pass": 1.0,
    "criteria_met": 3.0
  }
}
