{
  "schema_version": "metrics/v1",
  "values": {
    "z_goal_norm_avg": 0.2279590368270874,
    "benefit_per_ep_goal_present": 0.18000000000000002,
    "benefit_per_ep_goal_absent": 0.6366666666666666,
    "benefit_ratio": 0.2827225130890053,
    "calibration_gap_goal_present": 0.02999606728553772,
    "goal_resource_r": 0.08738590686769158,
    "goal_vs_harm_ratio": 2.1039267611205243,
    "mech124_flag_goal_resource": 1.0,
    "mech124_flag_salience": 0.0,
    "drive_weight": 2.0,
    "novelty_bonus_weight": 0.1,
    "n_seeds": 3.0,
    "alpha_world": 0.9,
    "curriculum_episodes": 100.0,
    "crit1_pass": 1.0,
    "crit2_pass": 0.0,
    "crit3_pass": 1.0,
    "crit4_pass": 1.0,
    "criteria_met": 3.0
  }
}
