{
  "run_id": "v3_exq_207_mech155_general_indexing_probe_1775167615_v3",
  "experiment_type": "v3_exq_207_mech155_general_indexing_probe",
  "architecture_epoch": "ree_hybrid_guardrails_v1",
  "claim_ids": [
    "MECH-155"
  ],
  "experiment_purpose": "evidence",
  "outcome": "PARTIAL",
  "evidence_direction": "mixed",
  "timestamp": 1775167615,
  "dry_run": true,
  "seeds": [
    42,
    7,
    123
  ],
  "warmup_episodes": 3,
  "eval_episodes": 2,
  "steps_per_episode": 20,
  "harm_history_k": 6,
  "max_rsa_points": 400,
  "thresh_rsa": 0.05,
  "thresh_shuffle": 0.02,
  "mean_rsa_spatial": 0.05746217973519341,
  "mean_rsa_event": 0.026988020954303693,
  "mean_rsa_sequential": 0.010521235632608206,
  "cross_domain_indexing_similarity": -0.0018790632017112255,
  "spatial_vs_concept_cosine": 0.026988020954303693,
  "traversal_order_correlation": 0.010521235632608206,
  "mean_rsa_shuffle": 0.038388545884067614,
  "c1_spatial_signal_pass": true,
  "c2_event_signal_pass": false,
  "c3_cross_domain_pass": false,
  "c4_shuffle_control_pass": false,
  "c1_count": 2,
  "c2_count": 1,
  "c3_count": 1,
  "c4_count": 1,
  "n_seeds": 3,
  "seed_results": [
    {
      "seed": 42,
      "n_collected": 40,
      "n_rsa_points": 40,
      "rsa_spatial": -0.029582357832732997,
      "rsa_event": -0.13639472679050324,
      "rsa_sequential": -0.12787587396783007,
      "cross_domain_indexing_similarity": 0.03198348957990246,
      "spatial_vs_concept_cosine": -0.13639472679050324,
      "traversal_order_correlation": -0.12787587396783007,
      "rsa_shuffle": -0.0593907818844086,
      "c1_spatial_signal": false,
      "c2_event_signal": false,
      "c3_cross_domain": false,
      "c4_shuffle_control": true
    },
    {
      "seed": 7,
      "n_collected": 39,
      "n_rsa_points": 39,
      "rsa_spatial": 0.1049479010750113,
      "rsa_event": 0.2484832781754331,
      "rsa_sequential": 0.053584427864467585,
      "cross_domain_indexing_similarity": -0.01943939203124903,
      "spatial_vs_concept_cosine": 0.2484832781754331,
      "traversal_order_correlation": 0.053584427864467585,
      "rsa_shuffle": 0.11442035245411611,
      "c1_spatial_signal": true,
      "c2_event_signal": true,
      "c3_cross_domain": true,
      "c4_shuffle_control": false
    },
    {
      "seed": 123,
      "n_collected": 40,
      "n_rsa_points": 40,
      "rsa_spatial": 0.09702099596330192,
      "rsa_event": -0.03112448852201876,
      "rsa_sequential": 0.1058551530011871,
      "cross_domain_indexing_similarity": -0.01818128715378711,
      "spatial_vs_concept_cosine": -0.03112448852201876,
      "traversal_order_correlation": 0.1058551530011871,
      "rsa_shuffle": 0.06013606708249533,
      "c1_spatial_signal": true,
      "c2_event_signal": false,
      "c3_cross_domain": false,
      "c4_shuffle_control": false
    }
  ]
}