{
  "run_id": "v3_exq_207_mech155_general_indexing_probe_1775181944_v3",
  "experiment_type": "v3_exq_207_mech155_general_indexing_probe",
  "architecture_epoch": "ree_hybrid_guardrails_v1",
  "claim_ids": [
    "MECH-155"
  ],
  "experiment_purpose": "evidence",
  "outcome": "FAIL",
  "evidence_direction": "weakens",
  "timestamp": 1775181944,
  "dry_run": false,
  "seeds": [
    42,
    7,
    123
  ],
  "warmup_episodes": 100,
  "eval_episodes": 10,
  "steps_per_episode": 200,
  "harm_history_k": 6,
  "max_rsa_points": 400,
  "thresh_rsa": 0.05,
  "thresh_shuffle": 0.02,
  "mean_rsa_spatial": 0.018537710956088204,
  "mean_rsa_event": -0.10833508965525802,
  "mean_rsa_sequential": 0.06493181849520663,
  "cross_domain_indexing_similarity": 0.018345234091174,
  "spatial_vs_concept_cosine": -0.10833508965525802,
  "traversal_order_correlation": 0.06493181849520663,
  "mean_rsa_shuffle": 0.038420377361740365,
  "c1_spatial_signal_pass": false,
  "c2_event_signal_pass": false,
  "c3_cross_domain_pass": false,
  "c4_shuffle_control_pass": false,
  "c1_count": 0,
  "c2_count": 0,
  "c3_count": 0,
  "c4_count": 0,
  "n_seeds": 3,
  "seed_results": [
    {
      "seed": 42,
      "n_collected": 244,
      "n_rsa_points": 244,
      "rsa_spatial": 0.03187091832853674,
      "rsa_event": -0.12099386562476787,
      "rsa_sequential": 0.058890303145916104,
      "cross_domain_indexing_similarity": 0.031006536841508496,
      "spatial_vs_concept_cosine": -0.12099386562476787,
      "traversal_order_correlation": 0.058890303145916104,
      "rsa_shuffle": 0.032372159258305735,
      "c1_spatial_signal": false,
      "c2_event_signal": false,
      "c3_cross_domain": false,
      "c4_shuffle_control": false
    },
    {
      "seed": 7,
      "n_collected": 272,
      "n_rsa_points": 272,
      "rsa_spatial": -0.017567525802294714,
      "rsa_event": -0.0008901275068477852,
      "rsa_sequential": 0.0315138487524269,
      "cross_domain_indexing_similarity": -0.030951481210842804,
      "spatial_vs_concept_cosine": -0.0008901275068477852,
      "traversal_order_correlation": 0.0315138487524269,
      "rsa_shuffle": 0.06231907566713835,
      "c1_spatial_signal": false,
      "c2_event_signal": false,
      "c3_cross_domain": false,
      "c4_shuffle_control": false
    },
    {
      "seed": 123,
      "n_collected": 249,
      "n_rsa_points": 249,
      "rsa_spatial": 0.04130974034202259,
      "rsa_event": -0.20312127583415845,
      "rsa_sequential": 0.10439130358727687,
      "cross_domain_indexing_similarity": 0.05498064664285631,
      "spatial_vs_concept_cosine": -0.20312127583415845,
      "traversal_order_correlation": 0.10439130358727687,
      "rsa_shuffle": 0.02056989715977701,
      "c1_spatial_signal": false,
      "c2_event_signal": false,
      "c3_cross_domain": false,
      "c4_shuffle_control": false
    }
  ]
}