{
  "schema_version": "experiment_pack_metrics/v1",
  "values": {
    "fatal_error_count": 0.0,
    "self_world_correlation": 0.08483746647834778,
    "world_selectivity_margin": 0.020875200629234314,
    "body_selectivity_margin": -0.03273579850792885,
    "z_world_world_delta_corr": 0.16236086189746857,
    "z_self_world_delta_corr": 0.14148566126823425,
    "z_self_body_delta_corr": 0.034878525882959366,
    "z_world_body_delta_corr": 0.06761432439088821,
    "mean_survival_steps": 181.6,
    "harm_events": 2822.0,
    "agent_caused_harm": 2624.0,
    "total_residue": 5.247984409332275,
    "num_harm_events_residue": 2624.0,
    "record_count": 9080.0,
    "num_train_episodes": 500.0,
    "alpha_world": 0.9,
    "crit1_pass": 1.0,
    "crit2_pass": 1.0
  }
}
