{
  "schema_version": "metrics/v1",
  "values": {
    "mean_z_harm_a_norm_high": 0.3923228568199909,
    "mean_z_harm_a_norm_low": 0.42494517257324904,
    "harm_a_ratio": 0.923231706444118,
    "autocorr_lag10_z_harm_a": -0.016702010413372548,
    "autocorr_lag10_z_harm_s": 0.06109885913605622,
    "std_z_harm_a_high": 0.02568027258461274,
    "std_z_harm_s_high": 0.36860796002459023,
    "crit1_harm_a_responds": 0.0,
    "crit2_temporal_stability": 0.0,
    "crit3_smoother": 1.0,
    "crit4_no_errors": 1.0,
    "criteria_met": 2.0,
    "fatal_error_count": 0.0
  }
}
