{
  "schema_version": "experiment_pack_metrics/v1",
  "values": {
    "causal_sig_none": 2.7959097329105805e-05,
    "causal_sig_approach": 2.2584987136526105e-05,
    "causal_sig_contact": 2.139222388146155e-05,
    "causal_sig_gap_approach": -5.3741101925797005e-06,
    "causal_sig_gap_contact": -1.1927632550645533e-06,
    "calibration_gap_approach": -0.00011949359241636426,
    "mean_harm_eval_approach": 0.5002267759223029,
    "mean_harm_eval_none": 0.5003462695147193,
    "n_approach_eval": 424.0,
    "n_contact_eval": 17.0,
    "n_none_eval": 19559.0,
    "terrain_loss_initial": 0.2235783240137108,
    "terrain_loss_final": 1.4779790126471693e-05,
    "world_forward_r2": 0.0,
    "e3_tick_total": 8125.0,
    "alpha_world": 0.9,
    "crit1_pass": 0.0,
    "crit2_pass": 0.0,
    "crit3_pass": 0.0,
    "crit4_pass": 0.0,
    "crit5_pass": 1.0,
    "crit6_pass": 0.0,
    "criteria_met": 1.0,
    "fatal_error_count": 0.0
  }
}
