{
  "schema_version": "metrics/v1",
  "values": {
    "z_goal_norm_world_avg": 0.3806346555550893,
    "z_goal_norm_resource_avg": 2.7035206158955893,
    "benefit_per_ep_goal_present": 0.4066666666666667,
    "benefit_per_ep_goal_absent": 0.6333333333333334,
    "benefit_ratio": 0.6421052631578946,
    "calibration_gap_goal_present": 0.04860761761665344,
    "goal_resource_r_world": -0.009623153020547759,
    "goal_resource_r_rfm": -0.16915407115100164,
    "goal_vs_harm_ratio": 1.2122288954154505,
    "rfm_final_loss": 0.007809819442200629,
    "mech124_flag_salience": 0.0,
    "drive_weight": 2.0,
    "n_seeds": 3.0,
    "alpha_world": 0.9,
    "lr_rfm": 0.0005,
    "curriculum_episodes": 100.0,
    "crit1_pass": 1.0,
    "crit2_pass": 0.0,
    "crit3_pass": 0.0,
    "crit4_pass": 1.0,
    "criteria_met": 2.0
  }
}
