{
  "schema_version": "metrics/v1",
  "values": {
    "z_goal_norm_world_avg": 0.3806346555550893,
    "z_goal_norm_resource_avg": 3.396495819091797,
    "benefit_per_ep_goal_present": 0.65,
    "benefit_per_ep_goal_absent": 0.6333333333333334,
    "benefit_ratio": 1.026315789473684,
    "calibration_gap_goal_present": -0.038743158181508384,
    "goal_resource_r_world": -0.03837696448814829,
    "goal_resource_r_rfm": 0.2178018172573335,
    "goal_vs_harm_ratio": 0.9634888028735614,
    "rfm_final_loss": 0.007809819442200629,
    "mech124_flag_salience": 0.0,
    "drive_weight": 2.0,
    "n_seeds": 3.0,
    "alpha_world": 0.9,
    "lr_rfm": 0.0005,
    "curriculum_episodes": 100.0,
    "crit1_pass": 1.0,
    "crit2_pass": 0.0,
    "crit3_pass": 1.0,
    "crit4_pass": 1.0,
    "criteria_met": 3.0
  }
}
