{
  "schema_version": "metrics/v1",
  "values": {
    "world_forward_r2_split": 0.9480041265487671,
    "world_forward_r2_unified": 0.9647996425628662,
    "wf_r2_delta": -0.01679551601409912,
    "attribution_gap_split": -0.0014955867200264555,
    "attribution_gap_unified": -0.0006843006284637925,
    "attr_gap_delta": -0.000811286091562663,
    "causal_sig_approach_split": -0.00014060465956150964,
    "causal_sig_approach_unified": -6.254324305816536e-05,
    "causal_sig_none_split": 0.0013549820604649458,
    "causal_sig_none_unified": 0.0006217573854056271,
    "harm_eval_pearson_r_split": 0.9999101674374028,
    "harm_eval_pearson_r_unified": 0.9999101674374028,
    "n_approach_split": 801.0,
    "n_approach_unified": 801.0,
    "alpha_world": 0.9,
    "seed": 0.0,
    "crit1_pass": 0.0,
    "crit2_pass": 0.0,
    "crit3_pass": 1.0,
    "crit4_pass": 1.0,
    "crit5_pass": 1.0,
    "criteria_met": 3.0,
    "fatal_error_count": 0.0
  }
}
