{
  "schema_version": "metrics/v1",
  "values": {
    "combined_benefit_rate": 0.15333333333333335,
    "combined_mean_benefit": 0.0030046594333112526,
    "combined_harm_rate": 0.14609310085592866,
    "harm_only_benefit_rate": 0.12666666666666668,
    "harm_only_mean_benefit": 0.0018510975114520783,
    "harm_only_harm_rate": 0.18430891580139264,
    "random_benefit_rate": 0.21,
    "random_mean_benefit": 0.006886144109474037,
    "random_harm_rate": 0.2531854245209681,
    "benefit_eval_auc": 0.538400122739939,
    "benefit_ratio": 1.2105263157894737,
    "harm_ratio": 0.7926534656269992,
    "benefit_weight": 1.0,
    "n_seeds": 3.0,
    "crit1_pass": 1.0,
    "crit2_pass": 0.0,
    "crit3_pass": 1.0,
    "criteria_met": 2.0
  }
}
