{
  "queue_id": "V3-EXQ-590a",
  "experiment_type": "v3_exq_590_isef004_novelty_bonus_goldilocks",
  "updated_at_utc": "20260521T050855Z",
  "complete": false,
  "arm_results": {
    "ARM_nbw01": [
      {
        "arm": "ARM_nbw01",
        "seed": 42,
        "novelty_bonus_weight": 0.1,
        "mean_h_pos_eval": 0.38509859250573847,
        "mean_coverage_eval": 1.0,
        "mean_novelty_ema_eval": 0.011197318978187891,
        "c1_seed_pass": true,
        "c2_seed_pass": true,
        "ep_h_pos_last5": [
          0.6268694575724263,
          0.0,
          0.5510799280869728,
          0.9572981744302187,
          0.0
        ],
        "ep_coverage_last5": [
          1.0,
          1.0,
          1.0,
          1.0,
          1.0
        ],
        "ep_novelty_ema_last5": [
          0.011184066126913006,
          0.01109073601475415,
          0.011275052778675005,
          0.011197968576174432,
          0.011101676786223272
        ]
      }
    ]
  }
}
