{
  "schema_version": "metrics/v1",
  "values": {
    "p1_mean_rate_high_harm": 9.1025,
    "p1_mean_rate_low_harm": 8.36,
    "p1_rate_gap": -0.7424999999999997,
    "p1_n_high_harm_ticks": 1600.0,
    "p1_n_low_harm_ticks": 100.0,
    "harm_rate_on": 0.26154492023509657,
    "harm_rate_off": 0.3048780487804878,
    "harm_rate_ratio": 0.8578673383711167,
    "action_var_on": 0.22208085971367633,
    "action_var_off": 1.3083188699785921,
    "action_var_ratio": 0.1697452087634494,
    "crit1_pass": 0.0,
    "crit2_pass": 1.0,
    "crit3_pass": 1.0,
    "criteria_met": 2.0,
    "alpha_world": 0.9,
    "seed": 42.0,
    "warmup_episodes": 200.0,
    "eval_episodes": 40.0
  }
}
