{
  "schema_version": "metrics/v1",
  "values": {
    "mean_harm_scalar": 0.44386148668825626,
    "mean_harm_vector": 0.44386148668825626,
    "mean_benefit_scalar": 0.2602083331346512,
    "mean_benefit_vector": 0.2602083331346512,
    "mean_harm_ratio": 1.0,
    "mean_dim_var_0": 0.004062912659719586,
    "mean_dim_var_1": 1.962721898962627e-05,
    "mean_dim_var_2": 1.2770864486810751e-05,
    "mean_benefit_dim2": 1.8122470919479383e-06,
    "thresh_harm_ratio": 0.92,
    "thresh_dim_var": 0.01,
    "thresh_benefit_min": 0.01,
    "thresh_no_regression": 1.1,
    "crit1_pass": 0.0,
    "crit2_pass": 0.0,
    "crit3_pass": 0.0,
    "crit4_pass": 1.0,
    "crit5_pass": 1.0,
    "criteria_met": 2.0
  }
}
