{
  "run_id": "v3_exq_324a_sd020_harm_surprise_pe_20260416T172747Z_v3",
  "experiment_type": "v3_exq_324a_sd020_harm_surprise_pe",
  "architecture_epoch": "ree_hybrid_guardrails_v1",
  "claim_ids": [
    "SD-020"
  ],
  "experiment_purpose": "evidence",
  "evidence_direction": "does_not_support",
  "outcome": "FAIL",
  "timestamp_utc": "20260416T172806Z",
  "supersedes": "v3_exq_324_sd020_harm_surprise_pe",
  "substrate_notes": "SD-022 active: limb_damage_enabled=True, 7-dim harm_obs_a, 8 hazards",
  "registered_thresholds": {
    "C1": "surprise_corr_PE > surprise_corr_EMA",
    "C2": "surprise_corr_PE >= 0.15",
    "C3": "z_harm_a_norm_PE > 0.01",
    "pass_min_seeds": 3
  },
  "seeds_passing": 2,
  "total_seeds": 5,
  "per_seed_results": [
    {
      "seed": 42,
      "seed_pass": true,
      "surprise_corr_pe": 0.3257605229220263,
      "surprise_corr_ema": -0.9904854210904206,
      "magnitude_corr_pe": 0.20409158564003982,
      "magnitude_corr_ema": -0.9878049260490328,
      "z_harm_a_norm_pe": 0.6025437638163567,
      "z_harm_a_norm_ema": 0.6435014382004738,
      "harm_pe_mean_pe": 0.01466186940931936,
      "mean_damage_mean": 0.017975687514990568,
      "c1_surprise_corr_higher": true,
      "c2_abs_threshold": true,
      "c3_no_collapse": true,
      "condition_results": {
        "PE_TARGET": {
          "surprise_corr": 0.3257605229220263,
          "magnitude_corr": 0.20409158564003982,
          "z_harm_a_mean_norm": 0.6025437638163567,
          "harm_pe_mean": 0.01466186940931936,
          "mean_damage_mean": 0.017975687514990568,
          "n_eval_steps": 8
        },
        "EMA_TARGET": {
          "surprise_corr": -0.9904854210904206,
          "magnitude_corr": -0.9878049260490328,
          "z_harm_a_mean_norm": 0.6435014382004738,
          "harm_pe_mean": 0.01466186940931936,
          "mean_damage_mean": 0.017975687514990568,
          "n_eval_steps": 8
        }
      }
    },
    {
      "seed": 43,
      "seed_pass": false,
      "surprise_corr_pe": -0.3717267556339097,
      "surprise_corr_ema": 0.9914522284466506,
      "magnitude_corr_pe": -0.26584556370550066,
      "magnitude_corr_ema": 0.9983520240396844,
      "z_harm_a_norm_pe": 0.486295137140486,
      "z_harm_a_norm_ema": 0.5007892681492699,
      "harm_pe_mean_pe": 0.013422160119111013,
      "mean_damage_mean": 0.0167675310642355,
      "c1_surprise_corr_higher": false,
      "c2_abs_threshold": false,
      "c3_no_collapse": true,
      "condition_results": {
        "PE_TARGET": {
          "surprise_corr": -0.3717267556339097,
          "magnitude_corr": -0.26584556370550066,
          "z_harm_a_mean_norm": 0.486295137140486,
          "harm_pe_mean": 0.013422160119111013,
          "mean_damage_mean": 0.0167675310642355,
          "n_eval_steps": 9
        },
        "EMA_TARGET": {
          "surprise_corr": 0.9914522284466506,
          "magnitude_corr": 0.9983520240396844,
          "z_harm_a_mean_norm": 0.5007892681492699,
          "harm_pe_mean": 0.013422160119111013,
          "mean_damage_mean": 0.0167675310642355,
          "n_eval_steps": 9
        }
      }
    },
    {
      "seed": 44,
      "seed_pass": false,
      "surprise_corr_pe": 0.665711610673274,
      "surprise_corr_ema": 0.9948711764582556,
      "magnitude_corr_pe": 0.6942968498614559,
      "magnitude_corr_ema": 0.9962421701665085,
      "z_harm_a_norm_pe": 0.46162547667821247,
      "z_harm_a_norm_ema": 0.47129101554552716,
      "harm_pe_mean_pe": 0.013212976311993163,
      "mean_damage_mean": 0.014863506968443593,
      "c1_surprise_corr_higher": false,
      "c2_abs_threshold": true,
      "c3_no_collapse": true,
      "condition_results": {
        "PE_TARGET": {
          "surprise_corr": 0.665711610673274,
          "magnitude_corr": 0.6942968498614559,
          "z_harm_a_mean_norm": 0.46162547667821247,
          "harm_pe_mean": 0.013212976311993163,
          "mean_damage_mean": 0.014863506968443593,
          "n_eval_steps": 6
        },
        "EMA_TARGET": {
          "surprise_corr": 0.9948711764582556,
          "magnitude_corr": 0.9962421701665085,
          "z_harm_a_mean_norm": 0.47129101554552716,
          "harm_pe_mean": 0.013212976311993163,
          "mean_damage_mean": 0.014863506968443593,
          "n_eval_steps": 6
        }
      }
    },
    {
      "seed": 45,
      "seed_pass": false,
      "surprise_corr_pe": -0.9384053066472684,
      "surprise_corr_ema": 0.41312615152808607,
      "magnitude_corr_pe": -0.9017905022228623,
      "magnitude_corr_ema": 0.5039306153834232,
      "z_harm_a_norm_pe": 0.3537226676940918,
      "z_harm_a_norm_ema": 0.3985164135694504,
      "harm_pe_mean_pe": 0.014121332654535648,
      "mean_damage_mean": 0.01806652368977666,
      "c1_surprise_corr_higher": false,
      "c2_abs_threshold": false,
      "c3_no_collapse": true,
      "condition_results": {
        "PE_TARGET": {
          "surprise_corr": -0.9384053066472684,
          "magnitude_corr": -0.9017905022228623,
          "z_harm_a_mean_norm": 0.3537226676940918,
          "harm_pe_mean": 0.014121332654535648,
          "mean_damage_mean": 0.01806652368977666,
          "n_eval_steps": 10
        },
        "EMA_TARGET": {
          "surprise_corr": 0.41312615152808607,
          "magnitude_corr": 0.5039306153834232,
          "z_harm_a_mean_norm": 0.3985164135694504,
          "harm_pe_mean": 0.014121332654535648,
          "mean_damage_mean": 0.01806652368977666,
          "n_eval_steps": 10
        }
      }
    },
    {
      "seed": 46,
      "seed_pass": true,
      "surprise_corr_pe": 0.9210231799832772,
      "surprise_corr_ema": -0.10679220640728034,
      "magnitude_corr_pe": 0.9287931635937122,
      "magnitude_corr_ema": -0.08043912440628136,
      "z_harm_a_norm_pe": 0.2954840527640449,
      "z_harm_a_norm_ema": 0.36912158793873256,
      "harm_pe_mean_pe": 0.013160491893453178,
      "mean_damage_mean": 0.0160458088438544,
      "c1_surprise_corr_higher": true,
      "c2_abs_threshold": true,
      "c3_no_collapse": true,
      "condition_results": {
        "PE_TARGET": {
          "surprise_corr": 0.9210231799832772,
          "magnitude_corr": 0.9287931635937122,
          "z_harm_a_mean_norm": 0.2954840527640449,
          "harm_pe_mean": 0.013160491893453178,
          "mean_damage_mean": 0.0160458088438544,
          "n_eval_steps": 9
        },
        "EMA_TARGET": {
          "surprise_corr": -0.10679220640728034,
          "magnitude_corr": -0.08043912440628136,
          "z_harm_a_mean_norm": 0.36912158793873256,
          "harm_pe_mean": 0.013160491893453178,
          "mean_damage_mean": 0.0160458088438544,
          "n_eval_steps": 9
        }
      }
    }
  ],
  "aggregate": {
    "mean_surprise_corr_pe": 0.12047265025947988,
    "mean_surprise_corr_ema": 0.26043438578705824,
    "mean_magnitude_corr_pe": 0.13190910663336902,
    "mean_z_harm_a_norm_pe": 0.4399342196186383
  }
}