{
  "schema_version": "metrics/v1",
  "values": {
    "split_action_acc_self": 0.18974359333515167,
    "split_action_acc_world": 0.22564102709293365,
    "split_event_acc_world": 0.8307692408561707,
    "split_event_acc_self": 0.8256410360336304,
    "split_action_dissociation": -0.03589743375778198,
    "split_event_dissociation": 0.005128204822540283,
    "unified_action_acc_self": 0.18974359333515167,
    "unified_action_acc_world": 0.22564102709293365,
    "unified_event_acc_world": 0.8307692408561707,
    "unified_event_acc_self": 0.8256410360336304,
    "action_self_improvement": 0.0,
    "event_world_improvement": 0.0,
    "crit1_pass": 0.0,
    "crit2_pass": 0.0,
    "crit3_pass": 0.0,
    "crit4_pass": 0.0,
    "crit5_pass": 1.0,
    "criteria_met": 1.0,
    "fatal_error_count": 0.0
  }
}
