{
  "schema_version": "experiment_pack_metrics/v1",
  "values": {
    "latent_prediction_error_mean": 0.19734847892600946,
    "latent_prediction_error_p95": 0.35502333373390704,
    "latent_rollout_consistency_rate": 0.802065499218712,
    "e1_e2_timescale_separation_ratio": 1.6541326020517235,
    "representation_drift_rate": 0.040905166472780786,
    "fatal_error_count": 0
  }
}
