{
  "run_id": "v3_exq_435_inv054_phase_transition_sustained_recovery_1776660122_v3",
  "experiment_type": "v3_exq_435_inv054_phase_transition_sustained_recovery",
  "architecture_epoch": "ree_hybrid_guardrails_v1",
  "claim_ids": [
    "INV-054"
  ],
  "experiment_purpose": "evidence",
  "outcome": "FAIL",
  "evidence_direction": "non_contributory",
  "timestamp_utc": "20260420T044202Z",
  "seeds": [
    42,
    43,
    44
  ],
  "backlog_id": "EXP-0097",
  "supersedes": "v3_exq_278_inv054_depression_recovery_phase_transition",
  "phase1_max_episodes": 300,
  "phase2_episodes": 300,
  "steps_per_ep": 150,
  "world_dim": 32,
  "lh_n_resources": 1,
  "lh_n_hazards": 3,
  "lh_hazard_harm": 0.02,
  "lh2_n_resources": 1,
  "lh2_n_hazards": 0,
  "depression_norm_thresh": 0.1,
  "depression_sustain_eps": 50,
  "recovery_norm_thresh": 0.3,
  "recovery_sustain_eps": 10,
  "recovery_avg_window": 30,
  "recovery_phase_trans_eps": 50,
  "recovery_graded_eps": 10,
  "pass_seed_count": 2,
  "seeds_passing": 0,
  "per_seed_results": [
    {
      "seed": 42,
      "depression_established": true,
      "phase1_final_z_goal_norm": 0.0,
      "phase1_eps_run": 50,
      "recovery_onset": 2,
      "recovery_type": "graded",
      "seed_passed": false,
      "episode_avg_goal_norm_sampled": [
        0.15283427716543277,
        0.46475429832935333,
        0.40184268576127513,
        0.4705879350503286,
        0.45063859820365904,
        0.36281697551409403,
        0.4104648152987162,
        0.45243508120377857,
        0.40480963072993537,
        0.417095219095548,
        0.37271961693962413,
        0.435351491967837,
        0.4707345942656199,
        0.37503964453935623,
        0.3709370573361715,
        0.45452131430308024,
        0.4055931796630224,
        0.4377857158581416,
        0.3923459529876709,
        0.45484529435634613,
        0.4138364464044571,
        0.46305038999108705,
        0.41893053650856016,
        0.46445214649041494,
        0.4680837815006574,
        0.4499712785085042,
        0.4384369313716888,
        0.48019488851229347,
        0.4065660685300827,
        0.46759407023588817
      ]
    },
    {
      "seed": 43,
      "depression_established": true,
      "phase1_final_z_goal_norm": 0.0,
      "phase1_eps_run": 50,
      "recovery_onset": 1,
      "recovery_type": "graded",
      "seed_passed": false,
      "episode_avg_goal_norm_sampled": [
        0.3212792709469795,
        0.38942128817240396,
        0.3853918671607971,
        0.4045956015586853,
        0.376009659965833,
        0.3919717788696289,
        0.3714188973108927,
        0.41315463185310364,
        0.4057883600393931,
        0.42050079504648846,
        0.3842869082401539,
        0.3741091062625249,
        0.36455441613992057,
        0.3818024069070816,
        0.38996316989262897,
        0.3641837020715078,
        0.38892607887585956,
        0.38522036870320636,
        0.4070405662059784,
        0.40416946581431795,
        0.4259815186262131,
        0.4106393496195475,
        0.39465690751870475,
        0.3985004703203837,
        0.37133241158265334,
        0.414753712217013,
        0.419981708129247,
        0.388960599899292,
        0.38821016550064086,
        0.38847752660512924
      ]
    },
    {
      "seed": 44,
      "depression_established": true,
      "phase1_final_z_goal_norm": 0.0,
      "phase1_eps_run": 50,
      "recovery_onset": 3,
      "recovery_type": "graded",
      "seed_passed": false,
      "episode_avg_goal_norm_sampled": [
        0.08431083100537459,
        0.40140193700790405,
        0.4098448157310486,
        0.35756183763345084,
        0.38132020966573194,
        0.3784168968598048,
        0.39535349408785503,
        0.4190480719010035,
        0.40633247296015423,
        0.3779638489087423,
        0.39593000610669454,
        0.3819275750563695,
        0.36533387502034503,
        0.40815265476703644,
        0.40141563514868417,
        0.4131219893693924,
        0.4075463205575943,
        0.4250959018866221,
        0.3947730153799057,
        0.4202518473068873,
        0.3935457986334096,
        0.38084728717803956,
        0.4202268679936727,
        0.4237438370784124,
        0.40295750009162085,
        0.40042717158794405,
        0.4143993655840556,
        0.36856218775113425,
        0.4037302742401759,
        0.3252802352110545
      ]
    }
  ],
  "evidence_direction_note": "Reclassified non_contributory 2026-04-22: ree-v3 substrate has only smooth/graded updates; phase_transition recovery requires discrete operating_mode primitive (SD-032a + MECH-259). Graded recovery in 3/3 seeds is the only output the substrate can produce. pending_retest_after_substrate."
}