{
  "run_id": "v3_exq_435_inv054_phase_transition_sustained_recovery_1776556189_v3",
  "experiment_type": "v3_exq_435_inv054_phase_transition_sustained_recovery",
  "architecture_epoch": "ree_hybrid_guardrails_v1",
  "claim_ids": [
    "INV-054"
  ],
  "experiment_purpose": "evidence",
  "outcome": "FAIL",
  "evidence_direction": "does_not_support",
  "timestamp_utc": "20260418T234949Z",
  "seeds": [
    42,
    43,
    44
  ],
  "backlog_id": "EXP-0097",
  "supersedes": "v3_exq_278_inv054_depression_recovery_phase_transition",
  "phase1_max_episodes": 300,
  "phase2_episodes": 300,
  "steps_per_ep": 150,
  "world_dim": 32,
  "lh_n_resources": 1,
  "lh_n_hazards": 3,
  "lh_hazard_harm": 0.02,
  "lh2_n_resources": 1,
  "lh2_n_hazards": 0,
  "depression_norm_thresh": 0.1,
  "depression_sustain_eps": 50,
  "recovery_norm_thresh": 0.3,
  "recovery_sustain_eps": 10,
  "recovery_avg_window": 30,
  "recovery_phase_trans_eps": 50,
  "recovery_graded_eps": 10,
  "pass_seed_count": 2,
  "seeds_passing": 0,
  "per_seed_results": [
    {
      "seed": 42,
      "depression_established": true,
      "phase1_final_z_goal_norm": 0.0,
      "phase1_eps_run": 50,
      "recovery_onset": 2,
      "recovery_type": "graded",
      "seed_passed": false,
      "episode_avg_goal_norm_sampled": [
        0.15283427784840267,
        0.46475430528322853,
        0.4018426912802237,
        0.4705879380305608,
        0.4506386031707128,
        0.36281697551409403,
        0.41046482225259145,
        0.45243508120377857,
        0.4048096375031905,
        0.417095215121905,
        0.37271961693962413,
        0.43535148600737256,
        0.47073459923267363,
        0.37503964241061893,
        0.3709370563427607,
        0.4545213162899017,
        0.4055931955575943,
        0.43778571287790935,
        0.39234595398108163,
        0.4548453023036321,
        0.4138364464044571,
        0.46305038999108705,
        0.4189305384953817,
        0.46445214947064717,
        0.46808377653360367,
        0.44997127652168273,
        0.4384369313716888,
        0.480194890499115,
        0.4065660585959752,
        0.46759407023588817
      ]
    },
    {
      "seed": 43,
      "depression_established": true,
      "phase1_final_z_goal_norm": 0.0,
      "phase1_eps_run": 50,
      "recovery_onset": 1,
      "recovery_type": "graded",
      "seed_passed": false,
      "episode_avg_goal_norm_sampled": [
        0.3212792679667473,
        0.3894212990999222,
        0.38539186815420784,
        0.40459560056527455,
        0.37600967387358347,
        0.3919717808564504,
        0.3714188893636068,
        0.41315463483333587,
        0.40578836301962534,
        0.42050081193447114,
        0.38428690926782016,
        0.3741091102361679,
        0.36455441315968834,
        0.3818024069070816,
        0.3899631708860397,
        0.3641837020715078,
        0.38892608384291333,
        0.3852203627427419,
        0.4070405681927999,
        0.40416947149095084,
        0.4259815186262131,
        0.41063934564590454,
        0.39465690155824024,
        0.3985004792610804,
        0.37133240699768066,
        0.41475371023019153,
        0.4199817140897115,
        0.38896060531789606,
        0.38821016947428383,
        0.3884775321930647
      ]
    },
    {
      "seed": 44,
      "depression_established": true,
      "phase1_final_z_goal_norm": 0.0,
      "phase1_eps_run": 50,
      "recovery_onset": 3,
      "recovery_type": "graded",
      "seed_passed": false,
      "episode_avg_goal_norm_sampled": [
        0.08431083001196385,
        0.4014019399881363,
        0.40984480679035185,
        0.3575618435939153,
        0.381320212375034,
        0.37841689785321553,
        0.3953534930944443,
        0.419048081835111,
        0.4063324749469757,
        0.3779638439416885,
        0.39593001107374826,
        0.381927578495099,
        0.36533386607964835,
        0.40815266172091164,
        0.4014156440893809,
        0.41312199234962466,
        0.40754632850488026,
        0.42509589294592537,
        0.3947730213403702,
        0.4202518512805303,
        0.39354578178861865,
        0.38084728419780733,
        0.42022686302661894,
        0.42374384502569834,
        0.4029574968985149,
        0.40042717158794405,
        0.4143993688954247,
        0.3685622086127599,
        0.4037302702665329,
        0.3252802431583405
      ]
    }
  ]
}