{
  "run_id": "v3_exq_225_mech112_goal_lift_redesign_1775496236_v3",
  "experiment_type": "v3_exq_225_mech112_goal_lift_redesign",
  "architecture_epoch": "ree_hybrid_guardrails_v1",
  "claim_ids": [
    "MECH-112"
  ],
  "experiment_purpose": "evidence",
  "outcome": "FAIL",
  "evidence_direction": "does_not_support",
  "decision": "hybridize",
  "timestamp": 1775496236,
  "seeds": [
    42,
    7,
    13
  ],
  "warmup_episodes": 300,
  "eval_episodes": 300,
  "steps_per_episode": 200,
  "harm_weight": 1.0,
  "benefit_weight": 0.5,
  "goal_weight": 0.5,
  "resource_lift_thresh": 0.03,
  "harm_ratio_max": 1.3,
  "goal_norm_thresh": 0.05,
  "gp_resource_rate": 0.09000000000000001,
  "ga_resource_rate": 0.1988888888888889,
  "gp_harm_rate": 0.22275980867498613,
  "ga_harm_rate": 0.21101874891472927,
  "resource_lift": -0.10888888888888888,
  "harm_ratio": 1.0556398889702512,
  "avg_goal_norm": 1.215729554494222,
  "substrate_ok_all": true,
  "c1_resource_lift_pass": false,
  "c2_harm_ratio_pass": true,
  "c3_goal_norm_pass": true,
  "criteria_met": 2,
  "per_seed_results": [
    {
      "seed": 42,
      "gp_resource_rate": 0.023333333333333334,
      "ga_resource_rate": 0.21,
      "gp_harm_rate": 0.28334115590541076,
      "ga_harm_rate": 0.2130828902742061,
      "goal_norm": 1.1163302659988403
    },
    {
      "seed": 7,
      "gp_resource_rate": 0.006666666666666667,
      "ga_resource_rate": 0.25333333333333335,
      "gp_harm_rate": 0.24327316959498285,
      "ga_harm_rate": 0.1362081153823466,
      "goal_norm": 1.5129528045654297
    },
    {
      "seed": 13,
      "gp_resource_rate": 0.24,
      "ga_resource_rate": 0.13333333333333333,
      "gp_harm_rate": 0.14166510052456469,
      "ga_harm_rate": 0.28376524108763507,
      "goal_norm": 1.017905592918396
    }
  ]
}