{
  "experiment_type": "v3_exq_105_rollout_horizon_sweep",
  "claim_ids": [
    "MECH-135"
  ],
  "seed": 42,
  "horizons": [
    10,
    20,
    30
  ],
  "n_rollouts_per_cell": 40,
  "world_dim": 32,
  "self_dim": 32,
  "z_goal_norm": 0.4129513204097748,
  "h10_FROZEN_goal_score_mean": 10.939824104309082,
  "h10_FROZEN_goal_score_var": 0.0006256854976527393,
  "h10_FROZEN_prox_delta_mean": 0.0,
  "h10_FROZEN_prox_delta_pos_frac": 0.0,
  "h10_E2_WORLD_goal_score_mean": 3.8668503761291504,
  "h10_E2_WORLD_goal_score_var": 0.003936462104320526,
  "h10_E2_WORLD_prox_delta_mean": -0.947024451289326,
  "h10_E2_WORLD_prox_delta_pos_frac": 0.0,
  "h20_FROZEN_goal_score_mean": 20.86433982849121,
  "h20_FROZEN_goal_score_var": 0.003572923829779029,
  "h20_FROZEN_prox_delta_mean": 0.0,
  "h20_FROZEN_prox_delta_pos_frac": 0.0,
  "h20_E2_WORLD_goal_score_mean": 4.011854648590088,
  "h20_E2_WORLD_goal_score_var": 0.0050429049879312515,
  "h20_E2_WORLD_prox_delta_mean": -0.9909375261107926,
  "h20_E2_WORLD_prox_delta_pos_frac": 0.0,
  "h30_FROZEN_goal_score_mean": 30.804113388061523,
  "h30_FROZEN_goal_score_var": 0.006123790051788092,
  "h30_FROZEN_prox_delta_mean": 0.0,
  "h30_FROZEN_prox_delta_pos_frac": 0.0,
  "h30_E2_WORLD_goal_score_mean": 4.026772499084473,
  "h30_E2_WORLD_goal_score_var": 0.006447118241339922,
  "h30_E2_WORLD_prox_delta_mean": -0.9945239295224383,
  "h30_E2_WORLD_prox_delta_pos_frac": 0.0,
  "ratio_e2w": 1.0413572048048598,
  "ratio_frz": 2.8157777578826066,
  "c1_horizon_gain_e2w_pass": false,
  "c2_horizon_cap_frz_pass": false,
  "c3_interaction_pass": false,
  "criteria_met": 0,
  "criteria_total": 3,
  "status": "FAIL",
  "run_timestamp": "20260328T123741Z",
  "run_id": "v3_exq_105_rollout_horizon_sweep_20260328T123741Z_v3",
  "architecture_epoch": "ree_hybrid_guardrails_v1",
  "verdict": "FAIL"
}
