{
  "schema_version": "experiment_pack_metrics/v1",
  "values": {
    "latent_prediction_error_mean": 0.1235903033670742,
    "latent_prediction_error_p95": 0.2448632947450238,
    "latent_rollout_consistency_rate": 0.9024027191690859,
    "e1_e2_timescale_separation_ratio": 2.0755483658169913,
    "representation_drift_rate": 0.020338752848247148,
    "fatal_error_count": 0
  }
}
