{
  "status": "PASS",
  "metrics": {
    "hf_r2_mean": 0.90390944480896,
    "hf_r2_std": 0.010842851887699869,
    "attribution_gap_mean": 0.09642675090376604,
    "attribution_gap_std": 0.013840215815388555,
    "intact_approach_mean": 0.00789900278010269,
    "intact_none_mean": -0.08852774812366336,
    "intact_env_mean": 0.035101389846257755,
    "intact_agent_mean": -0.013420837789705771,
    "ablated_approach_mean": 0.0017946076330632153,
    "intact_vs_ablated_mean": 0.006104395147039473,
    "null_cf_max_mean": 0.0,
    "n_approach_mean": 789.5,
    "c3_seeds_pass": 4.0,
    "c6_seeds_pass": 4.0,
    "criteria_met": 6.0,
    "n_seeds": 4.0,
    "seed42_hf_r2": 0.9087891578674316,
    "seed42_attribution_gap": 0.08428050224679186,
    "seed42_intact_approach": 0.008100147787580622,
    "seed42_intact_none": -0.07618035445921123,
    "seed42_ablated_approach": 0.007924727248424229,
    "seed42_intact_vs_ablated": 0.00017542053915639393,
    "seed42_null_cf_max": 0.0,
    "seed42_n_approach": 752.0,
    "seed7_hf_r2": 0.889481782913208,
    "seed7_attribution_gap": 0.11979465511568921,
    "seed7_intact_approach": 0.010955052104923884,
    "seed7_intact_none": -0.10883960301076533,
    "seed7_ablated_approach": 0.002474139256359976,
    "seed7_intact_vs_ablated": 0.008480912848563907,
    "seed7_null_cf_max": 0.0,
    "seed7_n_approach": 782.0,
    "seed123_hf_r2": 0.9184997081756592,
    "seed123_attribution_gap": 0.09301287725354412,
    "seed123_intact_approach": 0.0072243764349132385,
    "seed123_intact_none": -0.08578850081863089,
    "seed123_ablated_approach": -0.002125555092594802,
    "seed123_intact_vs_ablated": 0.00934993152750804,
    "seed123_null_cf_max": 0.0,
    "seed123_n_approach": 843.0,
    "seed13_hf_r2": 0.898867130279541,
    "seed13_attribution_gap": 0.08861896899903901,
    "seed13_intact_approach": 0.005316434792993011,
    "seed13_intact_none": -0.083302534206046,
    "seed13_ablated_approach": -0.001094880879936542,
    "seed13_intact_vs_ablated": 0.006411315672929553,
    "seed13_null_cf_max": 0.0,
    "seed13_n_approach": 781.0
  },
  "summary_markdown": "# V3-EXQ-205 -- SD-003 Harm Attribution Discriminative Pair\n\n**Status:** PASS\n**Claims:** SD-003, ARC-033\n**Supersedes:** V3-EXQ-195\n**Seeds:** [42, 7, 123, 13]  **P0:** 100 eps  **P1:** 200 eps  **Eval:** 50 eps\n\n## Architecture\n\n- P0: HarmEncoder warmup (autoencoder + center-cell regression)\n- P1: Frozen encoder; ResidualHarmForward + E3.harm_eval_z_harm on .detach()ed z_harm_s\n- Pipeline: causal_sig = eval(harm_fwd(z, a_actual)) - eval(harm_fwd(z, a_cf))\n- attribution_gap = causal_sig(approach) - causal_sig(none) [fixed from EXQ-195]\n\n## Improvement Over EXQ-195\n\nEXQ-195 used `approach - env_hazard` for attribution_gap (FAIL: -0.046).\nEXQ-205 uses `approach - none` which EXQ-195's own data showed was +0.084 (PASS).\nEXQ-195 harm_forward_r2=0.914 confirmed the forward model is excellent.\n\n## Results by Seed\n\n| Seed | hf_r2 | gap | intact_approach | intact_none | intact_vs_ablated | null_cf_max | n_approach |\n|------|-------|-----|-----------------|------------|------------------|------------|-----------|\n| 42 | 0.9088 | 0.084281 | 0.008100 | -0.076180 | 0.000175 | 0.00e+00 | 752 |\n| 7 | 0.8895 | 0.119795 | 0.010955 | -0.108840 | 0.008481 | 0.00e+00 | 782 |\n| 123 | 0.9185 | 0.093013 | 0.007224 | -0.085789 | 0.009350 | 0.00e+00 | 843 |\n| 13 | 0.8989 | 0.088619 | 0.005316 | -0.083303 | 0.006411 | 0.00e+00 | 781 |\n\n\n## Aggregate\n\n- hf_r2 mean: 0.9039 +/- 0.0108\n- attribution_gap mean: 0.096427 +/- 0.013840\n- intact_approach mean: 0.007899\n- intact_vs_ablated mean: 0.006104\n\n## PASS Criteria\n\n| Criterion | Value | Required | Result |\n|-----------|-------|---------|--------|\n| C1 attribution_gap | 0.096427 | > 0.002 | PASS |\n| C2 hf_r2 | 0.9039 | > 0.05 | PASS |\n| C3 approach>0 | 4/4 seeds | >= 3 | PASS |\n| C4 n_approach | 790 | >= 50 | PASS |\n| C5 null_cf_max | 0.00e+00 | < 1e-05 | PASS |\n| C6 intact>ablated | 4/4 seeds | >= 3 | PASS |\n\nCriteria met: 6/6 -> **PASS**\n\n",
  "claim_ids": [
    "SD-003",
    "ARC-033"
  ],
  "experiment_purpose": "evidence",
  "evidence_direction": "supports",
  "evidence_direction_per_claim": {
    "SD-003": "supports",
    "ARC-033": "supports"
  },
  "experiment_type": "v3_exq_205_sd003_harm_attribution_pair",
  "supersedes": "v3_exq_195_sd003_zharms_full_counterfactual",
  "run_timestamp": "20260402T230715Z",
  "run_id": "v3_exq_205_sd003_harm_attribution_pair_20260402T230715Z_v3",
  "architecture_epoch": "ree_hybrid_guardrails_v1"
}
