{
  "schema_version": "experiment_pack_metrics/v1",
  "values": {
    "latent_prediction_error_mean": 0.12224862098012935,
    "latent_prediction_error_p95": 0.22598823177607447,
    "latent_rollout_consistency_rate": 0.8970661354304863,
    "e1_e2_timescale_separation_ratio": 2.006284890407372,
    "representation_drift_rate": 0.019697390810905536,
    "fatal_error_count": 0
  }
}
