{
  "schema_version": "metrics/v1",
  "values": {
    "arm0_mean_final_coverage": 1.0,
    "arm1_mean_final_coverage": 1.0,
    "arm0_per_seed_coverages": [
      1.0,
      1.0,
      1.0,
      1.0,
      1.0
    ],
    "arm1_per_seed_coverages": [
      1.0,
      1.0,
      1.0,
      1.0,
      1.0
    ],
    "arm0_mean_harm_total": 47.44443969726562,
    "arm1_mean_harm_total": 90.73467712402343,
    "arm0_mean_weight": 1.482643461227417,
    "arm1_mean_weight": 2.8354751586914064
  }
}
