{
  "schema_version": "metrics/v1",
  "values": {
    "c1_seeds_pass": 3.0,
    "c2_seeds_pass": 2.0,
    "c3_seeds_pass": 3.0,
    "c4_seeds_pass": 1.0,
    "criteria_met": 2.0,
    "n_seeds": 3.0,
    "majority_threshold": 2.0,
    "seed0_warmup_first25_reward": -0.9414227597713472,
    "seed0_warmup_last25_reward": -0.9536006932258607,
    "seed0_warmup_improvement": -0.012177933454513568,
    "seed0_warmup_final_rv": 3.9404149288561565e-05,
    "seed0_ree_mean_reward": -0.9645565125346184,
    "seed0_ree_mean_harm": 1.0609341245293618,
    "seed0_ree_mean_n_cands": 32.0,
    "seed0_rand_mean_reward": -0.9975870534181597,
    "seed0_rand_mean_harm": 1.077305246472359,
    "seed0_harm_ratio": 0.9848036366697327,
    "seed1_warmup_first25_reward": -0.9222049547433852,
    "seed1_warmup_last25_reward": -0.9718060009479522,
    "seed1_warmup_improvement": -0.04960104620456707,
    "seed1_warmup_final_rv": 2.693532076883087e-05,
    "seed1_ree_mean_reward": -0.8913184466958046,
    "seed1_ree_mean_harm": 1.1214199852347375,
    "seed1_ree_mean_n_cands": 32.0,
    "seed1_rand_mean_reward": -0.9438378546237948,
    "seed1_rand_mean_harm": 1.105199077129364,
    "seed1_harm_ratio": 1.0146769106498945,
    "seed2_warmup_first25_reward": -0.9427085361480714,
    "seed2_warmup_last25_reward": -0.9345607690811158,
    "seed2_warmup_improvement": 0.008147767066955525,
    "seed2_warmup_final_rv": 3.1228345714689345e-05,
    "seed2_ree_mean_reward": -0.9376943625807762,
    "seed2_ree_mean_harm": 1.0901226333975793,
    "seed2_ree_mean_n_cands": 32.0,
    "seed2_rand_mean_reward": -0.9753483380675315,
    "seed2_rand_mean_harm": 1.1041624943614006,
    "seed2_harm_ratio": 0.9872846061738936
  }
}
