{
  "schema_version": "metrics/v1",
  "values": {
    "alpha_world": 0.9,
    "proximity_scale": 0.05,
    "reafference_r2": 0.407939076423645,
    "calibration_gap_approach": 0.2389953916740617,
    "calibration_gap_contact": 0.2087569250632032,
    "harm_pred_std": 0.20316778123378754,
    "mean_score_none": 0.37297767850727137,
    "mean_score_approach": 0.6119730701813331,
    "mean_score_env_contact": 0.6661300980127774,
    "mean_score_agent_contact": 0.49733910912817175,
    "n_none_eval": 101.0,
    "n_approach_eval": 832.0,
    "n_env_hazard_eval": 13.0,
    "n_agent_hazard_eval": 33.0,
    "train_approach_events": 8125.0,
    "train_contact_events": 463.0,
    "crit1_pass": 1.0,
    "crit2_pass": 1.0,
    "crit3_pass": 1.0,
    "crit4_pass": 1.0,
    "crit5_pass": 1.0,
    "criteria_met": 5.0
  }
}
