{
  "schema_version": "experiment_pack_metrics/v1",
  "values": {
    "fatal_error_count": 0.0,
    "warmup_harm_events": 819.0,
    "mean_recon_loss": 0.0396022432822874,
    "mean_e2_world_loss": 0.009722161949198055,
    "e2_rollout_steps": 5.0,
    "target_stopgrad": 1.0,
    "trained_calibration_gap": -0.015103017709729993,
    "random_calibration_gap": 0.00015770609511634755,
    "trained_mean_near_hazard": -0.04084899657087409,
    "trained_mean_safe": -0.025745978861144096,
    "random_mean_near_hazard": 5.42669880146883e-06,
    "random_mean_safe": -0.0001522793963148787,
    "n_near_hazard_probes": 231.0,
    "n_safe_probes": 66.0,
    "trained_harm_eval_degenerate": 0.0,
    "crit1_pass": 0.0,
    "crit2_pass": 1.0,
    "crit3_pass": 1.0,
    "crit4_pass": 1.0,
    "crit5_pass": 1.0,
    "crit6_pass": 1.0,
    "criteria_met": 5.0
  }
}
