{
  "schema_version": "metrics/v1",
  "values": {
    "pearson_r_harm_vardiff": -0.9738589653174902,
    "monotone_increases": 0.0,
    "levels_above_threshold": 0.0,
    "levels_correct_commit": 0.0,
    "fatal_total": 0.0,
    "crit1_pass": 0.0,
    "crit2_pass": 0.0,
    "crit3_pass": 0.0,
    "crit4_pass": 0.0,
    "crit5_pass": 1.0,
    "criteria_met": 1.0,
    "harm_0p005_var_diff": -0.006538540800168358,
    "harm_0p005_var_stable": 0.3315930738273204,
    "harm_0p005_var_perturbed": 0.32505453302715204,
    "harm_0p005_commit_stable": 0.5,
    "harm_0p005_commit_perturbed": 0.5,
    "harm_0p01_var_diff": -0.006538540875706322,
    "harm_0p01_var_stable": 0.3315930738124015,
    "harm_0p01_var_perturbed": 0.3250545329366952,
    "harm_0p01_commit_stable": 0.5,
    "harm_0p01_commit_perturbed": 0.5,
    "harm_0p02_var_diff": -0.0065385410610417916,
    "harm_0p02_var_stable": 0.3315930737946045,
    "harm_0p02_var_perturbed": 0.3250545327335627,
    "harm_0p02_commit_stable": 0.5,
    "harm_0p02_commit_perturbed": 0.5,
    "harm_0p05_var_diff": -0.010478163291731346,
    "harm_0p05_var_stable": 0.33552387916240545,
    "harm_0p05_var_perturbed": 0.3250457158706741,
    "harm_0p05_commit_stable": 0.5,
    "harm_0p05_commit_perturbed": 0.5,
    "harm_0p1_var_diff": -0.022050322647801768,
    "harm_0p1_var_stable": 0.3504388299695981,
    "harm_0p1_var_perturbed": 0.3283885073217963,
    "harm_0p1_commit_stable": 0.5,
    "harm_0p1_commit_perturbed": 0.5
  }
}
