{
  "schema_version": "experiment_pack_metrics/v1",
  "values": {
    "fatal_error_count": 0.0,
    "stable_mean_running_variance": 0.0025755368205878375,
    "stable_mean_precision": 718.6330555061242,
    "stable_commit_rate": 0.9989440337909187,
    "stable_n_commit_decisions": 947.0,
    "stable_mean_prediction_error": 0.001520746235564961,
    "perturbed_mean_running_variance": 0.003552411842097377,
    "perturbed_mean_precision": 426.064073718843,
    "perturbed_commit_rate": 0.9988290398126464,
    "perturbed_n_commit_decisions": 854.0,
    "perturbed_mean_prediction_error": 0.0023844936238218745,
    "recovery_mean_running_variance": 0.003258442200357544,
    "recovery_commit_rate": 0.9982517482517482,
    "running_variance_diff_perturbed_minus_stable": 0.0009768750215095397,
    "precision_diff_stable_minus_perturbed": 292.56898178728113,
    "commit_rate_diff_stable_minus_perturbed": 0.00011499397827230418,
    "alpha_world": 0.9,
    "crit1_pass": 0.0,
    "crit2_pass": 1.0,
    "crit3_pass": 1.0,
    "crit4_pass": 1.0,
    "criteria_met": 4.0
  }
}
