{
  "schema_version": "metrics/v1",
  "values": {
    "pair_c1_pass_count": 2.0,
    "n_seeds": 2.0,
    "c1_threshold": 0.15,
    "c2_threshold": 0.9,
    "c4_threshold_nsteps": 1000.0,
    "c2_seeds_passing": 2.0,
    "c3_seeds_passing": 2.0,
    "criteria_met": 4.0,
    "crit1_pass": 1.0,
    "crit2_pass": 1.0,
    "crit3_pass": 1.0,
    "crit4_pass": 1.0,
    "alpha_world": 0.9,
    "warmup_episodes": 500.0,
    "eval_episodes": 40.0,
    "seed42_p1_pearson_r": 0.9648597478248888,
    "seed123_p1_pearson_r": 0.9748364692794604,
    "seed42_p1_n_steps": 26716.0,
    "seed123_p1_n_steps": 25586.0,
    "seed42_action_var_ratio": 0.49885903428050365,
    "seed123_action_var_ratio": 0.001323462769512152
  }
}
