{
  "schema_version": "metrics/v1",
  "values": {
    "d1_pass": 1.0,
    "d2_pass": 1.0,
    "d3_pass": 0.0,
    "d4_pass": 1.0,
    "criteria_met": 2.0,
    "d1_passes_n": 5.0,
    "d2_passes_n": 5.0,
    "d3_passes_n": 0.0,
    "d4_passes_n": 5.0,
    "cos_sim_seed0": 0.2124491184949875,
    "r2_s_forward_seed0": 0.9135749469148278,
    "r2_a_forward_seed0": 0.9718682037045675,
    "harm_rate_single_seed0": 0.864,
    "harm_rate_dual_s_seed0": 0.8576271186440678,
    "harm_rate_dual_a_seed0": 0.864406779661017,
    "cos_sim_seed1": -0.21422450244426727,
    "r2_s_forward_seed1": 0.9427291926023503,
    "r2_a_forward_seed1": 0.9805503550765119,
    "harm_rate_single_seed1": 0.8683385579937304,
    "harm_rate_dual_s_seed1": 0.7893258426966292,
    "harm_rate_dual_a_seed1": 0.8538011695906432,
    "cos_sim_seed2": -0.1947425901889801,
    "r2_s_forward_seed2": 0.9199422446332677,
    "r2_a_forward_seed2": 0.9696937652736841,
    "harm_rate_single_seed2": 0.8531073446327684,
    "harm_rate_dual_s_seed2": 0.8442367601246106,
    "harm_rate_dual_a_seed2": 0.7425149700598802,
    "cos_sim_seed3": -0.11905837804079056,
    "r2_s_forward_seed3": 0.9167912734155035,
    "r2_a_forward_seed3": 0.9678355261621254,
    "harm_rate_single_seed3": 0.8664772727272727,
    "harm_rate_dual_s_seed3": 0.7681564245810056,
    "harm_rate_dual_a_seed3": 0.8048048048048048,
    "cos_sim_seed4": -0.07765565067529678,
    "r2_s_forward_seed4": 0.941001406200078,
    "r2_a_forward_seed4": 0.9654154162600964,
    "harm_rate_single_seed4": 0.810126582278481,
    "harm_rate_dual_s_seed4": 0.7771587743732591,
    "harm_rate_dual_a_seed4": 0.7894736842105263
  }
}
