{
  "schema_version": "metrics/v1",
  "values": {
    "resource_rate_noe1": 0.275,
    "resource_rate_withe1": 0.275,
    "goal_halflife_noe1": 2000.0,
    "goal_halflife_withe1": 2000.0,
    "halflife_ratio": 1.0,
    "peak_goal_norm_noe1": 0.3568956255912781,
    "peak_goal_norm_withe1": 0.3568956255912781,
    "goal_norm_at_1200_noe1": 0.13104085624217987,
    "goal_norm_at_1200_withe1": 0.13104085624217987,
    "harm_rate_noe1": 0.6985,
    "harm_rate_withe1": 0.6985,
    "e1_err_goal_noe1": 0.0,
    "e1_err_neutral_noe1": 0.0,
    "e1_err_goal_withe1": 0.0,
    "e1_err_neutral_withe1": 0.0,
    "crit1_pass": 0.0,
    "crit2_pass": 0.0,
    "crit3_pass": 1.0,
    "crit4_pass": 0.0,
    "criteria_met": 1.0
  }
}
