{
  "schema_version": "experiment_pack_metrics/v1",
  "values": {
    "pre_commit_error_signal_to_noise": 2.4253338731026335,
    "post_commit_error_attribution_gain": 0.40008375809877067,
    "cross_channel_leakage_rate": 0.08468131254493633,
    "commitment_reversal_rate": 0.0683462920582908,
    "fatal_error_count": 0
  }
}
