{
  "run_id": "v3_exq_537c_sd029_capacity_lift_20260508T205935Z_v3",
  "experiment_type": "v3_exq_537c_sd029_capacity_lift",
  "queue_id": "V3-EXQ-537c",
  "claim_ids": [
    "SD-029",
    "MECH-256"
  ],
  "evidence_direction": "non_contributory",
  "evidence_direction_per_claim": {
    "SD-029": "non_contributory",
    "MECH-256": "non_contributory"
  },
  "experiment_purpose": "evidence",
  "supersedes": "v3_exq_537b_sd029_decoupled_curricula",
  "architecture_epoch": "ree_hybrid_guardrails_v1",
  "timestamp_utc": "2026-05-08T20:59:35.208807Z",
  "outcome": "FAIL",
  "criteria": {
    "C1_forward_r2": false,
    "C1_value": 0.6715612526971922,
    "C2_dissociation": false,
    "C2_intact_self": 0.18016440961054161,
    "C2_intact_ext": 0.15024879381291625,
    "C2_ratio": 0.8339537988535392,
    "C3_falsification": true,
    "C3_scrambled_self": 0.22592675318824731,
    "C3_scrambled_ext": 0.1939502348906772,
    "C3_diff_ratio": 0.14153489060645488,
    "C4_event_sufficiency": true,
    "C4_min_n_self": 406,
    "C4_min_n_ext": 258
  },
  "metrics": {
    "per_seed": [
      {
        "seed_idx": 0,
        "seed": 59745,
        "phase_failed": null,
        "p1_grad": true,
        "p1_steps": 1400,
        "p1_r2": 0.67109321394237,
        "p1_loss": 0.010052560771052868,
        "p2_grad": false,
        "p2_steps": 48000,
        "p2_r2": 0.7367445409452761,
        "p2_loss": 0.001210519103515253,
        "harm_forward_r2": 0.6607541068051874,
        "n_self": 418,
        "n_ext": 258,
        "n_heldout": 1500,
        "p3_steps": 1611,
        "intact_self": 0.17569382306027925,
        "intact_ext": 0.147990387683922,
        "intact_self_std": 0.1057352693693684,
        "intact_ext_std": 0.059777760141504946,
        "scrambled_self": 0.21645719633754076,
        "scrambled_ext": 0.1846748264867437,
        "scrambled_self_std": 0.12784078166783588,
        "scrambled_ext_std": 0.08095008693860499
      },
      {
        "seed_idx": 1,
        "seed": 97942,
        "phase_failed": null,
        "p1_grad": true,
        "p1_steps": 1200,
        "p1_r2": 0.6770300474198561,
        "p1_loss": 0.01002880665649542,
        "p2_grad": false,
        "p2_steps": 48000,
        "p2_r2": 0.7139123815878317,
        "p2_loss": 0.0011316589904890862,
        "harm_forward_r2": 0.6696313142604773,
        "n_self": 414,
        "n_ext": 258,
        "n_heldout": 1500,
        "p3_steps": 1609,
        "intact_self": 0.1884589946248393,
        "intact_ext": 0.1574702203389286,
        "intact_self_std": 0.10687168512052551,
        "intact_ext_std": 0.06684375919521889,
        "scrambled_self": 0.23743904739222377,
        "scrambled_ext": 0.20760143979979578,
        "scrambled_self_std": 0.13212726849962547,
        "scrambled_ext_std": 0.10849405407786494
      },
      {
        "seed_idx": 2,
        "seed": 47042,
        "phase_failed": null,
        "p1_grad": true,
        "p1_steps": 1400,
        "p1_r2": 0.7721709706813386,
        "p1_loss": 0.00789372327816018,
        "p2_grad": false,
        "p2_steps": 48000,
        "p2_r2": 0.6757005728761658,
        "p2_loss": 0.001353003991425794,
        "harm_forward_r2": 0.6842983370259123,
        "n_self": 406,
        "n_ext": 258,
        "n_heldout": 1500,
        "p3_steps": 1617,
        "intact_self": 0.1763404111465063,
        "intact_ext": 0.14528577341589816,
        "intact_self_std": 0.10422388476282601,
        "intact_ext_std": 0.06080498198994566,
        "scrambled_self": 0.22388401583497747,
        "scrambled_ext": 0.18957443838549215,
        "scrambled_self_std": 0.11906461171487634,
        "scrambled_ext_std": 0.08923529180996954
      }
    ],
    "n_seeds": 3,
    "n_episodes": 200,
    "steps_per_ep": 200,
    "p1_grad_threshold": 0.65,
    "p2_grad_threshold": 0.85,
    "p2_max_windows": 240,
    "use_interventional": true,
    "interventional_fraction": 0.3,
    "c1_r2_threshold": 0.85,
    "c2_dissociation_ratio_required": 1.3,
    "c3_falsification_tol": 0.15,
    "c4_min_events_per_type": 20
  }
}