{
  "schema_version": "metrics/v1",
  "values": {
    "cond_mean_err_goal_32": 0.0002565871908671889,
    "abla_mean_err_goal_32": 0.00023376570431841374,
    "cond_mean_err_neutral_32": 0.00025706060105396645,
    "abla_mean_err_neutral_32": 0.00023110623664426193,
    "cond_mean_err_all_32": 0.00025619702364510226,
    "abla_mean_err_all_32": 0.00023314527604697795,
    "cond_mean_err_all_16": 0.0003011064051273032,
    "abla_mean_err_all_16": 0.0002486396120974327,
    "mean_interaction_32": -3.132877860929399e-06,
    "mean_interaction_16": -2.089370360754231e-06,
    "mean_goal_diff_32": -2.2821486548775137e-05,
    "mean_neutral_diff_32": -2.5954364409704536e-05,
    "thresh_interaction": 0.005,
    "thresh_neutral_diff": 0.03,
    "thresh_resolution_ratio": 1.1,
    "thresh_interaction_16": 0.003,
    "crit1_pass": 0.0,
    "crit2_pass": 0.0,
    "crit3_pass": 1.0,
    "crit4_pass": 1.0,
    "crit5_pass": 0.0,
    "criteria_met": 2.0
  }
}
