{
  "schema_version": "metrics/v1",
  "values": {
    "resource_rate_nogo": 0.25133333333333335,
    "resource_rate_liking": 0.25133333333333335,
    "resource_rate_wanting": 0.25133333333333335,
    "harm_rate_nogo": 0.6113333333333333,
    "harm_rate_liking": 0.6113333333333333,
    "harm_rate_wanting": 0.6113333333333333,
    "liking_l2_redirect_steps": 7.0,
    "wanting_l1_directed_fraction": 0.355,
    "wanting_goal_norm_final": 0.37457263469696045,
    "wanting_goal_proximity_final": 0.9953267574310303,
    "wanting_goal_active": 1.0,
    "crit1_pass": 0.0,
    "crit2_pass": 1.0,
    "crit3_pass": 1.0,
    "crit4_pass": 1.0,
    "criteria_met": 3.0
  }
}
