{
  "schema_version": "metrics/v1",
  "values": {
    "latent_fwd_r2_mean": 0.02365480363368988,
    "dec_disc_trained_mean": 0.004733274283992884,
    "dec_disc_shuffled_mean": -0.006885819304256867,
    "ablation_margin": 0.011619093588249751,
    "causal_approach_mean": 0.01749040587613034,
    "causal_none_mean": -0.012051054121610328,
    "causal_contact_mean": 0.02751919597387313,
    "n_approach_eval_mean": 22.0,
    "crit1_pass": 0.0,
    "crit2_pass": 0.0,
    "crit3_pass": 1.0,
    "crit4_pass": 1.0,
    "crit5_pass": 1.0,
    "crit6_pass": 1.0
  }
}
