{
  "schema_version": "metrics/v1",
  "values": {
    "mean_stable_z_beta_norm": 0.6591747079153855,
    "mean_volatile_z_beta_norm": 0.7750758477608364,
    "c1_delta": 0.11590113984545092,
    "c1_pass": 1.0,
    "c2_pearson_r": 0.0,
    "c2_pass": 0.0,
    "baseline_z_beta": 0.6659056854248047,
    "post_switch_z_beta": 0.665956180125475,
    "c3_delta": 5.049470067031159e-05,
    "c3_pass": 0.0,
    "criteria_met": 1.0,
    "mean_stable_running_variance": 0.5,
    "mean_volatile_running_variance": 0.5,
    "rv_condition_difference": 0.0,
    "volatility_signal_dim": 1.0,
    "n_train_episodes": 300.0,
    "n_eval_episodes": 50.0
  }
}
