{
  "schema_version": "metrics/v1",
  "values": {
    "contact_recall_routed": 0.8322368562221527,
    "contact_recall_baseline": 0.7746710479259491,
    "recall_improvement": 0.05756580829620361,
    "action_dissoc_routed": -0.004238247871398926,
    "mean_routing_loss": 0.03229879283628434,
    "n_contact_min": 164.0,
    "lambda_route": 0.1,
    "n_seeds": 2.0,
    "alpha_world": 0.9,
    "crit1_pass": 1.0,
    "crit2_pass": 1.0,
    "crit3_pass": 0.0,
    "crit4_pass": 1.0,
    "crit5_pass": 1.0,
    "criteria_met": 4.0
  }
}
