{
  "schema_version": "metrics/v1",
  "values": {
    "world_forward_r2": 0.9452436566352844,
    "crit1_pass": 1.0,
    "crit2_pass": 1.0,
    "crit3_pass": 0.0,
    "crit4_pass": 1.0,
    "crit5_pass": 1.0,
    "criteria_met": 4.0,
    "haz2_batch_attribution_gap": 0.0019890487784856217,
    "haz2_rank_corr": 1.0,
    "haz2_batch_sig_approach": -0.00012561971001688078,
    "haz2_seq_sig_approach": -0.00012562055244669866,
    "haz2_n_approach": 681.0,
    "haz4_batch_attribution_gap": 0.005184225447577575,
    "haz4_rank_corr": 1.0,
    "haz4_batch_sig_approach": 0.0009559986070815118,
    "haz4_seq_sig_approach": 0.0009559981132808485,
    "haz4_n_approach": 513.0,
    "haz6_batch_attribution_gap": 0.012481254048763447,
    "haz6_rank_corr": 1.0,
    "haz6_batch_sig_approach": 0.0010189018101679618,
    "haz6_seq_sig_approach": 0.0010189027341185898,
    "haz6_n_approach": 379.0
  }
}
