{
  "schema_version": "experiment_pack_metrics/v1",
  "values": {
    "alpha_world": 0.9,
    "proximity_scale": 0.05,
    "approach_slope_per_ep": 0.0002654145508091203,
    "contact_slope_per_ep": 0.0002885907711505414,
    "slope_ratio": 0.9196598808485977,
    "n_approach_min": 448.0,
    "crit1_pass": 1.0,
    "crit2_pass": 1.0,
    "crit3_pass": 1.0,
    "crit4_pass": 0.0,
    "crit5_pass": 1.0,
    "criteria_met": 4.0,
    "fatal_error_count": 0.0,
    "gap_approach_ep100": 0.005880610263578612,
    "gap_contact_ep100": 0.0052969102577496985,
    "n_approach_ep100": 499.0,
    "gap_approach_ep250": 0.12775399490642797,
    "gap_contact_ep250": 0.11385615104502372,
    "n_approach_ep250": 501.0,
    "gap_approach_ep500": 0.2852385753799098,
    "gap_contact_ep500": 0.27559741974146656,
    "n_approach_ep500": 532.0,
    "gap_approach_ep1000": 0.24475370599178692,
    "gap_contact_ep1000": 0.26502860429323694,
    "n_approach_ep1000": 448.0
  }
}
