{
  "schema_version": "metrics/v1",
  "values": {
    "latent_fwd_r2_mean": 0.6209331154823303,
    "fwd_discrimination_trained": -0.010882210344940673,
    "fwd_discrimination_shuffled": 0.00015853984135460715,
    "ablation_margin": -0.01104075018629528,
    "causal_approach_trained_mean": -4.509743240133047e-06,
    "causal_none_trained_mean": -0.023419798345754302,
    "causal_contact_trained_mean": 0.009736624023835457,
    "n_approach_eval_mean": 394.25,
    "crit1_pass": 1.0,
    "crit2_pass": 0.0,
    "crit3_pass": 0.0,
    "crit4_pass": 1.0,
    "crit5_pass": 1.0,
    "crit6_pass": 0.0
  }
}
