{
  "schema_version": "experiment_pack_metrics/v1",
  "values": {
    "alpha_world": 0.9,
    "proximity_scale": 0.05,
    "world_forward_r2": 0.9664512872695923,
    "mean_delta_none": 0.2566141084900924,
    "mean_delta_approach": 0.26101165762766193,
    "mean_delta_env_hazard": 0.2573319097980857,
    "mean_delta_agent_hazard": 0.2672219017986208,
    "mean_causal_sig_none": -0.07025486390505518,
    "mean_causal_sig_approach": 0.003148671745743279,
    "mean_causal_sig_env_hazard": 0.0010982483625411987,
    "mean_causal_sig_agent_hazard": -0.007940202252939343,
    "attribution_gap": 0.0020504233832020803,
    "n_approach_eval": 817.0,
    "n_env_hazard_eval": 20.0,
    "n_agent_hazard_eval": 32.0,
    "n_none_eval": 70.0,
    "train_approach_events": 8118.0,
    "train_contact_events": 449.0,
    "crit1_pass": 1.0,
    "crit2_pass": 1.0,
    "crit3_pass": 0.0,
    "crit4_pass": 1.0,
    "crit5_pass": 1.0,
    "criteria_met": 4.0,
    "fatal_error_count": 0.0
  }
}
