{
  "schema_version": "metrics/v1",
  "values": {
    "alpha_world": 0.9,
    "alpha_world_std": 0.0,
    "proximity_scale": 0.05,
    "proximity_scale_std": 0.0,
    "z_harm_dim": 32.0,
    "z_harm_dim_std": 0.0,
    "harm_forward_r2": 0.9137736409902573,
    "harm_forward_r2_std": 0.006035272545129092,
    "mean_delta_none": 0.3471652253423273,
    "mean_delta_none_std": 0.012913050155657578,
    "mean_delta_approach": 0.3251506331604522,
    "mean_delta_approach_std": 0.04179752085424055,
    "mean_delta_env_hazard": 0.40959176585976304,
    "mean_delta_env_hazard_std": 0.0702322214264414,
    "mean_delta_agent_hazard": 0.33020611665133887,
    "mean_delta_agent_hazard_std": 0.01724193375215705,
    "mean_causal_sig_none": -0.07825240040092475,
    "mean_causal_sig_none_std": 0.003159065024256632,
    "mean_causal_sig_approach": 0.005511534138194272,
    "mean_causal_sig_approach_std": 0.0011118502634280814,
    "mean_causal_sig_env_hazard": 0.05011282839280154,
    "mean_causal_sig_env_hazard_std": 0.027687039184968298,
    "mean_causal_sig_agent_hazard": 0.008602234039591525,
    "mean_causal_sig_agent_hazard_std": 0.010379563374441217,
    "attribution_gap": -0.04460129425460727,
    "attribution_gap_std": 0.026736334335971577,
    "n_approach_eval": 820.75,
    "n_approach_eval_std": 11.96609794377432,
    "n_env_hazard_eval": 14.25,
    "n_env_hazard_eval_std": 1.479019945774904,
    "n_agent_hazard_eval": 32.0,
    "n_agent_hazard_eval_std": 3.5355339059327378,
    "n_none_eval": 74.0,
    "n_none_eval_std": 13.285330255586423,
    "train_approach_events": 6445.25,
    "train_approach_events_std": 70.42149884800806,
    "train_contact_events": 364.25,
    "train_contact_events_std": 11.712706775122479,
    "crit1_pass": 0.0,
    "crit1_pass_std": 0.0,
    "crit2_pass": 1.0,
    "crit2_pass_std": 0.0,
    "crit3_pass": 0.5,
    "crit3_pass_std": 0.5,
    "crit4_pass": 1.0,
    "crit4_pass_std": 0.0,
    "crit5_pass": 1.0,
    "crit5_pass_std": 0.0,
    "criteria_met": 3.5,
    "criteria_met_std": 0.5,
    "seeds_pass": 0.0,
    "seeds_total": 4.0,
    "c6_seed_consistency": 1.0
  }
}
