{
  "schema_version": "metrics/v1",
  "values": {
    "calib_gap_trained": 0.009114667773246765,
    "calib_gap_random": 1.3306736946105957e-05,
    "delta_calibration_gap": 0.00910136103630066,
    "harm_pred_std_trained": 0.035211811773478985,
    "harm_pred_std_random": 0.00040484312921762466,
    "c4_graded_pass": 0.0,
    "n_approach_min": 573.0,
    "n_agent_min": 16.0,
    "seeds_passed": 0.0,
    "pair_pass_count": 2.0,
    "n_seeds": 2.0,
    "crit1_pass": 0.0,
    "crit2_pass": 1.0,
    "crit3_pass": 0.0,
    "crit4_pass": 0.0,
    "crit5_pass": 1.0,
    "criteria_met": 2.0
  }
}
