{
  "schema_version": "metrics/v1",
  "values": {
    "gap_replay_on": 0.01851655715895323,
    "gap_replay_ablated": 0.015299121729194565,
    "delta_gap": 0.003217435429758664,
    "n_harm_eval_min": 533.0,
    "n_quiescent_triggers_min": 6.0,
    "n_seeds": 2.0,
    "quiescence_k": 10.0,
    "n_replay_steps": 8.0,
    "replay_batch": 16.0,
    "alpha_world": 0.9,
    "nav_bias": 0.4,
    "per_seed_delta_min": -0.0027368979245028235,
    "per_seed_delta_max": 0.009171768784020151,
    "crit1_pass": 0.0,
    "crit2_pass": 0.0,
    "crit3_pass": 1.0,
    "crit4_pass": 1.0,
    "crit5_pass": 0.0,
    "criteria_met": 2.0
  }
}
