{
  "schema_version": "metrics/v1",
  "values": {
    "terrain_loss_initial": 0.3426146380316337,
    "terrain_loss_final": 3.2128665172981825e-06,
    "world_forward_r2": 0.9795193672180176,
    "hippo_quality_gap_intact": -1.6400187370315609,
    "hippo_quality_gap_ablated": 0.0,
    "hippo_quality_gap_restored": -1.6400242960603717,
    "ablation_degradation": -1.6400187370315609,
    "calibration_gap_approach": -0.00022539475814875587,
    "mean_hippo_residue_intact": 2.034676432278421,
    "mean_random_residue_intact": 0.3946576952468604,
    "mean_hippo_residue_ablated": 0.0,
    "mean_random_residue_ablated": 0.0,
    "e3_tick_total": 10773.0,
    "total_harm_train": 7853.0,
    "crit1_pass": 0.0,
    "crit2_pass": 0.0,
    "crit3_pass": 0.0,
    "crit4_pass": 0.0,
    "crit5_pass": 1.0,
    "criteria_met": 1.0
  }
}
