{
  "schema_version": "metrics/v1",
  "values": {
    "harm_per_step_ao": 0.0014672490822672842,
    "harm_per_step_self": 0.06842708402167899,
    "harm_per_step_random": 0.0754013043074993,
    "kernel_chaining_advantage": 0.06695983493941171,
    "contact_rate_ao": 0.0011,
    "contact_rate_self": 0.052742616033755275,
    "contact_rate_random": 0.06054054054054054,
    "cal_gap_approach_ao": 0.7337689734656601,
    "cal_gap_approach_self": 0.021331372090160117,
    "world_forward_r2": 0.9889272383971783,
    "e3_tick_total": 12146.0,
    "crit1_pass": 1.0,
    "crit2_pass": 1.0,
    "crit3_pass": 1.0,
    "crit4_pass": 1.0,
    "crit5_pass": 1.0,
    "criteria_met": 5.0
  }
}
