{
  "schema_version": "metrics/v1",
  "values": {
    "contact_recall_routed": 0.7961791604757309,
    "contact_recall_baseline": 0.7314650863409042,
    "recall_improvement": 0.06471407413482666,
    "action_dissoc_routed": -0.006548546254634857,
    "action_dissoc_std": 0.15684113452467774,
    "mean_routing_loss": 0.03297955294978859,
    "n_contact_min": 164.0,
    "lambda_route": 0.1,
    "n_seeds": 4.0,
    "alpha_world": 0.9,
    "crit1_pass": 1.0,
    "crit2_pass": 1.0,
    "crit3_pass": 1.0,
    "crit4_pass": 1.0,
    "crit5_pass": 1.0,
    "criteria_met": 5.0
  }
}
