{
  "schema_version": "metrics/v1",
  "values": {
    "delta_r2_mean": 0.6411642758116054,
    "causal_gap_approach_mean": 0.005239176348881107,
    "causal_gap_contact_mean": 0.035032324032888425,
    "causal_gap_neutral_mean": -0.026621445240846427,
    "n_approach_eval_mean": 7515.0,
    "crit1_pass": 1.0,
    "crit2_pass": 1.0,
    "crit3_pass": 1.0,
    "crit4_pass": 1.0,
    "crit5_pass": 1.0,
    "crit6_pass": 1.0
  }
}
