{
  "schema_version": "experiment_pack_metrics/v1",
  "values": {
    "latent_prediction_error_mean": 0.12112060591491583,
    "latent_prediction_error_p95": 0.20753843833822053,
    "latent_rollout_consistency_rate": 0.8960119949123403,
    "e1_e2_timescale_separation_ratio": 2.254866574436803,
    "representation_drift_rate": 0.019947809396778794,
    "fatal_error_count": 0
  }
}
