{
  "schema_version": "metrics/v1",
  "values": {
    "harm_fwd_r2": 0.0,
    "causal_none": -0.015783836226309498,
    "causal_approach": -0.014480914805559504,
    "causal_contact": -0.011877359632860154,
    "calibration_gap": 0.0780261601842206,
    "harm_none": 0.5691059302899145,
    "harm_approach": 0.6471320904741351,
    "n_approach_eval": 1192.0,
    "crit1_pass": 0.0,
    "crit2_pass": 0.0,
    "crit3_pass": 1.0,
    "crit4_pass": 1.0,
    "crit5_pass": 1.0,
    "criteria_met": 3.0,
    "fatal_error_count": 0.0
  }
}
