{
  "schema_version": "experiment_pack_metrics/v1",
  "values": {
    "fatal_error_count": 0.0,
    "stable_mean_running_variance": 0.00344997080163489,
    "stable_mean_precision": 461.77646190408126,
    "stable_commit_rate": 0.7803590285110876,
    "stable_n_commit_decisions": 947.0,
    "stable_mean_prediction_error": 0.002398930049578413,
    "perturbed_mean_running_variance": 0.005238818361004625,
    "perturbed_mean_precision": 251.0771127802497,
    "perturbed_commit_rate": 0.05035128805620609,
    "perturbed_n_commit_decisions": 854.0,
    "perturbed_mean_prediction_error": 0.004070938825043799,
    "recovery_mean_running_variance": 0.004134846275219224,
    "recovery_commit_rate": 0.7657342657342657,
    "running_variance_diff_perturbed_minus_stable": 0.0017888475593697347,
    "precision_diff_stable_minus_perturbed": 210.69934912383155,
    "commit_rate_diff_stable_minus_perturbed": 0.7300077404548815,
    "alpha_world": 0.9,
    "crit1_pass": 1.0,
    "crit2_pass": 1.0,
    "crit3_pass": 1.0,
    "crit4_pass": 1.0,
    "criteria_met": 5.0
  }
}
