{
  "schema_version": "metrics/v1",
  "values": {
    "gap_reset_on": 0.01396998470205546,
    "gap_ablated": -0.0006176068083177944,
    "delta_gap": 0.014587591510373255,
    "n_harm_eval_min": 122.0,
    "n_salient_resets_total": 5656.5,
    "n_seeds": 2.0,
    "nav_bias": 0.5,
    "alpha_world": 0.9,
    "heartbeat_k": 5.0,
    "per_seed_delta_min": 0.009378635404130087,
    "per_seed_delta_max": 0.019796547616616422,
    "crit1_pass": 0.0,
    "crit2_pass": 0.0,
    "crit3_pass": 0.0,
    "crit4_pass": 1.0,
    "crit5_pass": 1.0,
    "criteria_met": 2.0
  }
}
