{
  "schema_version": "metrics/v1",
  "values": {
    "latent_fwd_r2_mean": 0.6209331154823303,
    "dec_disc_trained_mean": -0.004248514230064781,
    "dec_disc_shuffled_mean": 0.0009294766865944597,
    "ablation_margin": -0.00517799091665924,
    "causal_approach_mean": -4.509743240133047e-06,
    "causal_none_mean": -0.023419798345754302,
    "causal_contact_mean": 0.009736624023835457,
    "n_approach_eval_mean": 394.25,
    "crit1_pass": 1.0,
    "crit2_pass": 0.0,
    "crit3_pass": 0.0,
    "crit4_pass": 1.0,
    "crit5_pass": 1.0,
    "crit6_pass": 0.0
  }
}
