{
  "schema_version": "metrics/v1",
  "values": {
    "split_action_acc_self": 0.8992347121238708,
    "split_action_acc_world": 0.8443877696990967,
    "split_contact_acc_world": 0.6428571343421936,
    "split_contact_acc_self": 0.5918367505073547,
    "split_action_dissociation": 0.05484694242477417,
    "split_contact_dissociation": 0.05102038383483887,
    "unified_action_acc_self": 0.8616071343421936,
    "unified_action_acc_world": 0.858418345451355,
    "unified_contact_acc_world": 0.6428571343421936,
    "unified_contact_acc_self": 0.6428571343421936,
    "action_self_improvement": 0.037627577781677246,
    "contact_world_improvement": 0.0,
    "n_contacts_split": 243.0,
    "adv_lambda": 0.1,
    "adv_weight": 0.5,
    "crit1_pass": 0.0,
    "crit2_pass": 0.0,
    "crit3_pass": 0.0,
    "crit4_pass": 0.0,
    "crit5_pass": 1.0,
    "criteria_met": 1.0,
    "fatal_error_count": 0.0
  }
}
