{
  "schema_version": "metrics/v1",
  "values": {
    "per_seed": [
      {
        "seed_idx": 0,
        "seed": 59745,
        "phase_failed": null,
        "p1_grad": true,
        "p1_steps": 1400,
        "p1_r2": 0.7224234867662236,
        "p1_loss": 0.008942295702483491,
        "p2_grad": false,
        "p2_steps": 48000,
        "p2_r2": 0.5742509843658158,
        "p2_loss": 0.0019075983908987838,
        "harm_forward_r2": 0.630448998911251,
        "n_self": 418,
        "n_ext": 258,
        "n_heldout": 1500,
        "p3_steps": 1611,
        "intact_self": 0.19771475981225808,
        "intact_ext": 0.17328906298954358,
        "intact_self_std": 0.10812974262227819,
        "intact_ext_std": 0.067643106584097,
        "scrambled_self": 0.24026072912951976,
        "scrambled_ext": 0.20922264144864194,
        "scrambled_self_std": 0.13492601526773965,
        "scrambled_ext_std": 0.09017261417624303
      },
      {
        "seed_idx": 1,
        "seed": 88847,
        "phase_failed": null,
        "p1_grad": true,
        "p1_steps": 1800,
        "p1_r2": 0.7034510636971198,
        "p1_loss": 0.00748373330832317,
        "p2_grad": false,
        "p2_steps": 48000,
        "p2_r2": 0.7165778168871352,
        "p2_loss": 0.0011064634395370376,
        "harm_forward_r2": 0.6668479226483213,
        "n_self": 402,
        "n_ext": 259,
        "n_heldout": 1500,
        "p3_steps": 1607,
        "intact_self": 0.17861262344713533,
        "intact_ext": 0.16070999712845074,
        "intact_self_std": 0.08823571782473756,
        "intact_ext_std": 0.05910637623747149,
        "scrambled_self": 0.2150380400505232,
        "scrambled_ext": 0.1839941222091209,
        "scrambled_self_std": 0.0972453969151069,
        "scrambled_ext_std": 0.07782480433435467
      },
      {
        "seed_idx": 2,
        "seed": 87736,
        "phase_failed": null,
        "p1_grad": true,
        "p1_steps": 1200,
        "p1_r2": 0.7087275126943748,
        "p1_loss": 0.008383974351882272,
        "p2_grad": false,
        "p2_steps": 48000,
        "p2_r2": 0.7048228749903738,
        "p2_loss": 0.0014016263667144813,
        "harm_forward_r2": 0.6693227803779547,
        "n_self": 403,
        "n_ext": 254,
        "n_heldout": 1500,
        "p3_steps": 1613,
        "intact_self": 0.1890341001227683,
        "intact_ext": 0.16588050634490223,
        "intact_self_std": 0.10169747112436972,
        "intact_ext_std": 0.0685472301250076,
        "scrambled_self": 0.22696667917941699,
        "scrambled_ext": 0.20428014014238918,
        "scrambled_self_std": 0.12244556515624652,
        "scrambled_ext_std": 0.08935150352132344
      }
    ],
    "n_seeds": 3,
    "n_episodes": 200,
    "steps_per_ep": 200,
    "p1_grad_threshold": 0.65,
    "p2_grad_threshold": 0.85,
    "p2_max_windows": 240,
    "use_interventional": true,
    "interventional_fraction": 0.3,
    "c1_r2_threshold": 0.85,
    "c2_dissociation_ratio_required": 1.3,
    "c3_falsification_tol": 0.15,
    "c4_min_events_per_type": 20
  }
}
