{
  "status": "FAIL",
  "metrics": {
    "approach_slope": 0.00031430207117697016,
    "contact_slope": 0.0003261163783334207,
    "slope_diff_a_minus_c": -1.1814307156450521e-05,
    "final_gap_approach": 0.22779007792472838,
    "final_gap_contact": 0.24525281669277899,
    "n_approach_min": 300.0,
    "num_checkpoints": 16.0,
    "crit1_pass": 1.0,
    "crit2_pass": 1.0,
    "crit3_pass": 1.0,
    "crit4_pass": 0.0,
    "crit5_pass": 1.0,
    "criteria_met": 4.0,
    "ep50_gap_approach": -0.0008361763320863247,
    "ep50_gap_contact": -0.0015542336872645945,
    "ep50_n_approach": 320.0,
    "ep100_gap_approach": 0.00382269661868484,
    "ep100_gap_contact": 0.003890956775940757,
    "ep100_n_approach": 340.0,
    "ep150_gap_approach": 0.014020252576179726,
    "ep150_gap_contact": 0.027663918010221555,
    "ep150_n_approach": 316.0,
    "ep200_gap_approach": 0.051412767608994714,
    "ep200_gap_contact": 0.03535169021633022,
    "ep200_n_approach": 305.0,
    "ep250_gap_approach": 0.06021645775547729,
    "ep250_gap_contact": 0.06290789800030844,
    "ep250_n_approach": 324.0,
    "ep300_gap_approach": 0.10742332266628346,
    "ep300_gap_contact": 0.09598741871682376,
    "ep300_n_approach": 339.0,
    "ep350_gap_approach": 0.11097743919802994,
    "ep350_gap_contact": 0.09084577951580286,
    "ep350_n_approach": 316.0,
    "ep400_gap_approach": 0.1352406075418885,
    "ep400_gap_contact": 0.12453491780019943,
    "ep400_n_approach": 335.0,
    "ep450_gap_approach": 0.16461074801472247,
    "ep450_gap_contact": 0.09333528181973921,
    "ep450_n_approach": 356.0,
    "ep500_gap_approach": 0.16900942674904923,
    "ep500_gap_contact": 0.07326086151479472,
    "ep500_n_approach": 317.0,
    "ep550_gap_approach": 0.1630600535190932,
    "ep550_gap_contact": 0.14458212057749437,
    "ep550_n_approach": 303.0,
    "ep600_gap_approach": 0.20853747379740978,
    "ep600_gap_contact": 0.19842725711352543,
    "ep600_n_approach": 332.0,
    "ep650_gap_approach": 0.21299754792504555,
    "ep650_gap_contact": 0.2267974166211134,
    "ep650_n_approach": 307.0,
    "ep700_gap_approach": 0.176810854410072,
    "ep700_gap_contact": 0.21287451932827633,
    "ep700_n_approach": 332.0,
    "ep750_gap_approach": 0.1955165499620713,
    "ep750_gap_contact": 0.19757313542068006,
    "ep750_n_approach": 325.0,
    "ep800_gap_approach": 0.22779007792472838,
    "ep800_gap_contact": 0.24525281669277899,
    "ep800_n_approach": 300.0
  },
  "summary_markdown": "# V3-EXQ-039 \u2014 Training Progression Analysis\n\n**Status:** FAIL\n**Claims:** MECH-071, ARC-024\n**World:** CausalGridWorldV2 (proximity_scale=0.05)\n**alpha_world:** 0.9  (SD-008)\n**Seed:** 0\n**Predecessor:** EXQ-033 (FAIL \u2014 C4: approach_slope \u2264 contact_slope with 4 checkpoints)\n\n## Motivation\n\nEXQ-033 used 4 checkpoints (100, 250, 500, 1000 episodes) and found approach_slope=0.000265\nvs contact_slope=0.000289. The hierarchical prediction is that approach detection should\nemerge faster (gradient signal is observable before contact). EXQ-039 tests with 16\ncheckpoints (every 50 episodes over 800 total) for much more reliable slope estimation.\n\n## Checkpoint Progression\n\n| Episode | gap_approach | gap_contact | n_approach | n_contact |\n|---|---|---|---|---|\n|   50 | -0.0008 | -0.0016 |  320 |   14 |\n|  100 | 0.0038 | 0.0039 |  340 |   19 |\n|  150 | 0.0140 | 0.0277 |  316 |   19 |\n|  200 | 0.0514 | 0.0354 |  305 |   17 |\n|  250 | 0.0602 | 0.0629 |  324 |   21 |\n|  300 | 0.1074 | 0.0960 |  339 |   16 |\n|  350 | 0.1110 | 0.0908 |  316 |   16 |\n|  400 | 0.1352 | 0.1245 |  335 |   21 |\n|  450 | 0.1646 | 0.0933 |  356 |   20 |\n|  500 | 0.1690 | 0.0733 |  317 |   22 |\n|  550 | 0.1631 | 0.1446 |  303 |   20 |\n|  600 | 0.2085 | 0.1984 |  332 |   17 |\n|  650 | 0.2130 | 0.2268 |  307 |   23 |\n|  700 | 0.1768 | 0.2129 |  332 |   18 |\n|  750 | 0.1955 | 0.1976 |  325 |   18 |\n|  800 | 0.2278 | 0.2453 |  300 |   19 |\n\n**approach_slope:** 0.000314  **contact_slope:** 0.000326\n**slope_diff (approach \u2212 contact):** -0.000012\n\n## PASS Criteria\n\n| Criterion | Result | Value |\n|---|---|---|\n| C1: final_gap_approach > 0.03 | PASS | 0.2278 |\n| C2: early monotone improvement (ep50 \u2192 ep100) | PASS | yes |\n| C3: approach_slope > 0 | PASS | 0.000314 |\n| C4: approach_slope > contact_slope | FAIL | 0.000314 vs 0.000326 |\n| C5: n_approach_min >= 20 | PASS | 300 |\n\nCriteria met: 4/5 \u2192 **FAIL**\n\n## Failure Notes\n\n- C4 FAIL: approach_slope(0.000314) <= contact_slope(0.000326)\n",
  "claim_ids": [
    "MECH-071",
    "ARC-024"
  ],
  "evidence_direction": "mixed",
  "experiment_type": "v3_exq_039_training_progression",
  "fatal_error_count": 0,
  "run_timestamp": "20260319T060720Z",
  "claim": "MECH-071",
  "verdict": "FAIL",
  "run_id": "v3_exq_039_training_progression_20260319T060720Z_v3",
  "architecture_epoch": "ree_hybrid_guardrails_v1"
}
