{
  "schema_version": "experiment_pack_metrics/v1",
  "values": {
    "pre_commit_error_signal_to_noise": 1.1150670340590247,
    "post_commit_error_attribution_gain": 0.16981320069214112,
    "cross_channel_leakage_rate": 0.2287147615319613,
    "commitment_reversal_rate": 0.14585250761689994,
    "fatal_error_count": 0
  }
}
