{
  "schema_version": "metrics/v1",
  "values": {
    "z_goal_norm_world_avg": 0.38585777084032696,
    "z_goal_norm_enc_avg": 1.1727417707443237,
    "benefit_per_ep_goal_present": 0.02,
    "benefit_per_ep_goal_absent": 0.5866666666666667,
    "benefit_ratio": 0.03409090909090909,
    "calibration_gap_goal_present": 0.35312264164288837,
    "goal_resource_r_world": 0.2315743896213243,
    "goal_resource_r_enc": 0.8194012502466291,
    "goal_vs_harm_ratio": 0.6046133975663074,
    "enc_final_loss": 0.22584914549067617,
    "e2r_final_loss": 0.04139843811605048,
    "enc_contact_acc": 0.9270833333333334,
    "mech124_flag_salience": 0.0,
    "drive_weight": 2.0,
    "n_seeds": 3.0,
    "alpha_world": 0.9,
    "lr_enc": 0.001,
    "lr_e2r": 0.0005,
    "curriculum_episodes": 100.0,
    "crit1_pass": 1.0,
    "crit2_pass": 0.0,
    "crit3_pass": 1.0,
    "crit4_pass": 1.0,
    "criteria_met": 3.0
  }
}
