{
  "schema_version": "metrics/v1",
  "values": {
    "causal_sig_none": 7.745349430528613e-06,
    "causal_sig_approach": 0.0003618987760751495,
    "causal_sig_contact": 0.0003049060410144404,
    "causal_sig_gap_approach": 0.0003541534266446209,
    "causal_sig_gap_contact": -5.699273506070909e-05,
    "calibration_gap_approach": 0.09447356127199602,
    "mean_harm_eval_approach": 0.9950858658582122,
    "mean_harm_eval_none": 0.9006123045862162,
    "n_approach_eval": 398.0,
    "n_contact_eval": 17.0,
    "n_none_eval": 19585.0,
    "world_forward_r2": 0.9907711435275071,
    "e3_tick_total": 12229.0,
    "alpha_world": 0.9,
    "crit1_pass": 1.0,
    "crit2_pass": 0.0,
    "crit3_pass": 0.0,
    "crit4_pass": 1.0,
    "crit5_pass": 1.0,
    "criteria_met": 3.0
  }
}
