{
  "schema_version": "metrics/v1",
  "values": {
    "c1_pass": 1.0,
    "c2_pass": 1.0,
    "c3_pass": 1.0,
    "c4_pass": 1.0,
    "criteria_met": 4.0,
    "approach_slope_seed0": 1.4911690201514762e-05,
    "contact_slope_seed0": 1.4022318216470554e-05,
    "approach_gap_at_peak_seed0": 0.999418672422568,
    "peak_checkpoint_seed0": 1500.0,
    "n_approach_at_peak_seed0": 120.0,
    "slope_gap_seed0": 8.893719850442073e-07,
    "approach_slope_seed1": 1.5732139731064848e-05,
    "contact_slope_seed1": 1.4688843186234646e-05,
    "approach_gap_at_peak_seed1": 0.9999639610449473,
    "peak_checkpoint_seed1": 1500.0,
    "n_approach_at_peak_seed1": 120.0,
    "slope_gap_seed1": 1.0432965448302024e-06,
    "approach_slope_seed2": 0.0005773761544057828,
    "contact_slope_seed2": 0.00010642550527328374,
    "approach_gap_at_peak_seed2": 0.9245383177580986,
    "peak_checkpoint_seed2": 1000.0,
    "n_approach_at_peak_seed2": 80.0,
    "slope_gap_seed2": 0.000470950649132499
  }
}
