{
  "schema_version": "metrics/v1",
  "values": {
    "harm_rate_TERRAIN_SHAPED": 0.0060999999999999995,
    "harm_rate_TERRAIN_FLAT": 0.0060999999999999995,
    "harm_reduction_frac": 0.0,
    "terrain_harm_corr_TERRAIN_SHAPED": -0.4384068955501535,
    "terrain_harm_corr_TERRAIN_FLAT": -0.4384068955501535,
    "seed_pair_pass_harm": 0,
    "n_harm_min": 58
  }
}
