{
  "schema_version": "metrics/v1",
  "values": {
    "alpha_world": 0.9,
    "reafference_r2_z_world": 0.3895455002784729,
    "calibration_gap_z_harm": 0.07928657543323225,
    "harm_pred_std_z_harm": 0.12189828276792888,
    "mean_harm_eval_none": 0.5445230036182741,
    "mean_harm_eval_approach": 0.6238095790515064,
    "mean_harm_eval_contact": 0.6744112846717029,
    "n_agent_hazard_steps": 31.0,
    "n_approach_steps": 1136.0,
    "n_none_steps": 113.0,
    "identity_test_pass": 1.0,
    "reaf_buf_size": 552.0,
    "crit1_pass": 1.0,
    "crit2_pass": 1.0,
    "crit3_pass": 1.0,
    "crit4_pass": 1.0,
    "crit5_pass": 1.0,
    "criteria_met": 5.0,
    "fatal_error_count": 0.0
  }
}
