{
  "schema_version": "experiment_pack_metrics/v1",
  "values": {
    "fatal_error_count": 0.0,
    "alpha_world": 0.9,
    "condA_e2w_1step_mse": 0.0004793855221528996,
    "condA_identity_mse": 0.0005160959645546831,
    "condA_improvement_ratio": 1.0765781207511618,
    "condA_action_div_near": 0.05527044280335821,
    "condA_action_div_safe": 0.05419823694165473,
    "condA_action_div_gap": 0.001072205861703479,
    "condB_e2w_1step_mse": 0.00044985193286702665,
    "condB_identity_mse": 0.0005371568356453461,
    "condB_improvement_ratio": 1.1940747530457454,
    "condB_action_div_near": 0.06183414636120104,
    "condB_action_div_safe": 0.06072490261280322,
    "condB_action_div_gap": 0.0011092437483978188,
    "condC_action_div_near": 0.05932709690777288,
    "condC_action_div_safe": 0.05906724172937162,
    "condC_action_div_gap": 0.0002598551784012623,
    "n_near_probes": 208.0,
    "n_safe_probes": 481.0,
    "probe_num_hazards": 6.0,
    "probe_min_dist_safe": 2.0,
    "crit1_pass": 0.0,
    "crit2_pass": 0.0,
    "crit3_pass": 0.0,
    "crit4_pass": 1.0,
    "criteria_met": 2.0
  }
}
