{
  "schema_version": "metrics/v1",
  "values": {
    "mean_mismatch_self": 0.34502858912896534,
    "mean_mismatch_world": 0.34882632465589614,
    "mismatch_gap": 0.003797735526930801,
    "mean_agency_none": 0.7435465503318107,
    "mean_agency_world": 0.7414765301204863,
    "classification_acc": 0.8546712802768166,
    "optimal_threshold": 0.1,
    "false_attribution": 1.0,
    "n_world_caused": 42.0,
    "crit1_pass": 0.0,
    "crit2_pass": 1.0,
    "crit3_pass": 0.0,
    "crit4_pass": 1.0,
    "crit5_pass": 1.0,
    "criteria_met": 3.0,
    "fatal_error_count": 0.0
  }
}
