{
  "schema_version": "experiment_pack_metrics/v1",
  "values": {
    "pre_commit_error_signal_to_noise": 1.3146719018745585,
    "post_commit_error_attribution_gain": 0.15985098257394484,
    "cross_channel_leakage_rate": 0.22471897036250513,
    "commitment_reversal_rate": 0.14062886579665435,
    "fatal_error_count": 0
  }
}
