{
  "schema_version": "metrics/v1",
  "values": {
    "split_action_acc_self": 0.847465455532074,
    "split_action_acc_world": 0.8396313190460205,
    "split_contact_acc_world": 0.6666666865348816,
    "split_contact_acc_self": 0.6097561120986938,
    "split_action_dissociation": 0.007834136486053467,
    "split_contact_dissociation": 0.056910574436187744,
    "unified_action_acc_self": 0.8663594722747803,
    "unified_action_acc_world": 0.8566820025444031,
    "unified_contact_acc_world": 0.6504064798355103,
    "unified_contact_acc_self": 0.5853658318519592,
    "action_self_improvement": -0.0188940167427063,
    "contact_world_improvement": 0.016260206699371338,
    "n_contacts_split": 307.0,
    "crit1_pass": 0.0,
    "crit2_pass": 0.0,
    "crit3_pass": 0.0,
    "crit4_pass": 0.0,
    "crit5_pass": 1.0,
    "criteria_met": 1.0,
    "fatal_error_count": 0.0
  }
}
