{
  "schema_version": "experiment_pack_metrics/v1",
  "values": {
    "pre_commit_error_signal_to_noise": 2.4410570996256906,
    "post_commit_error_attribution_gain": 0.40393261914564993,
    "cross_channel_leakage_rate": 0.08442418169982188,
    "commitment_reversal_rate": 0.0666554206542468,
    "fatal_error_count": 0
  }
}
