{
  "schema_version": "metrics/v1",
  "values": {
    "d_eff_baseline_nomaint": 23.847686948679915,
    "d_eff_post_nomaint": 23.840926789943083,
    "d_eff_ratio_nomaint": 0.9997165276971566,
    "d_eff_baseline_maint": 23.847686948679915,
    "d_eff_post_maint": 23.840926789943083,
    "d_eff_ratio_maint": 0.9997165276971566,
    "d_eff_gap": 0.0,
    "e2_loss_nomaint": 5.242052298410411e-08,
    "e2_loss_maint": 5.242052298410411e-08,
    "noise_sigma": 2.0,
    "maintenance_weight": 0.1,
    "d_eff_target": 1.5,
    "crit1_pass": 1.0,
    "crit2_pass": 0.0,
    "crit3_pass": 0.0,
    "crit4_pass": 1.0,
    "criteria_met": 2.0
  }
}
