{
  "schema_version": "metrics/v1",
  "values": {
    "harm_active_stable": -0.09174910079282654,
    "harm_ablated_stable": -0.09216173454100418,
    "harm_gap_stable": 0.0004126337481776404,
    "harm_active_volatile": -0.09223988163877206,
    "harm_ablated_volatile": -0.09247067114399478,
    "harm_gap_volatile": 0.0002307895052227199,
    "n_committed_active_stable": 5159.5,
    "n_uncommitted_active_stable": 0.0,
    "n_committed_ablated_stable": 0.0,
    "gap_reduction_ratio": 0.5593083606030308,
    "crit1_pass": 1.0,
    "crit2_pass": 1.0,
    "crit3_pass": 1.0,
    "crit4_pass": 1.0,
    "crit5_pass": 1.0,
    "criteria_met": 5.0,
    "fatal_error_count": 0.0
  }
}
