{
  "schema_version": "metrics/v1",
  "values": {
    "corr_z_self_body": 0.16918971149736506,
    "corr_z_world_body": 0.043469893928874744,
    "corr_z_world_world_obs": 0.04358878362561652,
    "corr_z_self_world_obs": 0.07539884480942811,
    "self_body_advantage": 0.1257198175684903,
    "world_obs_advantage": -0.031810061183811585,
    "mean_n_samples": 690.0
  }
}
