{
  "schema_version": "metrics/v1",
  "values": {
    "gap_locus_on": 0.0029528430725209165,
    "gap_locus_ablated": 0.007910855424860641,
    "delta_gap": -0.004958012352339725,
    "n_harm_eval_min": 535.0,
    "n_approach_contacts_min": 535.0,
    "n_seeds": 2.0,
    "alpha_world": 0.9,
    "nav_bias": 0.45,
    "per_seed_delta_min": -0.008270084725026439,
    "per_seed_delta_max": -0.0016459399796530105,
    "crit1_pass": 0.0,
    "crit2_pass": 0.0,
    "crit3_pass": 1.0,
    "crit4_pass": 1.0,
    "crit5_pass": 1.0,
    "criteria_met": 3.0
  }
}
