{
  "schema_version": "metrics/v1",
  "values": {
    "gap_approach_gradient": 0.19684611846222858,
    "gap_approach_contact": -0.08813993345151339,
    "gap_contact_gradient": 0.17383700804564026,
    "gap_contact_contact": -0.029195857050114182,
    "delta_approach_gap": 0.28498605191374193,
    "mean_score_none_gradient": 0.3816707642708951,
    "mean_score_none_contact": 0.5500767357629595,
    "mean_score_approach_gradient": 0.5785168827331237,
    "mean_score_approach_contact": 0.46193680231144607,
    "n_approach_min": 830.0,
    "n_seeds": 2.0,
    "alpha_world": 0.9,
    "proximity_harm_scale": 0.05,
    "crit1_pass": 1.0,
    "crit2_pass": 1.0,
    "crit3_pass": 1.0,
    "crit4_pass": 1.0,
    "criteria_met": 4.0
  }
}
