{
  "status": "PASS",
  "metrics": {
    "c1_pass": 1.0,
    "c2_pass": 1.0,
    "c3_pass": 1.0,
    "c4_pass": 1.0,
    "c5_pass": 1.0,
    "criteria_met": 5.0,
    "da_pos_s0": 0.8795923304330634,
    "da_neg_s0": 0.10081954043923153,
    "da_divergence_s0": 0.7787727899938319,
    "threshold_pos_vb_s0": 0.5822043186078705,
    "threshold_neg_vb_s0": 0.20839337941083116,
    "threshold_asymmetry_s0": 2.79377550406772,
    "mean_latency_pos_vb_s0": 2.0,
    "mean_latency_neg_vb_s0": 22.0,
    "mean_latency_pos_nb_s0": 9.0,
    "mean_latency_neg_nb_s0": 9.0,
    "latency_ratio_vb_s0": 11.0,
    "latency_ratio_nb_s0": 1.0,
    "asymmetry_delta_s0": 10.0,
    "da_pos_s1": 1.9768374596555635e-07,
    "da_neg_s1": 3.010280068828842e-09,
    "da_divergence_s1": 1.946734658967275e-07,
    "threshold_pos_vb_s1": 0.16000009488819808,
    "threshold_neg_vb_s1": 0.16000000144493445,
    "threshold_asymmetry_s1": 1.0000005840203925,
    "mean_latency_pos_vb_s1": 201.0,
    "mean_latency_neg_vb_s1": 201.0,
    "mean_latency_pos_nb_s1": 201.0,
    "mean_latency_neg_nb_s1": 201.0,
    "latency_ratio_vb_s1": 1.0,
    "latency_ratio_nb_s1": 1.0,
    "asymmetry_delta_s1": 0.0,
    "da_pos_s2": 0.8606676744458716,
    "da_neg_s2": 0.10010570839720263,
    "da_divergence_s2": 0.7605619660486689,
    "threshold_pos_vb_s2": 0.5731204837340184,
    "threshold_neg_vb_s2": 0.20805074003065727,
    "threshold_asymmetry_s2": 2.7547149491011966,
    "mean_latency_pos_vb_s2": 2.0,
    "mean_latency_neg_vb_s2": 22.0,
    "mean_latency_pos_nb_s2": 9.0,
    "mean_latency_neg_nb_s2": 9.0,
    "latency_ratio_vb_s2": 11.0,
    "latency_ratio_nb_s2": 1.0,
    "asymmetry_delta_s2": 10.0,
    "da_pos_s3": 0.8191171311062421,
    "da_neg_s3": 0.09316055692467864,
    "da_divergence_s3": 0.7259565741815635,
    "threshold_pos_vb_s3": 0.5531762229309962,
    "threshold_neg_vb_s3": 0.20471706732384576,
    "threshold_asymmetry_s3": 2.70214999737133,
    "mean_latency_pos_vb_s3": 3.0,
    "mean_latency_neg_vb_s3": 22.0,
    "mean_latency_pos_nb_s3": 9.0,
    "mean_latency_neg_nb_s3": 9.0,
    "latency_ratio_vb_s3": 7.333333333333333,
    "latency_ratio_nb_s3": 1.0,
    "asymmetry_delta_s3": 6.333333333333333,
    "da_pos_s4": 0.8449727465227045,
    "da_neg_s4": 0.08344598103664123,
    "da_divergence_s4": 0.7615267654860632,
    "threshold_pos_vb_s4": 0.5655869183308981,
    "threshold_neg_vb_s4": 0.2000540708975878,
    "threshold_asymmetry_s4": 2.8271702534882923,
    "mean_latency_pos_vb_s4": 2.0,
    "mean_latency_neg_vb_s4": 22.0,
    "mean_latency_pos_nb_s4": 9.0,
    "mean_latency_neg_nb_s4": 9.0,
    "latency_ratio_vb_s4": 11.0,
    "latency_ratio_nb_s4": 1.0,
    "asymmetry_delta_s4": 10.0
  },
  "summary_markdown": "# V3-EXQ-231a -- MECH-106 BG Hysteresis Redesign\n\n**Status:** PASS  **Criteria met:** 5/5\n**Claims:** MECH-106  **Purpose:** evidence  **Supersedes:** V3-EXQ-231\n\n## Why EXQ-231 was insufficient\n\nEXQ-231 tested PERSISTENT (min-hold 20 steps) vs REACTIVE (instantaneous).\nAll seeds: persist_ratio = reactive_ratio = 1.0 (identical behavior).\nRoot cause: rv stayed below commit_threshold throughout every episode;\nthe hold extension never fired. No valence history was created.\n\n## Redesign\n\nVALENCE_BIAS: effective_threshold = base * (1 + 1.2 * (da - 0.5))\nNO_BIAS: fixed threshold (current implementation / ablation)\nMetric: latency-to-first-commitment from rv reset (0.65) per probe episode.\n\n## Results\n\n| Seed | da_div | thr_asym | lat_ratio_vb | lat_ratio_nb | asym_delta | C1 | C2 | C3 | C4 | C5 |\n|------|--------|----------|--------------|--------------|-----------|----|----|----|----|----|\n| 0 | 0.779 | 2.794 | 11.00 | 1.00 | 10.00 | P | P | P | P | P |\n| 42 | 0.000 | 1.000 | 1.00 | 1.00 | 0.00 | F | F | F | P | F |\n| 100 | 0.761 | 2.755 | 11.00 | 1.00 | 10.00 | P | P | P | P | P |\n| 123 | 0.726 | 2.702 | 7.33 | 1.00 | 6.33 | P | P | P | P | P |\n| 200 | 0.762 | 2.827 | 11.00 | 1.00 | 10.00 | P | P | P | P | P |\n\n## Interpretation\n\nMECH-106 SUPPORTED: Valence-modulated threshold produces genuine asymmetric commitment hysteresis. Latency to first commitment is significantly shorter after positive history (higher threshold) than after negative history (lower threshold). NO_BIAS ablation shows no such asymmetry, confirming the effect is due to valence-driven threshold modulation, not training dynamics.\n",
  "claim_ids": [
    "MECH-106"
  ],
  "evidence_direction": "supports",
  "experiment_type": "v3_exq_231a_mech106_bg_hysteresis_redesign",
  "fatal_error_count": 0,
  "seed_results": [
    {
      "seed": 0,
      "da_pos": 0.8795923304330634,
      "da_neg": 0.10081954043923153,
      "da_divergence": 0.7787727899938319,
      "threshold_pos_vb": 0.5822043186078705,
      "threshold_neg_vb": 0.20839337941083116,
      "threshold_asymmetry": 2.79377550406772,
      "mean_latency_pos_vb": 2.0,
      "mean_latency_neg_vb": 22.0,
      "mean_latency_pos_nb": 9.0,
      "mean_latency_neg_nb": 9.0,
      "latency_ratio_vb": 11.0,
      "latency_ratio_nb": 1.0,
      "asymmetry_delta": 10.0,
      "commits_pos_vb": 25,
      "commits_neg_vb": 25,
      "commits_pos_nb": 25,
      "commits_neg_nb": 25,
      "c1": true,
      "c2": true,
      "c3": true,
      "c4": true,
      "c5": true
    },
    {
      "seed": 42,
      "da_pos": 1.9768374596555635e-07,
      "da_neg": 3.010280068828842e-09,
      "da_divergence": 1.946734658967275e-07,
      "threshold_pos_vb": 0.16000009488819808,
      "threshold_neg_vb": 0.16000000144493445,
      "threshold_asymmetry": 1.0000005840203925,
      "mean_latency_pos_vb": 201.0,
      "mean_latency_neg_vb": 201.0,
      "mean_latency_pos_nb": 201.0,
      "mean_latency_neg_nb": 201.0,
      "latency_ratio_vb": 1.0,
      "latency_ratio_nb": 1.0,
      "asymmetry_delta": 0.0,
      "commits_pos_vb": 0,
      "commits_neg_vb": 0,
      "commits_pos_nb": 0,
      "commits_neg_nb": 0,
      "c1": false,
      "c2": false,
      "c3": false,
      "c4": true,
      "c5": false
    },
    {
      "seed": 100,
      "da_pos": 0.8606676744458716,
      "da_neg": 0.10010570839720263,
      "da_divergence": 0.7605619660486689,
      "threshold_pos_vb": 0.5731204837340184,
      "threshold_neg_vb": 0.20805074003065727,
      "threshold_asymmetry": 2.7547149491011966,
      "mean_latency_pos_vb": 2.0,
      "mean_latency_neg_vb": 22.0,
      "mean_latency_pos_nb": 9.0,
      "mean_latency_neg_nb": 9.0,
      "latency_ratio_vb": 11.0,
      "latency_ratio_nb": 1.0,
      "asymmetry_delta": 10.0,
      "commits_pos_vb": 25,
      "commits_neg_vb": 25,
      "commits_pos_nb": 25,
      "commits_neg_nb": 25,
      "c1": true,
      "c2": true,
      "c3": true,
      "c4": true,
      "c5": true
    },
    {
      "seed": 123,
      "da_pos": 0.8191171311062421,
      "da_neg": 0.09316055692467864,
      "da_divergence": 0.7259565741815635,
      "threshold_pos_vb": 0.5531762229309962,
      "threshold_neg_vb": 0.20471706732384576,
      "threshold_asymmetry": 2.70214999737133,
      "mean_latency_pos_vb": 3.0,
      "mean_latency_neg_vb": 22.0,
      "mean_latency_pos_nb": 9.0,
      "mean_latency_neg_nb": 9.0,
      "latency_ratio_vb": 7.333333333333333,
      "latency_ratio_nb": 1.0,
      "asymmetry_delta": 6.333333333333333,
      "commits_pos_vb": 25,
      "commits_neg_vb": 25,
      "commits_pos_nb": 25,
      "commits_neg_nb": 25,
      "c1": true,
      "c2": true,
      "c3": true,
      "c4": true,
      "c5": true
    },
    {
      "seed": 200,
      "da_pos": 0.8449727465227045,
      "da_neg": 0.08344598103664123,
      "da_divergence": 0.7615267654860632,
      "threshold_pos_vb": 0.5655869183308981,
      "threshold_neg_vb": 0.2000540708975878,
      "threshold_asymmetry": 2.8271702534882923,
      "mean_latency_pos_vb": 2.0,
      "mean_latency_neg_vb": 22.0,
      "mean_latency_pos_nb": 9.0,
      "mean_latency_neg_nb": 9.0,
      "latency_ratio_vb": 11.0,
      "latency_ratio_nb": 1.0,