{
  "run_id": "v3_exq_278_inv054_depression_recovery_phase_transition_1775764609_v3",
  "experiment_type": "v3_exq_278_inv054_depression_recovery_phase_transition",
  "architecture_epoch": "ree_hybrid_guardrails_v1",
  "claim_ids": [
    "INV-054"
  ],
  "experiment_purpose": "evidence",
  "outcome": "FAIL",
  "evidence_direction": "does_not_support",
  "timestamp_utc": "20260409T195649Z",
  "seeds": [
    42,
    43,
    44
  ],
  "phase1_max_episodes": 300,
  "phase2_episodes": 300,
  "steps_per_ep": 150,
  "world_dim": 32,
  "lh_n_resources": 1,
  "lh_n_hazards": 3,
  "lh_hazard_harm": 0.02,
  "lh2_n_resources": 1,
  "lh2_n_hazards": 0,
  "depression_norm_thresh": 0.1,
  "depression_sustain_eps": 50,
  "recovery_norm_thresh": 0.3,
  "recovery_phase_trans_eps": 50,
  "recovery_graded_eps": 10,
  "pass_seed_count": 2,
  "seeds_passing": 0,
  "per_seed_results": [
    {
      "seed": 42,
      "depression_established": true,
      "phase1_final_z_goal_norm": 0.0,
      "recovery_latency": 1,
      "recovery_type": "graded",
      "seed_passed": false,
      "z_goal_norm_trajectory_sampled": [
        0.3334791362285614,
        0.47566530108451843,
        0.38244011998176575,
        0.4740655720233917,
        0.4675280749797821,
        0.37776467204093933,
        0.413237988948822,
        0.4629082977771759,
        0.4112522304058075,
        0.41841402649879456,
        0.40362459421157837,
        0.4407232403755188,
        0.47811615467071533,
        0.409260094165802,
        0.41835907101631165,
        0.4701216220855713,
        0.44030478596687317,
        0.4557168185710907,
        0.426688015460968,
        0.47036212682724,
        0.3904207646846771,
        0.4658648371696472,
        0.4174771010875702,
        0.4762783646583557,
        0.47240933775901794,
        0.45565924048423767,
        0.45309481024742126,
        0.48292815685272217,
        0.42637866735458374,
        0.47575247287750244
      ]
    },
    {
      "seed": 43,
      "depression_established": true,
      "phase1_final_z_goal_norm": 0.0,
      "recovery_latency": 1,
      "recovery_type": "graded",
      "seed_passed": false,
      "z_goal_norm_trajectory_sampled": [
        0.38954606652259827,
        0.40114825963974,
        0.3786424994468689,
        0.41466033458709717,
        0.3748220205307007,
        0.39639705419540405,
        0.36736536026000977,
        0.41316157579421997,
        0.4173322319984436,
        0.4119904637336731,
        0.37719932198524475,
        0.3809361755847931,
        0.36674320697784424,
        0.3604961037635803,
        0.4063643217086792,
        0.3611326813697815,
        0.40069591999053955,
        0.3925890028476715,
        0.424890398979187,
        0.39353469014167786,
        0.417522132396698,
        0.42175590991973877,
        0.3993532657623291,
        0.4068988859653473,
        0.36026740074157715,
        0.4251375198364258,
        0.4272962212562561,
        0.3797430992126465,
        0.39699965715408325,
        0.37404435873031616
      ]
    },
    {
      "seed": 44,
      "depression_established": true,
      "phase1_final_z_goal_norm": 0.0,
      "recovery_latency": 3,
      "recovery_type": "graded",
      "seed_passed": false,
      "z_goal_norm_trajectory_sampled": [
        0.2625460922718048,
        0.38788074254989624,
        0.4066571295261383,
        0.4008316099643707,
        0.38320234417915344,
        0.40048229694366455,
        0.39754819869995117,
        0.43081924319267273,
        0.389888733625412,
        0.38528522849082947,
        0.41597992181777954,
        0.368553102016449,
        0.35654908418655396,
        0.404268354177475,
        0.3892365097999573,
        0.4070116877555847,
        0.41139450669288635,
        0.42727965116500854,
        0.3844592273235321,
        0.42951852083206177,
        0.3844866454601288,
        0.4093019366264343,
        0.4275864362716675,
        0.42763757705688477,
        0.38509297370910645,
        0.41898781061172485,
        0.41438841819763184,
        0.3597211539745331,
        0.41904109716415405,
        0.32260915637016296
      ]
    }
  ]
}