{
  "run_id": "v3_exq_178a_sd011_dual_stream_dissociation_20260330T191926Z_v3",
  "experiment_type": "v3_exq_178a_sd011_dual_stream_dissociation",
  "architecture_epoch": "ree_hybrid_guardrails_v1",
  "claim_ids": [
    "SD-011",
    "ARC-033"
  ],
  "outcome": "FAIL",
  "criteria": {
    "C1_fwd_r2": false,
    "C2_stream_corr": true,
    "C3_autocorr_gap": true,
    "C4_hazard_corr": true
  },
  "metrics": {
    "harm_fwd_r2": -0.6139935722524233,
    "stream_corr": -0.04636118504017194,
    "autocorr_gap": 0.44724713820601153,
    "z_harm_s_hazard_corr": 0.5713588956648101
  },
  "per_seed": [
    {
      "harm_fwd_r2": -0.47241985321890567,
      "stream_corr": -0.13785848781854879,
      "autocorr_gap": 0.39277320861072396,
      "z_ha_autocorr_lag10": 0.9190882205920085,
      "z_hs_autocorr_lag10": 0.5263150119812845,
      "z_harm_s_hazard_corr": 0.7323711869339634,
      "n_steps_measured": 8000,
      "z_hs_norms_mean": 0.9063710708618165,
      "z_ha_norms_mean": 2.1219126511961224,
      "hazard_level_mean": 0.7409444226138294,
      "seed": 42
    },
    {
      "harm_fwd_r2": -0.755567291285941,
      "stream_corr": 0.0451361177382049,
      "autocorr_gap": 0.5017210678012991,
      "z_ha_autocorr_lag10": 0.9179769877080645,
      "z_hs_autocorr_lag10": 0.41625591990676536,
      "z_harm_s_hazard_corr": 0.41034660439565696,
      "n_steps_measured": 8000,
      "z_hs_norms_mean": 1.0455935647413135,
      "z_ha_norms_mean": 2.119064066693187,
      "hazard_level_mean": 0.7322624981068074,
      "seed": 123
    }
  ],
  "thresholds": {
    "C1_harm_fwd_r2": 0.2,
    "C2_stream_corr": 0.85,
    "C3_autocorr_gap": 0.1,
    "C4_z_harm_s_hazard_corr": 0.25
  },
  "supersedes": "V3-EXQ-178",
  "config": {
    "seeds": [
      42,
      123
    ],
    "warmup_episodes": 150,
    "fwd_train_episodes": 80,
    "dissociation_episodes": 40,
    "steps_per_episode": 200,
    "harm_obs_dim": 51,
    "harm_obs_a_dim": 50,
    "z_harm_s_dim": 32,
    "z_harm_a_dim": 16
  },
  "timestamp_utc": "2026-03-30T19:19:26.059749Z",
  "evidence_direction": "superseded",
  "evidence_direction_note": "Superseded by EXQ-178b (fixed C1: offline batch training of HarmForwardModel replaced online per-step training, achieving fwd_r2=0.742). C1 failure here was a training regime bug, not architectural. SD-011 dissociation signals (C2/C3/C4 all PASS) remain valid but superseded run is excluded from governance scoring."
}