{
  "schema_version": "experiment_pack_metrics/v1",
  "values": {
    "fatal_error_count": 0.0,
    "warmup_harm_events": 55227.0,
    "warmup_benefit_events": 2114.0,
    "event_classification_acc": 0.6919999718666077,
    "reafference_reconstruction_r2": 0.0,
    "reafference_r2_train": -5.479738235473633,
    "mean_dz_world_raw_empty": 13.323507564393127,
    "mean_dz_world_corrected_empty": 155.08035780751948,
    "dz_correction_reduction_empty": -141.75685024312634,
    "calibration_gap": 1.6247601606851287e-06,
    "mean_causal_sig_near_hazard": 1.8560261824136443e-06,
    "mean_causal_sig_safe": 2.3126602172851562e-07,
    "n_near_hazard_probes": 439.0,
    "n_safe_probes": 50.0,
    "net_eval_pred_std": 8.503716344421264e-06,
    "lambda_event": 0.5,
    "mean_ce_loss_train": 0.5926690716455324,
    "n_empty_steps_collected": 119162.0,
    "crit1_pass": 0.0,
    "crit2_pass": 1.0,
    "crit3_pass": 0.0,
    "crit4_pass": 0.0,
    "crit5_pass": 1.0,
    "criteria_met": 3.0
  }
}
