{
  "schema_version": "metrics/v1",
  "values": {
    "pearson_r_harm_vardiff": -0.3687659573608161,
    "monotone_increases": 3.0,
    "levels_above_threshold": 0.0,
    "levels_correct_commit": 0.0,
    "fatal_total": 0.0,
    "crit1_pass": 1.0,
    "crit2_pass": 0.0,
    "crit3_pass": 0.0,
    "crit4_pass": 0.0,
    "crit5_pass": 1.0,
    "criteria_met": 2.0,
    "harm_0p005_var_after_train": 0.07106827016232943,
    "harm_0p005_commit_frac_train": 0.8484848484848485,
    "harm_0p005_var_diff": -0.026792967852171688,
    "harm_0p005_var_stable": 0.03298089784336744,
    "harm_0p005_var_perturbed": 0.006187929991195751,
    "harm_0p005_commit_stable": 1.0,
    "harm_0p005_commit_perturbed": 1.0,
    "harm_0p01_var_after_train": 0.07106826951013831,
    "harm_0p01_commit_frac_train": 0.8484848484848485,
    "harm_0p01_var_diff": -0.026792966477670998,
    "harm_0p01_var_stable": 0.03298089666584178,
    "harm_0p01_var_perturbed": 0.006187930188170782,
    "harm_0p01_commit_stable": 1.0,
    "harm_0p01_commit_perturbed": 1.0,
    "harm_0p02_var_after_train": 0.0710682681655709,
    "harm_0p02_commit_frac_train": 0.8484848484848485,
    "harm_0p02_var_diff": -0.0267929638435305,
    "harm_0p02_var_stable": 0.032980894330929045,
    "harm_0p02_var_perturbed": 0.006187930487398548,
    "harm_0p02_commit_stable": 1.0,
    "harm_0p02_commit_perturbed": 1.0,
    "harm_0p05_var_after_train": 0.07106826416742477,
    "harm_0p05_commit_frac_train": 0.8484848484848485,
    "harm_0p05_var_diff": -0.02554936376283456,
    "harm_0p05_var_stable": 0.03298797327798765,
    "harm_0p05_var_perturbed": 0.007438609515153088,
    "harm_0p05_commit_stable": 1.0,
    "harm_0p05_commit_perturbed": 1.0,
    "harm_0p1_var_after_train": 0.07106825822144826,
    "harm_0p1_commit_frac_train": 0.8484848484848485,
    "harm_0p1_var_diff": -0.02777750863125841,
    "harm_0p1_var_stable": 0.0355116945540011,
    "harm_0p1_var_perturbed": 0.007734185922742689,
    "harm_0p1_commit_stable": 1.0,
    "harm_0p1_commit_perturbed": 1.0
  }
}
