{
  "schema_version": "metrics/v1",
  "values": {
    "dual_harm_fwd_r2": 0.6778166805366111,
    "dual_stream_corr": 0.23718780490002345,
    "dual_autocorr_gap": 0.46093927769488025,
    "dual_z_harm_s_hazard_corr": 0.5916558391151573,
    "dual_dissociation_score": 1.797439127921237,
    "fused_dissociation_score": 0.5546279598134657,
    "dissociation_advantage": 1.2428111681077714,
    "c6_per_seed": {
      "42": {
        "harm_fwd_r2": 0.7382171241953448,
        "z_harm_s_hazard_corr": 0.7030816681833071,
        "passes_c1": true,
        "passes_c4": true,
        "passes": true
      },
      "7": {
        "harm_fwd_r2": 0.6824810740052232,
        "z_harm_s_hazard_corr": 0.4928405851026699,
        "passes_c1": true,
        "passes_c4": true,
        "passes": true
      },
      "13": {
        "harm_fwd_r2": 0.6127518434092655,
        "z_harm_s_hazard_corr": 0.5790452640594947,
        "passes_c1": true,
        "passes_c4": true,
        "passes": true
      }
    },
    "decision": "retain_ree"
  }
}
