{
  "schema_version": "metrics/v1",
  "values": {
    "harm_fwd_r2": 0.0,
    "harm_fwd_r2_hazard": 0.0,
    "max_grad_norm_hf": 0.0648485654965043,
    "hf_loss_init": 0.0042573800310492516,
    "hf_loss_final": 0.0011277374578639865,
    "causal_approach": 0.003864107048178405,
    "causal_contact": 0.006632893159985543,
    "calibration_gap": 0.07276281717383448,
    "harm_none": 0.5328478862841924,
    "harm_approach": 0.6056107034580269,
    "crit1_grad_nonzero": 1.0,
    "crit2_loss_halved": 1.0,
    "crit3_hazard_r2": 0.0,
    "crit4_full_r2": 0.0,
    "crit5_causal": 1.0,
    "criteria_met": 3.0,
    "phase1_episodes": 900.0,
    "n_hf_loss_points": 123.0,
    "fatal_error_count": 0.0
  }
}
