{
  "run_id": "v3_exq_365_mech104_surprise_gate_pair_20260414T181223Z_v3",
  "experiment_type": "v3_exq_365_mech104_surprise_gate_pair",
  "architecture_epoch": "ree_hybrid_guardrails_v1",
  "claim_ids": [
    "MECH-104"
  ],
  "experiment_purpose": "evidence",
  "evidence_direction": "supports",
  "outcome": "PASS",
  "timestamp_utc": "20260414T203826Z",
  "registered_thresholds": {
    "C1_spike_contrast_floor": 0.0,
    "C2_off_frozen_ceiling": 1e-10,
    "C3_pairwise_delta_floor": 0.0,
    "C4_harm_steps_floor": 1,
    "C1_C3_seeds_needed": 4,
    "C2_C4_seeds_needed": 5
  },
  "metrics": {
    "c1_seeds_pass": 5.0,
    "c2_seeds_pass": 5.0,
    "c3_seeds_pass": 5.0,
    "c4_seeds_pass": 5.0,
    "criteria_met": 4.0,
    "n_seeds": 5.0,
    "pass_min_seeds": 4.0,
    "seed42_post_train_rv": 1.9007745615453982e-06,
    "seed42_on_harm_spike": 2.0532755762796422e-06,
    "seed42_on_nonharm_spike": -5.10289801228775e-08,
    "seed42_on_spike_contrast": 2.1043045564025197e-06,
    "seed42_on_decommit_events": 0.0,
    "seed42_on_n_harm_steps": 222.0,
    "seed42_off_harm_spike": 0.0,
    "seed42_off_spike_contrast": 0.0,
    "seed42_off_decommit_events": 0.0,
    "seed42_off_n_harm_steps": 218.0,
    "seed42_pairwise_delta": 2.0532755762796422e-06,
    "seed7_post_train_rv": 1.048717418486755e-06,
    "seed7_on_harm_spike": 1.8364558560426912e-06,
    "seed7_on_nonharm_spike": -3.912754522461927e-08,
    "seed7_on_spike_contrast": 1.8755834012673104e-06,
    "seed7_on_decommit_events": 0.0,
    "seed7_on_n_harm_steps": 199.0,
    "seed7_off_harm_spike": 0.0,
    "seed7_off_spike_contrast": 0.0,
    "seed7_off_decommit_events": 0.0,
    "seed7_off_n_harm_steps": 228.0,
    "seed7_pairwise_delta": 1.8364558560426912e-06,
    "seed13_post_train_rv": 1.0046280272550999e-06,
    "seed13_on_harm_spike": 1.5736160287702187e-06,
    "seed13_on_nonharm_spike": -4.253287799583521e-08,
    "seed13_on_spike_contrast": 1.6161489067660539e-06,
    "seed13_on_decommit_events": 0.0,
    "seed13_on_n_harm_steps": 231.0,
    "seed13_off_harm_spike": 0.0,
    "seed13_off_spike_contrast": 0.0,
    "seed13_off_decommit_events": 0.0,
    "seed13_off_n_harm_steps": 235.0,
    "seed13_pairwise_delta": 1.5736160287702187e-06,
    "seed99_post_train_rv": 1.6554898433833984e-06,
    "seed99_on_harm_spike": 2.443386942451242e-06,
    "seed99_on_nonharm_spike": -6.240861406094539e-08,
    "seed99_on_spike_contrast": 2.5057955565121875e-06,
    "seed99_on_decommit_events": 0.0,
    "seed99_on_n_harm_steps": 209.0,
    "seed99_off_harm_spike": 0.0,
    "seed99_off_spike_contrast": 0.0,
    "seed99_off_decommit_events": 0.0,
    "seed99_off_n_harm_steps": 218.0,
    "seed99_pairwise_delta": 2.443386942451242e-06,
    "seed21_post_train_rv": 9.906551885710427e-07,
    "seed21_on_harm_spike": 1.8156400779674383e-06,
    "seed21_on_nonharm_spike": -3.885022196803963e-08,
    "seed21_on_spike_contrast": 1.8544902999354779e-06,
    "seed21_on_decommit_events": 0.0,
    "seed21_on_n_harm_steps": 197.0,
    "seed21_off_harm_spike": 0.0,
    "seed21_off_spike_contrast": 0.0,
    "seed21_off_decommit_events": 0.0,
    "seed21_off_n_harm_steps": 226.0,
    "seed21_pairwise_delta": 1.8156400779674383e-06
  },
  "summary_markdown": "# V3-EXQ-365 -- MECH-104: Surprise Gate Discriminative Pair (5-seed)\n\n**Status:** PASS\n**Claim:** MECH-104 -- unexpected harm events spike commitment uncertainty (LC-NE analog)\n**Design:** Matched discriminative pair per seed (VOLATILITY_ON vs VOLATILITY_OFF ablation)\n**P0:** 50 eps warmup | **P1:** 150 eps world-forward | **Eval:** 50 eps | **Seeds:** [42, 7, 13, 99, 21]\n\n## Mechanism Under Test\n\nHarm events cause large world-forward prediction error -> _running_variance spikes\nvia EMA update (alpha * error_var). Ablation: set _ema_alpha=0.0 freezes variance.\nPaired comparison per step: harm transitions vs non-harm transitions.\nTransition labeling: harm_prev (from action that produced z_world_curr).\n\n## Pre-registered Thresholds\n\n| Criterion | Threshold | Seed requirement |\n|-----------|-----------|-----------------|\n| C1: spike_contrast (harm-nonharm) | > 0.0 | >= 4/5 seeds |\n| C2: OFF harm spike frozen | < 1e-10 | ALL 5 seeds |\n| C3: pairwise_delta (ON-OFF) | > 0.0 | >= 4/5 seeds |\n| C4: n_harm_steps | >= 1 | ALL 5 seeds |\n\n## Results by Seed\n\n| Seed | post-train rv | ON harm spike | ON nonharm spike | ON contrast | OFF harm spike | Pairwise delta | Decommits (ON) |\n|------|-------------|-------------|----------------|-------------|--------------|---------------|---------------|\n| 42 | 0.0000019 | 0.00000205 | -0.00000005 | 0.00000210 | 0.00e+00 | 0.00000205 | 0 |\n| 7 | 0.0000010 | 0.00000184 | -0.00000004 | 0.00000188 | 0.00e+00 | 0.00000184 | 0 |\n| 13 | 0.0000010 | 0.00000157 | -0.00000004 | 0.00000162 | 0.00e+00 | 0.00000157 | 0 |\n| 99 | 0.0000017 | 0.00000244 | -0.00000006 | 0.00000251 | 0.00e+00 | 0.00000244 | 0 |\n| 21 | 0.0000010 | 0.00000182 | -0.00000004 | 0.00000185 | 0.00e+00 | 0.00000182 | 0 |\n\n## PASS Criteria\n\n| Criterion | Seeds passing | Required | Result |\n|-----------|------------|---------|--------|\n| C1 spike_contrast > 0.0 | 5/5 | >=4 | PASS |\n| C2 OFF harm spike frozen | 5/5 | ==5 | PASS |\n| C3 pairwise_delta > 0.0 | 5/5 | >=4 | PASS |\n| C4 n_harm_steps >= 1 | 5/5 | ==5 | PASS |\n\nCriteria met: 4/4 -> **PASS**\n\n",
  "per_seed_results": [
    {
      "seed": 42,
      "post_train_rv": 1.9007745615453982e-06,
      "on_harm_spike": 2.0532755762796422e-06,
      "on_nonharm_spike": -5.10289801228775e-08,
      "on_spike_contrast": 2.1043045564025197e-06,
      "on_decommit_events": 0,
      "on_n_harm_steps": 222,
      "on_n_nonharm_steps": 8961,
      "off_harm_spike": 0.0,
      "off_spike_contrast": 0.0,
      "off_decommit_events": 0,
      "off_n_harm_steps": 218,
      "pairwise_delta": 2.0532755762796422e-06,
      "c1_pass": true,
      "c2_pass": true,
      "c3_pass": true,
      "c4_pass": true
    },
    {
      "seed": 7,
      "post_train_rv": 1.048717418486755e-06,
      "on_harm_spike": 1.8364558560426912e-06,
      "on_nonharm_spike": -3.912754522461927e-08,
      "on_spike_contrast": 1.8755834012673104e-06,
      "on_decommit_events": 0,
      "on_n_harm_steps": 199,
      "on_n_nonharm_steps": 9365,
      "off_harm_spike": 0.0,
      "off_spike_contrast": 0.0,
      "off_decommit_events": 0,
      "off_n_harm_steps": 228,
      "pairwise_delta": 1.8364558560426912e-06,
      "c1_pass": true,
      "c2_pass": true,
      "c3_pass": true,
      "c4_pass": true
    },
    {
      "seed": 13,
      "post_train_rv": 1.0046280272550999e-06,
      "on_harm_spike": 1.5736160287702187e-06,
      "on_nonharm_spike": -4.253287799583521e-08,
      "on_spike_contrast": 1.6161489067660539e-06,
      "on_decommit_events": 0,
      "on_n_harm_steps": 231,
      "on_n_nonharm_steps": 8566,
      "off_harm_spike": 0.0,
      "off_spike_contrast": 0.0,
      "off_decommit_events": 0,
      "off_n_harm_steps": 235,
      "pairwise_delta": 1.5736160287702187e-06,
      "c1_pass": true,
      "c2_pass": true,
      "c3_pass": true,
      "c4_pass": true
    },
    {
      "seed": 99,
      "post_train_rv": 1.6554898433833984e-06,
      "on_harm_spike": 2.443386942451242e-06,
      "on_nonharm_spike": -6.240861406094539e-08,
      "on_spike_contrast": 2.5057955565121875e-06,
      "on_decommit_events": 0,
      "on_n_harm_steps": 209,
      "on_n_nonharm_steps": 8203,
      "off_harm_spike": 0.0,
      "off_spike_contrast": 0.0,
      "off_decommit_events": 0,
      "off_n_harm_steps": 218,
      "pairwise_delta": 2.443386942451242e-06,
      "c1_pass": true,
      "c2_pass": true,
      "c3_pass": true,
      "c4_pass": true
    },
    {
      "seed": 21,
      "post_train_rv": 9.906551885710427e-07,
      "on_harm_spike": 1.8156400779674383e-06,
      "on_nonharm_spike": -3.885022196803963e-08,
      "on_spike_contrast": 1.8544902999354779e-06,
      "on_decommit_events": 0,