{
  "schema_version": "metrics/v1",
  "values": {
    "alpha_world": 0.9,
    "alpha_self": 0.3,
    "reafference_enabled": 1.0,
    "warmup_harm_events": 1250.0,
    "warmup_agent_hazard": 460.0,
    "warmup_env_hazard": 790.0,
    "n_empty_steps_collected": 7969.0,
    "reafference_r2": 0.36189794540405273,
    "mean_harm_score_none": 0.4677824206962754,
    "mean_harm_score_env_hazard": 0.4890399746596813,
    "mean_harm_score_agent_hazard": 0.4921464129370086,
    "calibration_gap": 0.024363992240733212,
    "env_gap": 0.021257553963405895,
    "harm_pred_std": 0.06574971228837967,
    "n_none_steps": 906.0,
    "n_env_hazard_steps": 80.0,
    "n_agent_hazard_steps": 49.0,
    "fatal_error_count": 0.0,
    "crit1_pass": 0.0,
    "crit2_pass": 1.0,
    "crit3_pass": 1.0,
    "crit4_pass": 1.0,
    "crit5_pass": 1.0,
    "criteria_met": 4.0
  }
}
