{
  "schema_version": "metrics/v1",
  "values": {
    "mean_d_eff_baseline_on": 22.26944842719783,
    "mean_d_eff_post_on": 22.27463286067575,
    "mean_d_eff_ratio_on": 1.0007675453350797,
    "mean_d_eff_baseline_ablated": 22.26944842719783,
    "mean_d_eff_post_ablated": 22.27463286067575,
    "mean_d_eff_ratio_ablated": 1.0007675453350797,
    "mean_e2_loss_on": 6.618085231804359e-06,
    "mean_e2_loss_ablated": 6.618085231804359e-06,
    "per_seed_gap": [
      0.0,
      0.0
    ],
    "per_seed_ratio_on": [
      0.993831,
      1.007704
    ],
    "per_seed_ratio_ablated": [
      0.993831,
      1.007704
    ],
    "n_d_eff_min": 1264.0,
    "maint_weight": 0.1,
    "d_eff_target": 1.5,
    "noise_sigma": 2.0,
    "crit1_pass": 1.0,
    "crit2_pass": 0.0,
    "crit3_pass": 0.0,
    "crit4_pass": 1.0,
    "crit5_pass": 1.0,
    "criteria_met": 3.0
  }
}
