{
  "schema_version": "metrics/v1",
  "values": {
    "alpha_world": 0.9,
    "world_forward_r2": 0.9503878355026245,
    "causal_sig_none": 0.025387273751772365,
    "causal_sig_approach": 0.04315789355078527,
    "causal_sig_contact": 0.11571764834225176,
    "calibration_gap_approach": 0.03565131690879486,
    "mean_harm_eval_none": 0.6287008858644045,
    "mean_harm_eval_approach": 0.6643522027731994,
    "c3_relative_threshold": 0.49826415207989955,
    "n_approach_eval": 1133.0,
    "n_contact_eval": 64.0,
    "n_none_eval": 130.0,
    "crit1_pass": 1.0,
    "crit2_pass": 0.0,
    "crit3_pass": 0.0,
    "crit4_pass": 1.0,
    "crit5_pass": 1.0,
    "criteria_met": 3.0,
    "fatal_error_count": 0.0
  }
}
