{
  "schema_version": "metrics/v1",
  "values": {
    "causal_sig_none": 0.525703125000291,
    "causal_sig_approach": 0.6184375000004365,
    "causal_sig_contact": 0.0,
    "causal_sig_gap_approach": 0.09273437500014547,
    "causal_sig_gap_contact": -0.6184375000004365,
    "calibration_gap_approach": -4.596114158633702e-05,
    "mean_harm_eval_approach": 0.4793255805969238,
    "mean_harm_eval_none": 0.47937154173851015,
    "n_approach_eval": 5.0,
    "n_contact_eval": 0.0,
    "n_none_eval": 5.0,
    "world_forward_r2": 0.0,
    "e3_tick_total": 1.0,
    "alpha_world": 0.9,
    "crit1_pass": 1.0,
    "crit2_pass": 0.0,
    "crit3_pass": 1.0,
    "crit4_pass": 0.0,
    "crit5_pass": 0.0,
    "criteria_met": 2.0
  }
}
