{
  "schema_version": "metrics/v1",
  "values": {
    "c1_seeds_pass": 3.0,
    "c2_seeds_pass": 3.0,
    "c3_seeds_pass": 3.0,
    "c4_seeds_pass": 0.0,
    "criteria_met": 2.0,
    "n_seeds": 3.0,
    "majority_threshold": 2.0,
    "seed0_warmup_first25_reward": -0.39808919787406927,
    "seed0_warmup_last25_reward": -0.39808919787406927,
    "seed0_warmup_improvement": 0.0,
    "seed0_warmup_final_rv": 2.739773679438023e-06,
    "seed0_ree_mean_reward": -0.31040507654349014,
    "seed0_ree_mean_harm": 0.44988920390605935,
    "seed0_ree_mean_n_cands": 32.0,
    "seed0_rand_mean_reward": -0.960646939277649,
    "seed0_rand_mean_harm": 1.235223662853241,
    "seed0_harm_ratio": 0.36421679525379325,
    "seed1_warmup_first25_reward": -0.31238084197044375,
    "seed1_warmup_last25_reward": -0.31238084197044375,
    "seed1_warmup_improvement": 0.0,
    "seed1_warmup_final_rv": 2.1102831093072853e-06,
    "seed1_ree_mean_reward": 0.11952472726504004,
    "seed1_ree_mean_harm": 0.4307530542214712,
    "seed1_ree_mean_n_cands": 32.0,
    "seed1_rand_mean_reward": -0.8907591859499614,
    "seed1_rand_mean_harm": 1.158220704396566,
    "seed1_harm_ratio": 0.37190930242081444,
    "seed2_warmup_first25_reward": -0.07501675844192501,
    "seed2_warmup_last25_reward": -0.07501675844192501,
    "seed2_warmup_improvement": 0.0,
    "seed2_warmup_final_rv": 2.1714170952580104e-06,
    "seed2_ree_mean_reward": -0.7062962969144185,
    "seed2_ree_mean_harm": 0.7062962969144185,
    "seed2_ree_mean_n_cands": 32.0,
    "seed2_rand_mean_reward": -0.8251564224561055,
    "seed2_rand_mean_harm": 1.1044024546941122,
    "seed2_harm_ratio": 0.6395280035030729
  }
}
