{
  "schema_version": "experiment_pack_metrics/v1",
  "values": {
    "latent_prediction_error_mean": 0.23415709682410887,
    "latent_prediction_error_p95": 0.36427679047445416,
    "latent_rollout_consistency_rate": 0.7656586480160231,
    "e1_e2_timescale_separation_ratio": 1.462287836787681,
    "representation_drift_rate": 0.04553839918528967,
    "fatal_error_count": 0
  }
}
