{
  "schema_version": "metrics/v1",
  "values": {
    "alpha_world": 0.9,
    "reafference_enabled": 1.0,
    "reafference_r2": 0.37295830249786377,
    "calibration_gap_raw": 0.049115840848274084,
    "calibration_gap_corrected": 0.004125694396892476,
    "correction_delta": -0.04499014645138161,
    "harm_pred_std_raw": 0.10751956701278687,
    "harm_pred_std_corrected": 0.008442618884146214,
    "n_agent_hazard_steps": 51.0,
    "n_none_steps": 759.0,
    "fatal_error_count": 0.0,
    "warmup_harm_events": 2020.0,
    "warmup_agent_hazard": 765.0,
    "n_empty_steps_collected": 13165.0,
    "crit1_pass": 1.0,
    "crit2_pass": 1.0,
    "crit3_pass": 1.0,
    "crit4_pass": 1.0,
    "crit5_pass": 1.0,
    "criteria_met": 5.0
  }
}
