{
  "schema_version": "metrics/v1",
  "values": {
    "harm_fwd_r2": -0.2239013910293579,
    "delta_approach": -0.5781860193893539,
    "causal_approach_trained": 0.015385034529893551,
    "causal_none_trained": 0.0005384852799180592,
    "causal_contact_trained": 0.046424035038094204,
    "n_approach_eval": 521.6666666666666,
    "crit1_pass": 0.0,
    "crit2_pass": 0.0,
    "crit3_pass": 1.0,
    "crit4_pass": 1.0,
    "crit5_pass": 1.0,
    "criteria_met": 3.0,
    "fatal_error_count": 0.0
  }
}
