{
  "schema_version": "metrics/v1",
  "values": {
    "calibration_gap_sharp": 0.1689174576552226,
    "calibration_gap_smooth": 0.11234395860161753,
    "delta_calibration_gap": 0.056573499053605064,
    "env_gap_sharp": 0.2711481848639361,
    "env_gap_smooth": 0.19175487265713162,
    "approach_gap_sharp": 0.23047062281314046,
    "approach_gap_smooth": 0.15051921342942495,
    "mean_score_none_sharp": 0.362969239810396,
    "mean_score_none_smooth": 0.40859904258720925,
    "mean_score_agent_sharp": 0.5318866974656187,
    "mean_score_agent_smooth": 0.5209430011888267,
    "n_agent_min": 35.0,
    "n_env_min": 16.0,
    "n_seeds": 2.0,
    "alpha_world_sharp": 0.9,
    "alpha_world_smooth": 0.3,
    "crit1_pass": 1.0,
    "crit2_pass": 1.0,
    "crit3_pass": 0.0,
    "crit4_pass": 1.0,
    "criteria_met": 3.0
  }
}
