{
  "schema_version": "metrics/v1",
  "values": {
    "mean_stab_post_on": 0.9990547841275581,
    "mean_stab_post_abl": 0.9978461650071622,
    "mean_stab_base_on": 0.9999999918151239,
    "mean_stab_base_abl": 0.9999999918151239,
    "mean_d_eff_post_on": 21.43573557123191,
    "mean_d_eff_post_abl": 21.62656064150711,
    "mean_r3_stab_analytic": 0.023670008406043053,
    "mean_r3_d_eff_analytic": 22.194491386413574,
    "mean_stab_gap": 0.0012086191203959928,
    "mean_d_eff_diff": 0.19082507027520101,
    "n_stab_min": 1080.0,
    "hopfield_weight": 0.05,
    "hopfield_capacity": 64.0,
    "maint_weight": 0.1,
    "d_eff_target": 1.5,
    "crit1_pass": 1.0,
    "crit2_pass": 0.0,
    "crit3_pass": 0.0,
    "crit4_pass": 1.0,
    "crit5_pass": 1.0,
    "criteria_met": 3.0
  }
}
