{
  "schema_version": "experiment_pack_metrics/v1",
  "values": {
    "fatal_error_count": 0.0,
    "n_steps_collected": 969.0,
    "reafference_r2_test": -0.03512144088745117,
    "mean_dz_self": 0.04211342408945563,
    "mean_dz_world_raw": 0.05321928435769336,
    "mean_dz_world_corrected": 0.055433887616376576,
    "dz_correction_reduction": -0.0022146032586832162,
    "dz_world_raw_self_ratio": 1.2637130679435402,
    "mean_dz_world_raw_empty": 0.052476959591081666,
    "mean_dz_world_raw_env_hazard": 0.06719434331610517,
    "n_empty_steps": 860.0,
    "n_env_hazard_steps": 53.0,
    "autocorr_dz_self_lag1": 0.5234553217887878,
    "autocorr_dz_self_lag5": -0.06101275607943535,
    "autocorr_dz_self_lag10": -0.019220249727368355,
    "autocorr_dz_world_raw_lag1": 0.39416250586509705,
    "autocorr_dz_world_raw_lag5": -0.03217697516083717,
    "autocorr_dz_world_raw_lag10": 0.03995131701231003,
    "autocorr_dz_world_corr_lag1": 0.47674307227134705,
    "autocorr_dz_world_corr_lag5": -0.037913717329502106,
    "autocorr_dz_world_corr_lag10": 0.018606150522828102,
    "autocorr_corr_minus_self_lag5": 0.023099038749933243,
    "crit1_pass": 1.0,
    "crit2_pass": 1.0,
    "crit3_pass": 0.0,
    "crit4_pass": 0.0,
    "criteria_met": 3.0
  }
}
