{
  "schema_version": "metrics/v1",
  "values": {
    "benefit_rate_go": 0.00039234560251235966,
    "benefit_rate_nogo": 0.00036748388290405276,
    "delta_benefit_rate": 2.4861719608306907e-05,
    "harm_rate_go": 0.09371184273476403,
    "harm_rate_nogo": 0.09373557580480121,
    "goal_proximity_go": 0.9498070538422277,
    "n_benefit_buf_go_seed0": 759.0,
    "n_benefit_buf_go_seed1": 738.0,
    "n_harm_buf_go": 4000.0,
    "n_harm_buf_nogo": 4000.0,
    "n_seeds": 2.0,
    "alpha_world": 0.9,
    "proximity_benefit_scale": 0.1,
    "warmup_episodes": 400.0,
    "crit1_pass": 0.0,
    "crit2_pass": 0.0,
    "crit3_pass": 1.0,
    "crit4_pass": 0.0,
    "crit5_pass": 1.0,
    "criteria_met": 2.0
  }
}
