{
  "schema_version": "experiment_pack_metrics/v1",
  "values": {
    "fatal_error_count": 0.0,
    "alpha_world": 0.9,
    "alpha_self": 0.3,
    "warmup_harm_events": 771.0,
    "warmup_benefit_events": 111.0,
    "n_empty_steps_collected": 4977.0,
    "event_selectivity_margin": 0.05640930694586177,
    "mean_dz_world_none": 0.0631583457365632,
    "mean_dz_world_env_hazard": 0.11956765268242497,
    "mean_dz_world_agent_hazard": 0.07237162890202664,
    "e2w_1step_mse": 0.00021496908742915367,
    "identity_baseline_mse": 0.00020258772382502954,
    "e2w_improvement_ratio": 0.942403981185413,
    "reafference_r2_train": -0.011329174041748047,
    "reafference_r2_test": 0.01690971851348877,
    "variance_stable": 9.272948123555079e-08,
    "variance_perturbed": 1.044186587003206e-07,
    "precision_stable": 915139.5813621671,
    "precision_perturbed": 905453.7354310906,
    "mean_pred_err_stable": 0.00045423932163869257,
    "mean_pred_err_perturbed": 0.0004799071387713418,
    "var_diff": 1.168917746476981e-08,
    "calibration_gap": 0.008306504422143837,
    "mean_causal_sig_near_hazard": -0.0025439483747966046,
    "mean_causal_sig_safe": -0.01085045279694044,
    "n_near_hazard_probes": 207.0,
    "n_safe_probes": 487.0,
    "net_eval_pred_std": 0.04584961757063866,
    "probe_num_hazards": 6.0,
    "probe_min_dist_safe": 2.0,
    "crit1_pass": 1.0,
    "crit2_pass": 0.0,
    "crit3_pass": 0.0,
    "crit4_pass": 0.0,
    "criteria_met": 2.0
  }
}
