{
  "schema_version": "metrics/v1",
  "values": {
    "obs_fwd_r2_mean": 0.4332713484764099,
    "delta_approach_mean": 0.002766229267860335,
    "causal_approach_trained_mean": 0.005274680720695987,
    "causal_none_trained_mean": -0.020968382829878826,
    "causal_contact_trained_mean": 0.01686094854806486,
    "causal_approach_ablated_mean": 0.0025084514528356527,
    "n_approach_eval_mean": 390.5,
    "crit1_pass": 1.0,
    "crit2_pass": 0.0,
    "crit3_pass": 1.0,
    "crit4_pass": 1.0,
    "crit5_pass": 1.0,
    "crit6_pass": 0.0
  }
}
