{
  "schema_version": "experiment_pack_metrics/v1",
  "values": {
    "pre_commit_error_signal_to_noise": 2.4558601935417967,
    "post_commit_error_attribution_gain": 0.4164065617904371,
    "cross_channel_leakage_rate": 0.07631020042955314,
    "commitment_reversal_rate": 0.06746656765239985,
    "fatal_error_count": 0
  }
}
