{
  "schema_version": "experiment_pack_metrics/v1",
  "values": {
    "calibration_gap_approach_split": 0.19150018178778416,
    "calibration_gap_approach_unified": 0.15770399154668213,
    "calibration_gap_contact_split": 0.16347441835444876,
    "calibration_gap_contact_unified": 0.1314992157579412,
    "attribution_gap_split": 0.03447171493182675,
    "attribution_gap_unified": 0.018935677295443244,
    "harm_pred_std_split": 0.15698106586933136,
    "harm_pred_std_unified": 0.13499024510383606,
    "wf_r2_split": 0.9471595287322998,
    "wf_r2_unified": 0.9624466300010681,
    "n_approach_eval_split": 832.0,
    "n_approach_eval_unified": 832.0,
    "causal_sig_approach_split": 0.005270942678460135,
    "causal_sig_approach_unified": 0.0029006036437259843,
    "causal_sig_none_split": -0.07415154919323355,
    "causal_sig_none_unified": -0.05039687782968625,
    "alpha_world": 0.9,
    "proximity_scale": 0.05,
    "seed": 0.0,
    "warmup_episodes": 500.0,
    "crit1_pass": 0.0,
    "crit2_pass": 1.0,
    "crit3_pass": 1.0,
    "crit4_pass": 1.0,
    "crit5_pass": 1.0,
    "criteria_met": 4.0,
    "fatal_error_count": 0.0
  }
}
