{
  "schema_version": "metrics/v1",
  "values": {
    "terrain_loss_initial": 0.2914156166562189,
    "terrain_loss_final": 3.7137750964062647e-06,
    "world_forward_r2": 0.9613981246948242,
    "hippo_quality_gap_intact": -1.6396938742019767,
    "hippo_quality_gap_ablated": 0.0,
    "hippo_quality_gap_restored": -1.639616623486985,
    "ablation_degradation": -1.6396938742019767,
    "calibration_gap_approach": -6.153578985840236e-05,
    "mean_hippo_residue_intact": 2.0348108925134523,
    "mean_random_residue_intact": 0.39511701831147555,
    "mean_hippo_residue_ablated": 0.0,
    "mean_random_residue_ablated": 0.0,
    "e3_tick_total": 10479.0,
    "total_harm_train": 4707.0,
    "crit1_pass": 0.0,
    "crit2_pass": 0.0,
    "crit3_pass": 0.0,
    "crit4_pass": 0.0,
    "crit5_pass": 1.0,
    "criteria_met": 1.0
  }
}
