{
  "schema_version": "experiment_pack_metrics/v1",
  "values": {
    "fatal_error_count": 0.0,
    "warmup_harm_events": 1507.0,
    "warmup_benefit_events": 235.0,
    "n_empty_steps_collected": 9700.0,
    "reafference_reconstruction_r2": 0.11830800771713257,
    "reafference_r2_train": 0.18088531494140625,
    "calibration_gap": 0.00031494553627775534,
    "mean_causal_sig_near_hazard": -0.0009912726269915668,
    "mean_causal_sig_safe": -0.0013062181632693222,
    "n_near_hazard_probes": 906.0,
    "n_safe_probes": 82.0,
    "net_eval_pred_std": 0.029788490384817123,
    "mean_dz_world_raw_empty": 0.06214045366861534,
    "mean_dz_world_corrected_empty": 0.06214045373989003,
    "dz_correction_reduction_empty": -7.127468754086763e-11,
    "mean_dz_world_raw_env_hazard": 0.06059348599186965,
    "mean_dz_world_corrected_env_hazard": 0.06059348572577749,
    "crit1_pass": 0.0,
    "crit2_pass": 0.0,
    "crit3_pass": 0.0,
    "crit4_pass": 1.0,
    "criteria_met": 2.0
  }
}
