{
  "schema_version": "metrics/v1",
  "values": {
    "n_seeds": 3.0,
    "seed0_warmup_first10_reward": -0.5443242937326431,
    "seed0_warmup_last10_reward": -1.0891841453313826,
    "seed0_warmup_improvement": -0.5448598515987395,
    "seed0_warmup_final_rv": 0.0006920031789788454,
    "seed0_eval_mean_reward": -0.06931768417358401,
    "seed0_eval_mean_harm": 0.39638861536979675,
    "seed0_eval_mean_n_cands": 32.0,
    "seed1_warmup_first10_reward": -0.6682235336303711,
    "seed1_warmup_last10_reward": -0.6242398738861085,
    "seed1_warmup_improvement": 0.04398365974426266,
    "seed1_warmup_final_rv": 0.018361051725469268,
    "seed1_eval_mean_reward": -0.6328406703472138,
    "seed1_eval_mean_harm": 0.6328406703472138,
    "seed1_eval_mean_n_cands": 32.0,
    "seed2_warmup_first10_reward": -0.3518484818935394,
    "seed2_warmup_last10_reward": -1.0274776756763457,
    "seed2_warmup_improvement": -0.6756291937828063,
    "seed2_warmup_final_rv": 0.000723696413857133,
    "seed2_eval_mean_reward": -0.5008050966262818,
    "seed2_eval_mean_harm": 0.5829804229736328,
    "seed2_eval_mean_n_cands": 32.0
  }
}
