{
  "schema_version": "metrics/v1",
  "values": {
    "mean_wanting_l1_fraction": 0.96,
    "mean_liking_l1_fraction": 0.4666666666666666,
    "mean_dissociation": 0.49333333333333335,
    "mean_wanting_resource_rate": 0.14666666666666664
  }
}
