{
  "schema_version": "metrics/v1",
  "values": {
    "mean_hub_harm_rate": 0.028195900189742773,
    "mean_ablated_harm_rate": 0.028195900189742773,
    "mean_harm_rate_delta": 0.0,
    "mean_hub_z_harm_a_norm": 0.8364523765470723,
    "mean_ablated_z_harm_a_norm": 0.7273512319018857,
    "mean_z_harm_a_norm_delta": 0.10910114464518668
  }
}
