{
  "schema_version": "metrics/v1",
  "values": {
    "cal_gap_z_harm_approach": 0.7121736388389256,
    "cal_gap_z_harm_contact": 0.33665562487017053,
    "cal_gap_z_world_approach": 0.0,
    "mean_harm_z_harm_approach": 0.7262237560258293,
    "mean_harm_z_harm_none": 0.014050117186903703,
    "mean_harm_z_world_approach": 0.5,
    "mean_harm_z_world_none": 0.5,
    "n_approach_eval": 282,
    "n_contact_eval": 55,
    "n_none_eval": 4899,
    "world_forward_r2": 0.999427349319216
  }
}
