{
  "schema_version": "metrics/v1",
  "values": {
    "pearson_r_harm_vardiff": -0.9999218002231134,
    "monotone_increases": 0.0,
    "levels_above_threshold": 0.0,
    "levels_correct_commit": 0.0,
    "fatal_total": 0.0,
    "crit1_pass": 0.0,
    "crit2_pass": 0.0,
    "crit3_pass": 0.0,
    "crit4_pass": 0.0,
    "crit5_pass": 1.0,
    "criteria_met": 1.0,
    "harm_0p005_var_diff": -2.537710876460153e-05,
    "harm_0p005_var_stable": 0.4025762597970689,
    "harm_0p005_var_perturbed": 0.4025508826883043,
    "harm_0p005_commit_stable": 0.0,
    "harm_0p005_commit_perturbed": 0.0,
    "harm_0p01_var_diff": -2.5377302837470417e-05,
    "harm_0p01_var_stable": 0.402576259820168,
    "harm_0p01_var_perturbed": 0.4025508825173305,
    "harm_0p01_commit_stable": 0.0,
    "harm_0p01_commit_perturbed": 0.0,
    "harm_0p02_var_diff": -2.5377836794793218e-05,
    "harm_0p02_var_stable": 0.40257625987451995,
    "harm_0p02_var_perturbed": 0.40255088203772516,
    "harm_0p02_commit_stable": 0.0,
    "harm_0p02_commit_perturbed": 0.0,
    "harm_0p05_var_diff": -2.5379324175511808e-05,
    "harm_0p05_var_stable": 0.4025762599425787,
    "harm_0p05_var_perturbed": 0.40255088061840316,
    "harm_0p05_commit_stable": 0.0,
    "harm_0p05_commit_perturbed": 0.0,
    "harm_0p1_var_diff": -2.5381884977804248e-05,
    "harm_0p1_var_stable": 0.40257626001185987,
    "harm_0p1_var_perturbed": 0.40255087812688206,
    "harm_0p1_commit_stable": 0.0,
    "harm_0p1_commit_perturbed": 0.0
  }
}
