{
  "schema_version": "metrics/v1",
  "values": {
    "arm_a_external_task": {
      "mode": "external_task",
      "test_gate": 1.0,
      "pre_warmup_norm": 0.6086782813072205,
      "post_distractor_norm": 0.5753601789474487,
      "drift": 0.53230220079422
    },
    "arm_b_internal_replay": {
      "mode": "internal_replay",
      "test_gate": 0.05,
      "pre_warmup_norm": 0.6086782813072205,
      "post_distractor_norm": 0.47296804189682007,
      "drift": 0.18774236738681793
    },
    "arm_c_internal_planning": {
      "mode": "internal_planning",
      "test_gate": 1.0,
      "pre_warmup_norm": 0.6086782813072205,
      "post_distractor_norm": 0.5753601789474487,
      "drift": 0.53230220079422
    },
    "task_drift": 0.53230220079422,
    "replay_drift": 0.18774236738681793,
    "planning_drift": 0.53230220079422,
    "replay_to_task_drift_ratio": 0.35269883743923053,
    "C1_task_informative": true,
    "C2_replay_frozen": false,
    "C3_planning_active": true,
    "C4_gates_match_registry": true
  }
}
