{
  "schema_version": "metrics/v1",
  "values": {
    "terrain_loss_initial": 0.2822743598415985,
    "terrain_loss_final": 3.4586395991320503e-06,
    "world_forward_r2": 0.9340497851371765,
    "hippo_quality_gap_intact": -1.6402815966311266,
    "hippo_quality_gap_ablated": 0.0,
    "hippo_quality_gap_restored": -1.6404148922386494,
    "ablation_degradation": -1.6402815966311266,
    "calibration_gap_approach": -0.0003917335945041178,
    "mean_hippo_residue_intact": 2.0339911846638734,
    "mean_random_residue_intact": 0.3937095880327469,
    "mean_hippo_residue_ablated": 0.0,
    "mean_random_residue_ablated": 0.0,
    "e3_tick_total": 10311.0,
    "total_harm_train": 5110.0,
    "crit1_pass": 0.0,
    "crit2_pass": 0.0,
    "crit3_pass": 0.0,
    "crit4_pass": 0.0,
    "crit5_pass": 1.0,
    "criteria_met": 1.0
  }
}
