{
  "schema_version": "metrics/v1",
  "values": {
    "n_seeds": 3.0,
    "seed0_warmup_first10_reward": -0.27595538616180415,
    "seed0_warmup_last10_reward": -0.21703147172927859,
    "seed0_warmup_improvement": 0.058923914432525565,
    "seed0_warmup_final_rv": 0.0003798542230224939,
    "seed0_eval_mean_reward": -0.08300044894218447,
    "seed0_eval_mean_harm": 0.32428760647773747,
    "seed0_eval_mean_n_cands": 32.0,
    "seed1_warmup_first10_reward": -0.1082930958271027,
    "seed1_warmup_last10_reward": -0.2858157706260681,
    "seed1_warmup_improvement": -0.1775226747989654,
    "seed1_warmup_final_rv": 0.0011837732450363744,
    "seed1_eval_mean_reward": -0.20014763236045838,
    "seed1_eval_mean_harm": 0.2846714437007904,
    "seed1_eval_mean_n_cands": 32.0,
    "seed2_warmup_first10_reward": -0.5305711621046066,
    "seed2_warmup_last10_reward": -1.047768738865852,
    "seed2_warmup_improvement": -0.5171975767612454,
    "seed2_warmup_final_rv": 0.00015080313423046035,
    "seed2_eval_mean_reward": -0.37155673742294315,
    "seed2_eval_mean_harm": 0.6140336501598359,
    "seed2_eval_mean_n_cands": 32.0
  }
}
