{
  "schema_version": "experiment_pack_metrics/v1",
  "values": {
    "pre_commit_error_signal_to_noise": 1.3574661804815977,
    "post_commit_error_attribution_gain": 0.15444392859733774,
    "cross_channel_leakage_rate": 0.23635852969427926,
    "commitment_reversal_rate": 0.15196040186199772,
    "fatal_error_count": 0
  }
}
