{
  "schema_version": "metrics/v1",
  "values": {
    "p1_pearson_r": 0.9639653129530544,
    "p1_n_steps": 29937.0,
    "p1_mean_beta_norm": 0.7221641217746002,
    "p1_mean_inv_rate": 0.12003547999138739,
    "c1_threshold": 0.15,
    "harm_rate_on": 0.37018937080024433,
    "harm_rate_off": 0.23487986743993372,
    "harm_rate_ratio": 1.5760796139537738,
    "action_var_on": 0.1575785834395663,
    "action_var_off": 1.633627640732163,
    "action_var_ratio": 0.09645930291002076,
    "crit1_pass": 1.0,
    "crit2_pass": 0.0,
    "crit3_pass": 1.0,
    "criteria_met": 2.0,
    "alpha_world": 0.9,
    "seed": 42.0,
    "warmup_episodes": 500.0,
    "eval_episodes": 40.0
  }
}
