{
  "schema_version": "experiment_pack_metrics/v1",
  "values": {
    "pre_commit_error_signal_to_noise": 1.2646882264638497,
    "post_commit_error_attribution_gain": 0.17413847289625908,
    "cross_channel_leakage_rate": 0.22794955035989875,
    "commitment_reversal_rate": 0.17372139728334782,
    "fatal_error_count": 0
  }
}
