{
  "schema_version": "metrics/v1",
  "values": {
    "gap_approach_reafference": 0.09242385988200591,
    "gap_approach_no_reafference": 0.19684611846222858,
    "gap_contact_reafference": 0.09440462211253048,
    "gap_contact_no_reafference": 0.17383700804564026,
    "delta_approach_gap": -0.10442225858022267,
    "delta_contact_gap": -0.07943238593310978,
    "mean_score_none_reafference": 0.4453020944746157,
    "mean_score_none_no_reafference": 0.3816707642708951,
    "mean_score_approach_reafference": 0.5377259543566216,
    "mean_score_approach_no_reafference": 0.5785168827331237,
    "n_approach_min": 830.0,
    "n_seeds": 2.0,
    "alpha_world": 0.9,
    "proximity_harm_scale": 0.05,
    "crit1_pass": 0.0,
    "crit2_pass": 1.0,
    "crit3_pass": 1.0,
    "criteria_met": 2.0
  }
}
