{
  "schema_version": "metrics/v1",
  "values": {
    "alpha_world": 0.9,
    "alpha_world_std": 0.0,
    "proximity_scale": 0.05,
    "proximity_scale_std": 0.0,
    "z_harm_dim": 32.0,
    "z_harm_dim_std": 0.0,
    "harm_forward_r2": 0.9137692749500275,
    "harm_forward_r2_std": 0.006596110351449526,
    "mean_delta_none": 0.3456619819667308,
    "mean_delta_none_std": 0.016702225063627053,
    "mean_delta_approach": 0.3256036944114894,
    "mean_delta_approach_std": 0.04301374396449046,
    "mean_delta_env_hazard": 0.41101776380369087,
    "mean_delta_env_hazard_std": 0.07278997099578548,
    "mean_delta_agent_hazard": 0.33061391062948803,
    "mean_delta_agent_hazard_std": 0.019878546782302043,
    "mean_causal_sig_none": -0.0783800209688109,
    "mean_causal_sig_none_std": 0.0064431406904121025,
    "mean_causal_sig_approach": 0.005829674867745283,
    "mean_causal_sig_approach_std": 0.0012144782645957149,
    "mean_causal_sig_env_hazard": 0.05199342486337714,
    "mean_causal_sig_env_hazard_std": 0.027547228450380094,
    "mean_causal_sig_agent_hazard": 0.008153731648777512,
    "mean_causal_sig_agent_hazard_std": 0.010837516667930015,
    "attribution_gap": -0.04616374999563186,
    "attribution_gap_std": 0.026818023789440423,
    "n_approach_eval": 820.75,
    "n_approach_eval_std": 11.96609794377432,
    "n_env_hazard_eval": 14.25,
    "n_env_hazard_eval_std": 1.479019945774904,
    "n_agent_hazard_eval": 32.0,
    "n_agent_hazard_eval_std": 3.5355339059327378,
    "n_none_eval": 74.0,
    "n_none_eval_std": 13.285330255586423,
    "train_approach_events": 6445.25,
    "train_approach_events_std": 70.42149884800806,
    "train_contact_events": 364.25,
    "train_contact_events_std": 11.712706775122479,
    "crit1_pass": 0.0,
    "crit1_pass_std": 0.0,
    "crit2_pass": 1.0,
    "crit2_pass_std": 0.0,
    "crit3_pass": 0.75,
    "crit3_pass_std": 0.4330127018922193,
    "crit4_pass": 1.0,
    "crit4_pass_std": 0.0,
    "crit5_pass": 1.0,
    "crit5_pass_std": 0.0,
    "criteria_met": 3.75,
    "criteria_met_std": 0.4330127018922193,
    "seeds_pass": 0.0,
    "seeds_total": 4.0,
    "c6_seed_consistency": 1.0
  }
}
