{
  "schema_version": "metrics/v1",
  "values": {
    "pearson_r_harm_vardiff": 0.20751054256906884,
    "monotone_increases": 3.0,
    "levels_above_threshold": 1.0,
    "levels_correct_commit": 0.0,
    "fatal_total": 0.0,
    "crit1_pass": 1.0,
    "crit2_pass": 0.0,
    "crit3_pass": 0.0,
    "crit4_pass": 0.0,
    "crit5_pass": 1.0,
    "criteria_met": 2.0,
    "harm_0p005_var_after_train": 0.07106827016232943,
    "harm_0p005_commit_frac_train": 0.8484848484848485,
    "harm_0p005_var_diff": -0.0010662348673540142,
    "harm_0p005_var_stable": 0.03298089784336744,
    "harm_0p005_var_perturbed": 0.031914662976013426,
    "harm_0p005_commit_stable": 1.0,
    "harm_0p005_commit_perturbed": 1.0,
    "harm_0p01_var_after_train": 0.07106826951013831,
    "harm_0p01_commit_frac_train": 0.8484848484848485,
    "harm_0p01_var_diff": -0.0010662333385165756,
    "harm_0p01_var_stable": 0.03298089666584178,
    "harm_0p01_var_perturbed": 0.031914663327325205,
    "harm_0p01_commit_stable": 1.0,
    "harm_0p01_commit_perturbed": 1.0,
    "harm_0p02_var_after_train": 0.0710682681655709,
    "harm_0p02_commit_frac_train": 0.8484848484848485,
    "harm_0p02_var_diff": -0.001066230398202847,
    "harm_0p02_var_stable": 0.032980894330929045,
    "harm_0p02_var_perturbed": 0.0319146639327262,
    "harm_0p02_commit_stable": 1.0,
    "harm_0p02_commit_perturbed": 1.0,
    "harm_0p05_var_after_train": 0.07106826416742477,
    "harm_0p05_commit_frac_train": 0.8484848484848485,
    "harm_0p05_var_diff": 0.0070659358626370405,
    "harm_0p05_var_stable": 0.03298797327798765,
    "harm_0p05_var_perturbed": 0.04005390914062469,
    "harm_0p05_commit_stable": 1.0,
    "harm_0p05_commit_perturbed": 1.0,
    "harm_0p1_var_after_train": 0.07106825822144826,
    "harm_0p1_commit_frac_train": 0.8484848484848485,
    "harm_0p1_var_diff": -0.0008716465451718766,
    "harm_0p1_var_stable": 0.0355116945540011,
    "harm_0p1_var_perturbed": 0.03464004800882922,
    "harm_0p1_commit_stable": 1.0,
    "harm_0p1_commit_perturbed": 1.0
  }
}
