{
  "schema_version": "experiment_pack_metrics/v1",
  "values": {
    "latent_prediction_error_mean": 0.217581514864441,
    "latent_prediction_error_p95": 0.3829197471486534,
    "latent_rollout_consistency_rate": 0.7518318586299665,
    "e1_e2_timescale_separation_ratio": 1.6395922215631593,
    "representation_drift_rate": 0.056888652467409886,
    "fatal_error_count": 0
  }
}
