{
  "status": "PASS",
  "metrics": {
    "harm_per_step_ao": 0.0014672490822672842,
    "harm_per_step_self": 0.06842708402167899,
    "harm_per_step_random": 0.0754013043074993,
    "kernel_chaining_advantage": 0.06695983493941171,
    "contact_rate_ao": 0.0011,
    "contact_rate_self": 0.052742616033755275,
    "contact_rate_random": 0.06054054054054054,
    "cal_gap_approach_ao": 0.7337689734656601,
    "cal_gap_approach_self": 0.021331372090160117,
    "world_forward_r2": 0.9889272383971783,
    "e3_tick_total": 12146.0,
    "crit1_pass": 1.0,
    "crit2_pass": 1.0,
    "crit3_pass": 1.0,
    "crit4_pass": 1.0,
    "crit5_pass": 1.0,
    "criteria_met": 5.0
  },
  "claim_ids": [
    "MECH-033"
  ],
  "evidence_direction": "supports",
  "experiment_type": "v3_exq_055_mech033_kernel_chaining",
  "fatal_error_count": 0,
  "run_timestamp": "20260320T191345Z",
  "claim": "MECH-033",
  "verdict": "PASS",
  "run_id": "v3_exq_055_mech033_kernel_chaining_20260320T191345Z_v3",
  "architecture_epoch": "ree_hybrid_guardrails_v1"
}
