{
  "schema_version": "experiment_pack_metrics/v1",
  "values": {
    "fatal_error_count": 0.0,
    "warmup_harm_separate": 819.0,
    "warmup_harm_collapsed": 806.0,
    "separate_calibration_gap": 0.00010876673640626859,
    "collapsed_calibration_gap": -0.0003805035126220309,
    "separate_mean_near": -0.001076412923408277,
    "separate_mean_safe": -0.0011851796598145456,
    "collapsed_mean_near": -0.0019566952344404168,
    "collapsed_mean_safe": -0.0015761917218183859,
    "n_near_hazard_probes": 231.0,
    "n_safe_probes": 66.0,
    "collapsed_harm_eval_degenerate": 0.0,
    "crit1_pass": 0.0,
    "crit2_pass": 1.0,
    "crit3_pass": 1.0,
    "crit4_pass": 1.0,
    "crit5_pass": 1.0,
    "crit6_pass": 1.0,
    "criteria_met": 5.0
  }
}
