{
  "schema_version": "experiment_pack_metrics/v1",
  "values": {
    "fatal_error_count": 0.0,
    "warmup_harm_events": 771.0,
    "warmup_benefit_events": 111.0,
    "n_empty_steps_collected": 4977.0,
    "reafference_reconstruction_r2": 0.3095027208328247,
    "reafference_r2_train": 0.5823205709457397,
    "calibration_gap": 0.0001521934931856127,
    "mean_causal_sig_near_hazard": -0.001311920352477943,
    "mean_causal_sig_safe": -0.0014641138456635556,
    "n_near_hazard_probes": 452.0,
    "n_safe_probes": 59.0,
    "net_eval_pred_std": 0.013941255398094654,
    "mean_dz_world_raw_empty": 0.04792145216346952,
    "mean_dz_world_corrected_empty": 0.036570688552479934,
    "dz_correction_reduction_empty": 0.011350763610989585,
    "mean_dz_world_raw_env_hazard": 0.04443204572752995,
    "mean_dz_world_corrected_env_hazard": 0.03968176234732656,
    "crit1_pass": 0.0,
    "crit2_pass": 1.0,
    "crit3_pass": 1.0,
    "crit4_pass": 1.0,
    "criteria_met": 4.0
  }
}
