{
  "schema_version": "metrics/v1",
  "values": {
    "alpha_world": 0.9,
    "harm_eval_pearson_r_z_harm": 0.9136674645523338,
    "harm_eval_pearson_r_z_world": 0.41692138434285536,
    "r_delta_z_harm_minus_z_world": 0.49674608020947847,
    "z_harm_variance_across_event_types": 0.008051166452105352,
    "mean_harm_eval_z_harm_contact": 0.6699394687558665,
    "mean_harm_eval_z_harm_none": 0.5471965387570772,
    "ordinal_gap_contact_minus_none": 0.12274292999878933,
    "n_contact_steps": 66.0,
    "n_approach_steps": 1162.0,
    "n_none_steps": 139.0,
    "crit1_pass": 1.0,
    "crit2_pass": 1.0,
    "crit3_pass": 1.0,
    "crit4_pass": 1.0,
    "criteria_met": 4.0,
    "fatal_error_count": 0.0,
    "harm_eval_z_harm_mean_hazard_approach": 0.6179461374545466,
    "harm_eval_z_harm_mean_resource": 0.6271807002393823,
    "harm_eval_z_harm_mean_none": 0.5471965387570772,
    "harm_eval_z_harm_mean_agent_caused_hazard": 0.5418963889990535,
    "harm_eval_z_harm_mean_env_caused_hazard": 0.7642870012082552
  }
}
