{
  "schema_version": "experiment_pack_metrics/v1",
  "values": {
    "calibration_gap_approach_separated": -0.02819293685472357,
    "calibration_gap_approach_merged": -0.09330599993252409,
    "attribution_gap_separated": 0.03447171493182675,
    "attribution_gap_merged": 0.06353724545512635,
    "wf_r2_separated": 0.9471595287322998,
    "wf_r2_merged": 0.9471595287322998,
    "causal_sig_none_separated": -0.07415154919323355,
    "causal_sig_approach_separated": 0.005270942678460135,
    "causal_sig_env_hazard_separated": -0.029200772253366616,
    "causal_sig_agent_hazard_separated": 0.017313735277363747,
    "causal_sig_none_merged": -0.10862915577496042,
    "causal_sig_approach_merged": 0.008417425515989844,
    "causal_sig_env_hazard_merged": -0.055119819939136505,
    "causal_sig_agent_hazard_merged": 0.025535308501937172,
    "harm_eval_none_separated": 0.36519365233950096,
    "harm_eval_approach_separated": 0.5566938341272851,
    "harm_eval_env_hazard_separated": 0.5848867709820087,
    "harm_eval_agent_hazard_separated": 0.47244937040589075,
    "harm_eval_none_merged": 0.2779570836389419,
    "harm_eval_approach_merged": 0.6169324545010638,
    "harm_eval_env_hazard_merged": 0.7102384544335879,
    "harm_eval_agent_hazard_merged": 0.455073590983044,
    "n_approach_eval_separated": 832.0,
    "n_approach_eval_merged": 832.0,
    "n_env_hazard_eval_separated": 13.0,
    "n_env_hazard_eval_merged": 13.0,
    "n_none_eval_separated": 101.0,
    "n_none_eval_merged": 101.0,
    "train_approach_events_separated": 8125.0,
    "train_approach_events_merged": 8125.0,
    "crit1_pass": 1.0,
    "crit2_pass": 0.0,
    "crit3_pass": 0.0,
    "crit4_pass": 1.0,
    "crit5_pass": 1.0,
    "criteria_met": 3.0,
    "alpha_world": 0.9,
    "proximity_scale": 0.05,
    "warmup_episodes": 500.0,
    "seed": 0.0,
    "fatal_error_count": 0.0
  }
}
