{
  "schema_version": "metrics/v1",
  "values": {
    "r3_analytic_d_eff": 1.0,
    "r3_analytic_stability": 0.016181492945179343,
    "r3_analytic_cert": 0.6829794478835538,
    "r2_analytic_d_eff": 19.189916610717773,
    "r2_analytic_stability": 0.07341890223324299,
    "r2_analytic_cert": 0.3022462448105216,
    "mean_d_eff_gap_r2_r3": 18.189916610717773,
    "mean_d_eff_baseline": 21.60820543900899,
    "mean_stab_baseline": 0.9999999918151239,
    "r3_evolution_d_eff": 21.583717389027,
    "r3_evolution_stability": 0.9977530373751314,
    "r2_evolution_d_eff": 21.590810279083996,
    "r2_evolution_stability": 0.9978466228210318,
    "thresh_r3_d_eff_high": 4.0,
    "thresh_r3_stab_high": 0.25,
    "thresh_r2_d_eff_low": 8.0,
    "thresh_r2_stab_high": 0.25,
    "thresh_d_eff_gap": 5.0,
    "crit1_pass": 1.0,
    "crit2_pass": 1.0,
    "crit3_pass": 1.0,
    "crit4_pass": 1.0,
    "crit5_pass": 1.0,
    "criteria_met": 5.0
  }
}
