{
  "schema_version": "experiment_pack_metrics/v1",
  "values": {
    "fatal_error_count": 0.0,
    "n_empty_moves": 1667.0,
    "n_env_caused_hazard": 154.0,
    "n_agent_caused_hazard": 86.0,
    "mean_dz_self_empty": 0.04059126223205635,
    "mean_dz_world_empty": 0.06396777898432987,
    "std_dz_self_empty": 0.034445904195308685,
    "std_dz_world_empty": 0.023020600900053978,
    "mean_dz_self_env_hazard": 0.034786519086496395,
    "mean_dz_world_env_hazard": 0.06474622839747311,
    "mean_dz_self_agent_hazard": 0.0234789865546275,
    "mean_dz_world_agent_hazard": 0.056503184962757795,
    "c1_world_margin": 0.0007784494131432423,
    "c2_body_selectivity_margin": -0.02337651675227352,
    "c3_e2_divergence_margin": -0.007117059005618445,
    "mean_near_hazard_divergence": 0.06287499295571182,
    "mean_safe_divergence": 0.06999205196133026,
    "n_near_hazard_probe_steps": 790.0,
    "n_safe_probe_steps": 78.0,
    "warmup_harm_events": 1507.0,
    "warmup_benefit_events": 235.0,
    "num_train_episodes": 600.0,
    "crit1_pass": 0.0,
    "crit2_pass": 0.0,
    "crit3_pass": 0.0,
    "crit4_pass": 1.0,
    "criteria_met": 2.0
  }
}
