{
  "schema_version": "metrics/v1",
  "values": {
    "c1_pass": 1.0,
    "c2_pass": 1.0,
    "c3_pass": 1.0,
    "c4_pass": 1.0,
    "c5_pass": 1.0,
    "criteria_met": 5.0,
    "da_pos_s0": 0.8795923304330634,
    "da_neg_s0": 0.10081954043923153,
    "da_divergence_s0": 0.7787727899938319,
    "threshold_pos_vb_s0": 0.5822043186078705,
    "threshold_neg_vb_s0": 0.20839337941083116,
    "threshold_asymmetry_s0": 2.79377550406772,
    "mean_latency_pos_vb_s0": 2.0,
    "mean_latency_neg_vb_s0": 22.0,
    "mean_latency_pos_nb_s0": 9.0,
    "mean_latency_neg_nb_s0": 9.0,
    "latency_ratio_vb_s0": 11.0,
    "latency_ratio_nb_s0": 1.0,
    "asymmetry_delta_s0": 10.0,
    "da_pos_s1": 1.9768374596555635e-07,
    "da_neg_s1": 3.010280068828842e-09,
    "da_divergence_s1": 1.946734658967275e-07,
    "threshold_pos_vb_s1": 0.16000009488819808,
    "threshold_neg_vb_s1": 0.16000000144493445,
    "threshold_asymmetry_s1": 1.0000005840203925,
    "mean_latency_pos_vb_s1": 201.0,
    "mean_latency_neg_vb_s1": 201.0,
    "mean_latency_pos_nb_s1": 201.0,
    "mean_latency_neg_nb_s1": 201.0,
    "latency_ratio_vb_s1": 1.0,
    "latency_ratio_nb_s1": 1.0,
    "asymmetry_delta_s1": 0.0,
    "da_pos_s2": 0.8606676744458716,
    "da_neg_s2": 0.10010570839720263,
    "da_divergence_s2": 0.7605619660486689,
    "threshold_pos_vb_s2": 0.5731204837340184,
    "threshold_neg_vb_s2": 0.20805074003065727,
    "threshold_asymmetry_s2": 2.7547149491011966,
    "mean_latency_pos_vb_s2": 2.0,
    "mean_latency_neg_vb_s2": 22.0,
    "mean_latency_pos_nb_s2": 9.0,
    "mean_latency_neg_nb_s2": 9.0,
    "latency_ratio_vb_s2": 11.0,
    "latency_ratio_nb_s2": 1.0,
    "asymmetry_delta_s2": 10.0,
    "da_pos_s3": 0.8191171311062421,
    "da_neg_s3": 0.09316055692467864,
    "da_divergence_s3": 0.7259565741815635,
    "threshold_pos_vb_s3": 0.5531762229309962,
    "threshold_neg_vb_s3": 0.20471706732384576,
    "threshold_asymmetry_s3": 2.70214999737133,
    "mean_latency_pos_vb_s3": 3.0,
    "mean_latency_neg_vb_s3": 22.0,
    "mean_latency_pos_nb_s3": 9.0,
    "mean_latency_neg_nb_s3": 9.0,
    "latency_ratio_vb_s3": 7.333333333333333,
    "latency_ratio_nb_s3": 1.0,
    "asymmetry_delta_s3": 6.333333333333333,
    "da_pos_s4": 0.8449727465227045,
    "da_neg_s4": 0.08344598103664123,
    "da_divergence_s4": 0.7615267654860632,
    "threshold_pos_vb_s4": 0.5655869183308981,
    "threshold_neg_vb_s4": 0.2000540708975878,
    "threshold_asymmetry_s4": 2.8271702534882923,
    "mean_latency_pos_vb_s4": 2.0,
    "mean_latency_neg_vb_s4": 22.0,
    "mean_latency_pos_nb_s4": 9.0,
    "mean_latency_neg_nb_s4": 9.0,
    "latency_ratio_vb_s4": 11.0,
    "latency_ratio_nb_s4": 1.0,
    "asymmetry_delta_s4": 10.0
  }
}
