{
  "schema_version": "experiment_pack_metrics/v1",
  "values": {
    "pre_commit_error_signal_to_noise": 2.1549927646147835,
    "post_commit_error_attribution_gain": 0.41913388263132606,
    "cross_channel_leakage_rate": 0.0912718583974001,
    "commitment_reversal_rate": 0.07792262818426958,
    "fatal_error_count": 0
  }
}
