{
  "schema_version": "experiment_pack_metrics/v1",
  "values": {
    "latent_prediction_error_mean": 0.12043307598578623,
    "latent_prediction_error_p95": 0.23522286155334696,
    "latent_rollout_consistency_rate": 0.9334230351316501,
    "e1_e2_timescale_separation_ratio": 2.2099373841168313,
    "representation_drift_rate": 0.014428324666765037,
    "fatal_error_count": 0
  }
}
