{
  "run_id": "v3_exq_537d_sd029_no_interventional_20260508T214809Z_v3",
  "experiment_type": "v3_exq_537d_sd029_no_interventional",
  "queue_id": "V3-EXQ-537d",
  "claim_ids": [
    "SD-029",
    "MECH-256"
  ],
  "evidence_direction": "non_contributory",
  "evidence_direction_per_claim": {
    "SD-029": "non_contributory",
    "MECH-256": "non_contributory"
  },
  "experiment_purpose": "evidence",
  "supersedes": "v3_exq_537c_sd029_capacity_lift",
  "architecture_epoch": "ree_hybrid_guardrails_v1",
  "timestamp_utc": "2026-05-08T21:48:09.817424Z",
  "outcome": "FAIL",
  "criteria": {
    "C1_forward_r2": false,
    "C1_value": 0.6467731485984378,
    "C2_dissociation": false,
    "C2_intact_self": 0.1709225459073097,
    "C2_intact_ext": 0.13890645688866535,
    "C2_ratio": 0.8126865660191693,
    "C3_falsification": true,
    "C3_scrambled_self": 0.2242732701053762,
    "C3_scrambled_ext": 0.1955346475940111,
    "C3_diff_ratio": 0.12814109544959185,
    "C4_event_sufficiency": true,
    "C4_min_n_self": 406,
    "C4_min_n_ext": 258
  },
  "metrics": {
    "per_seed": [
      {
        "seed_idx": 0,
        "seed": 59745,
        "phase_failed": null,
        "p1_grad": true,
        "p1_steps": 1400,
        "p1_r2": 0.6684775842394941,
        "p1_loss": 0.010132504006687668,
        "p2_grad": false,
        "p2_steps": 48000,
        "p2_r2": 0.6853386530009913,
        "p2_loss": 0.0016841081984102857,
        "harm_forward_r2": 0.5600564854521795,
        "n_self": 418,
        "n_ext": 258,
        "n_heldout": 1500,
        "p3_steps": 1611,
        "intact_self": 0.2064229439694488,
        "intact_ext": 0.17133393498902866,
        "intact_self_std": 0.14624210694972767,
        "intact_ext_std": 0.08551529630859189,
        "scrambled_self": 0.26903872119717337,
        "scrambled_ext": 0.23494839941173098,
        "scrambled_self_std": 0.1699873509163838,
        "scrambled_ext_std": 0.12673502461060424
      },
      {
        "seed_idx": 1,
        "seed": 97942,
        "phase_failed": null,
        "p1_grad": true,
        "p1_steps": 1200,
        "p1_r2": 0.685606699283174,
        "p1_loss": 0.009762486958391676,
        "p2_grad": false,
        "p2_steps": 48000,
        "p2_r2": 0.7092062298051418,
        "p2_loss": 0.001105774753368678,
        "harm_forward_r2": 0.6887721329748682,
        "n_self": 414,
        "n_ext": 258,
        "n_heldout": 1500,
        "p3_steps": 1609,
        "intact_self": 0.15752397623623987,
        "intact_ext": 0.12916172828611938,
        "intact_self_std": 0.10225398660346555,
        "intact_ext_std": 0.06444105175656231,
        "scrambled_self": 0.211354479463636,
        "scrambled_ext": 0.19131527786222538,
        "scrambled_self_std": 0.12270013487221192,
        "scrambled_ext_std": 0.10341482656866056
      },
      {
        "seed_idx": 2,
        "seed": 47042,
        "phase_failed": null,
        "p1_grad": true,
        "p1_steps": 1400,
        "p1_r2": 0.7863709092180245,
        "p1_loss": 0.007401729462547521,
        "p2_grad": false,
        "p2_steps": 48000,
        "p2_r2": 0.6798998044302496,
        "p2_loss": 0.001159870988781222,
        "harm_forward_r2": 0.6914908273682658,
        "n_self": 406,
        "n_ext": 258,
        "n_heldout": 1500,
        "p3_steps": 1617,
        "intact_self": 0.1488207175162405,
        "intact_ext": 0.11622370739084806,
        "intact_self_std": 0.09497821841826731,
        "intact_ext_std": 0.05761154828333824,
        "scrambled_self": 0.1924266096553192,
        "scrambled_ext": 0.16034026550807695,
        "scrambled_self_std": 0.10573727349728017,
        "scrambled_ext_std": 0.08863749109019202
      }
    ],
    "n_seeds": 3,
    "n_episodes": 200,
    "steps_per_ep": 200,
    "p1_grad_threshold": 0.65,
    "p2_grad_threshold": 0.85,
    "p2_max_windows": 240,
    "use_interventional": false,
    "interventional_fraction": 0.3,
    "c1_r2_threshold": 0.85,
    "c2_dissociation_ratio_required": 1.3,
    "c3_falsification_tol": 0.15,
    "c4_min_events_per_type": 20
  }
}