{
  "schema_version": "metrics/v1",
  "values": {
    "grid_mean_high": 1.7654967685540517,
    "grid_mean_low": 0.5900727132956187,
    "local_raw_mean_high": 1.8795974751313527,
    "local_raw_mean_low": 0.5767881229519844,
    "autocorr_lag10_high": 0.5110508961419024,
    "autocorr_lag10_low": 0.5987488612701898,
    "crit1_grid_scaling": 1.0,
    "crit3_raw_density": 1.0,
    "crit4_autocorr": 1.0,
    "crit5_no_errors": 1.0,
    "criteria_met": 4.0
  }
}
