{
  "schema_version": "metrics/v1",
  "values": {
    "gap_replay_on": 0.0013978476171975784,
    "gap_replay_ablated": 0.015790974691957588,
    "delta_gap": -0.01439312707476001,
    "n_harm_eval_min": 547.0,
    "n_seeds": 2.0,
    "n_replay_steps": 10.0,
    "replay_batch": 32.0,
    "alpha_world": 0.9,
    "nav_bias": 0.35,
    "per_seed_delta_min": -0.017824576410774673,
    "per_seed_delta_max": -0.010961677738745346,
    "crit1_pass": 0.0,
    "crit2_pass": 0.0,
    "crit3_pass": 1.0,
    "crit4_pass": 1.0,
    "crit5_pass": 1.0,
    "criteria_met": 3.0
  }
}
