{
  "schema_version": "metrics/v1",
  "values": {
    "harm_fwd_r2": -0.6139935722524233,
    "stream_corr": -0.04636118504017194,
    "autocorr_gap": 0.44724713820601153,
    "z_harm_s_hazard_corr": 0.5713588956648101
  }
}
