{
  "schema_version": "metrics/v1",
  "values": {
    "harm_auc_on": 0.5049079154816418,
    "harm_auc_ablated": 0.6326127504336837,
    "auc_delta": -0.12770483495204188,
    "min_harm_steps_eval": 1094.0,
    "mean_within_batch_var": 3.196034100015399e-05,
    "crit1_pass": 0.0,
    "crit2_pass": 0.0,
    "crit3_pass": 0.0,
    "crit4_pass": 1.0,
    "crit5_pass": 1.0,
    "criteria_met": 2.0,
    "n_seeds": 2.0,
    "theta_k": 2.0,
    "alpha_world": 0.9,
    "env_drift_prob": 0.3
  }
}
