{
  "schema_version": "metrics/v1",
  "values": {
    "hf_r2_mean": 0.9191210865974426,
    "hf_r2_std": 0.003652717416799415,
    "attribution_gap_mean": 0.1149940713651648,
    "attribution_gap_std": 0.008455095186338508,
    "intact_approach_mean": 0.010173339772569706,
    "intact_none_mean": -0.10482073159259511,
    "intact_env_mean": 0.06312898692438408,
    "intact_agent_mean": -0.007667768949230933,
    "ablated_approach_mean": -0.001004411184126627,
    "intact_vs_ablated_mean": 0.011177750956696333,
    "null_cf_max_mean": 0.0,
    "n_approach_mean": 838.0,
    "c3_seeds_pass": 4.0,
    "c6_seeds_pass": 4.0,
    "criteria_met": 6.0,
    "n_seeds": 4.0,
    "seed42_hf_r2": 0.9208577871322632,
    "seed42_attribution_gap": 0.12622487266961935,
    "seed42_intact_approach": 0.006292973044907024,
    "seed42_intact_none": -0.11993189962471233,
    "seed42_ablated_approach": 0.0038153017000377883,
    "seed42_intact_vs_ablated": 0.0024776713448692355,
    "seed42_null_cf_max": 0.0,
    "seed42_n_approach": 845.0,
    "seed7_hf_r2": 0.9214969873428345,
    "seed7_attribution_gap": 0.11547674465228833,
    "seed7_intact_approach": 0.013297786889385143,
    "seed7_intact_none": -0.10217895776290319,
    "seed7_ablated_approach": 0.0027599137182853536,
    "seed7_intact_vs_ablated": 0.010537873171099789,
    "seed7_null_cf_max": 0.0,
    "seed7_n_approach": 876.0,
    "seed123_hf_r2": 0.921322226524353,
    "seed123_attribution_gap": 0.1158822552510563,
    "seed123_intact_approach": 0.01272104034542967,
    "seed123_intact_none": -0.10316121490562663,
    "seed123_ablated_approach": -0.0036344498325631305,
    "seed123_intact_vs_ablated": 0.0163554901779928,
    "seed123_null_cf_max": 0.0,
    "seed123_n_approach": 848.0,
    "seed13_hf_r2": 0.9128073453903198,
    "seed13_attribution_gap": 0.10239241288769524,
    "seed13_intact_approach": 0.008381558810556985,
    "seed13_intact_none": -0.09401085407713826,
    "seed13_ablated_approach": -0.00695841032226652,
    "seed13_intact_vs_ablated": 0.015339969132823504,
    "seed13_null_cf_max": 0.0,
    "seed13_n_approach": 783.0
  }
}
