{
  "schema_version": "metrics/v1",
  "values": {
    "raw_harm_a_mean_high": 0.20140586222968995,
    "raw_harm_a_mean_low": 0.2750789909418672,
    "raw_harm_a_autocorr_high": 0.059977997589161225,
    "raw_harm_s_autocorr_high": 0.09643296905705112,
    "enc_z_harm_a_mean_high": 1.0908700317144393,
    "enc_z_harm_a_mean_low": 1.4952373482645995,
    "enc_z_harm_a_ac_high": -0.0079248260958373,
    "enc_z_harm_s_ac_high": 0.06109885913605622,
    "crit1_raw_density": 0.0,
    "crit2_raw_autocorr": 0.0,
    "crit3_enc_density": 0.0,
    "crit4_enc_autocorr": 0.0,
    "crit5_no_errors": 1.0,
    "criteria_met": 1.0,
    "fatal_error_count": 0.0
  }
}
