{
  "schema_version": "metrics/v1",
  "values": {
    "c1_pass": 1.0,
    "c2_pass": 1.0,
    "c3_pass": 0.0,
    "c4_pass": 0.0,
    "criteria_met": 2.0,
    "approach_slope_seed0": 5.11854887008667e-06,
    "contact_slope_seed0": 3.869334856665408e-06,
    "approach_gap_at_peak_seed0": 0.5309556275606155,
    "peak_checkpoint_seed0": 20.0,
    "n_approach_at_peak_seed0": 12.0,
    "slope_gap_seed0": 1.2492140134212623e-06,
    "approach_slope_seed1": 0.0,
    "contact_slope_seed1": 0.0,
    "approach_gap_at_peak_seed1": 0.534421240290006,
    "peak_checkpoint_seed1": 10.0,
    "n_approach_at_peak_seed1": 12.0,
    "slope_gap_seed1": 0.0,
    "approach_slope_seed2": 1.3163606208443922e-05,
    "contact_slope_seed2": -3.103775409059595e-05,
    "approach_gap_at_peak_seed2": 0.0012271951487723975,
    "peak_checkpoint_seed2": 20.0,
    "n_approach_at_peak_seed2": 10.0,
    "slope_gap_seed2": 4.420136029903988e-05
  }
}
