{
  "schema_version": "metrics/v1",
  "values": {
    "agg_stable_z_beta": 0.54304146160086,
    "agg_volatile_z_beta": 0.6714993180935581,
    "agg_stable_rv": 0.005460793240225931,
    "agg_volatile_rv": 0.005160225390044824,
    "agg_c1_delta": 0.12845785649269817,
    "c1_majority_pass": 0.0,
    "agg_c2_r_best": 0.08878208934152909,
    "c2_majority_pass": 0.0,
    "agg_c3_delta": 0.019304163004582153,
    "c3_majority_pass": 0.0,
    "criteria_met": 0.0,
    "n_seeds": 2.0,
    "volatility_signal_dim": 1.0,
    "alpha_world": 0.9,
    "use_event_classifier": 1.0,
    "nav_bias": 0.45,
    "n_train_episodes": 500.0,
    "n_eval_episodes": 50.0,
    "steps_per_episode": 200.0,
    "elapsed_seconds": 5468.144690990448,
    "seed_42_c1_delta": 0.2424433305844665,
    "seed_42_c1_pass": 1.0,
    "seed_42_c2_r_stable": 0.22521099771626202,
    "seed_42_c2_r_volatile": -0.044694493973748,
    "seed_42_c2_r_best": 0.22521099771626202,
    "seed_42_c2_pass": 0.0,
    "seed_42_c3_delta": -0.00043342870970564107,
    "seed_42_c3_pass": 0.0,
    "seed_123_c1_delta": 0.01447238240092985,
    "seed_123_c1_pass": 0.0,
    "seed_123_c2_r_stable": -0.04764681903320385,
    "seed_123_c2_r_volatile": -0.06274381797693294,
    "seed_123_c2_r_best": -0.04764681903320385,
    "seed_123_c2_pass": 0.0,
    "seed_123_c3_delta": 0.03904175471886995,
    "seed_123_c3_pass": 1.0
  }
}
