{
  "schema_version": "metrics/v1",
  "values": {
    "harm_fwd_r2": 0.7417986106379751,
    "stream_corr": 0.07766701335481854,
    "autocorr_gap": 0.44589773793507503,
    "z_harm_s_hazard_corr": 0.6009508993726984
  }
}
