{
  "schema_version": "experiment_pack_metrics/v1",
  "values": {
    "alpha_world": 0.9,
    "proximity_scale": 0.05,
    "wf_r2_full": 0.9471595287322998,
    "wf_r2_e3_ablated": 0.9482841491699219,
    "wf_r2_e2_ablated": 0.9471595287322998,
    "calibration_gap_approach_full": 0.19150018178778416,
    "calibration_gap_approach_e3_ablated": 0.0,
    "calibration_gap_approach_e2_ablated": 0.19150018178778416,
    "calibration_gap_contact_full": 0.16347441835444876,
    "calibration_gap_contact_e3_ablated": 0.0,
    "calibration_gap_contact_e2_ablated": 0.16347441835444876,
    "attribution_gap_full": 0.03447171493182675,
    "attribution_gap_e3_ablated": 0.0,
    "attribution_gap_e2_ablated": 0.0,
    "causal_sig_none_full": -0.07415154919323355,
    "causal_sig_approach_full": 0.005270942678460135,
    "causal_sig_env_hazard_full": -0.029200772253366616,
    "mean_harm_eval_none_full": 0.36519365233950096,
    "mean_harm_eval_approach_full": 0.5566938341272851,
    "mean_harm_eval_env_hazard_full": 0.5848867709820087,
    "mean_harm_eval_none_e3_ablated": 0.5,
    "mean_harm_eval_approach_e3_ablated": 0.5,
    "harm_pred_std_full": 0.15698106586933136,
    "harm_pred_std_e3_ablated": 0.0,
    "harm_pred_std_e2_ablated": 0.15698106586933136,
    "n_approach_eval": 832.0,
    "n_env_hazard_eval": 13.0,
    "n_agent_hazard_eval": 33.0,
    "n_none_eval": 101.0,
    "train_approach_events_full": 8125.0,
    "train_approach_events_e3_abl": 8125.0,
    "train_approach_events_e2_abl": 8125.0,
    "crit1_pass": 1.0,
    "crit2_pass": 1.0,
    "crit3_pass": 1.0,
    "crit4_pass": 1.0,
    "crit5_pass": 1.0,
    "criteria_met": 5.0,
    "fatal_error_count": 0.0
  }
}
