{
  "schema_version": "metrics/v1",
  "values": {
    "pearson_r_harm_vardiff": 0.44194631052929867,
    "monotone_increases": 3.0,
    "levels_above_threshold": 0.0,
    "levels_correct_commit": 0.0,
    "fatal_total": 0.0,
    "crit1_pass": 1.0,
    "crit2_pass": 0.0,
    "crit3_pass": 0.0,
    "crit4_pass": 0.0,
    "crit5_pass": 1.0,
    "criteria_met": 2.0,
    "harm_0p005_var_after_train": 3.43856324990866e-05,
    "harm_0p005_commit_frac_train": 0.9987012987012988,
    "harm_0p005_var_diff": -2.8930850553493667e-05,
    "harm_0p005_var_stable": 0.00110559277080066,
    "harm_0p005_var_perturbed": 0.0010766619202471663,
    "harm_0p005_commit_stable": 1.0,
    "harm_0p005_commit_perturbed": 1.0,
    "harm_0p01_var_after_train": 2.5679043705841327e-05,
    "harm_0p01_commit_frac_train": 0.9987012987012988,
    "harm_0p01_var_diff": 2.059727456377408e-05,
    "harm_0p01_var_stable": 0.0011035829179433462,
    "harm_0p01_var_perturbed": 0.0011241801925071203,
    "harm_0p01_commit_stable": 1.0,
    "harm_0p01_commit_perturbed": 1.0,
    "harm_0p02_var_after_train": 3.47038189208592e-05,
    "harm_0p02_commit_frac_train": 0.9987012987012988,
    "harm_0p02_var_diff": -2.464200892630876e-05,
    "harm_0p02_var_stable": 0.001112542872450089,
    "harm_0p02_var_perturbed": 0.0010879008635237802,
    "harm_0p02_commit_stable": 1.0,
    "harm_0p02_commit_perturbed": 1.0,
    "harm_0p05_var_after_train": 3.1805679774580204e-05,
    "harm_0p05_commit_frac_train": 0.9987012987012988,
    "harm_0p05_var_diff": -1.623339939574222e-05,
    "harm_0p05_var_stable": 0.0011101725711541587,
    "harm_0p05_var_perturbed": 0.0010939391717584165,
    "harm_0p05_commit_stable": 1.0,
    "harm_0p05_commit_perturbed": 1.0,
    "harm_0p1_var_after_train": 3.429197127161995e-05,
    "harm_0p1_commit_frac_train": 0.9987012987012988,
    "harm_0p1_var_diff": 1.669471910550305e-05,
    "harm_0p1_var_stable": 0.0010749063770022938,
    "harm_0p1_var_perturbed": 0.0010916010961077968,
    "harm_0p1_commit_stable": 1.0,
    "harm_0p1_commit_perturbed": 1.0
  }
}
