{
  "schema_version": "metrics/v1",
  "values": {
    "alpha_world": 0.9,
    "harm_eval_pearson_r_z_harm": 0.7083686158513548,
    "harm_eval_pearson_r_z_world": 0.3175381357276737,
    "r_delta_z_harm_minus_z_world": 0.3908304801236811,
    "z_harm_variance_across_event_types": 0.002322231403239034,
    "n_contact_steps": 57.0,
    "n_approach_steps": 1203.0,
    "n_none_steps": 128.0,
    "crit1_pass": 1.0,
    "crit2_pass": 1.0,
    "crit3_pass": 0.0,
    "crit4_pass": 1.0,
    "criteria_met": 3.0,
    "fatal_error_count": 0.0,
    "harm_eval_z_harm_mean_hazard_approach": 0.6220848253391628,
    "harm_eval_z_harm_mean_none": 0.5574782893527299,
    "harm_eval_z_harm_mean_env_caused_hazard": 0.6933822316281936,
    "harm_eval_z_harm_mean_agent_caused_hazard": 0.6164391131504722,
    "harm_eval_z_harm_mean_resource": 0.5966011142730713
  }
}
