{
  "schema_version": "metrics/v1",
  "values": {
    "fatal_error_count": 0.0,
    "training_baseline_variance": 0.002314987854208807,
    "calibrated_commit_threshold": 0.004629975708417614,
    "calibration_factor": 2.0,
    "c1_relative_threshold": 0.0011574939271044036,
    "stable_mean_running_variance": 0.003979239348342993,
    "stable_mean_precision": 381.12279757859335,
    "stable_commit_rate": 0.9006410256410257,
    "stable_n_commit_decisions": 936.0,
    "stable_mean_prediction_error": 0.0029109354914527734,
    "perturbed_mean_running_variance": 0.005962903996979246,
    "perturbed_mean_precision": 215.50790946267492,
    "perturbed_commit_rate": 0.50186799501868,
    "perturbed_n_commit_decisions": 803.0,
    "perturbed_mean_prediction_error": 0.004724383802273863,
    "recovery_mean_running_variance": 0.004668936299160779,
    "recovery_commit_rate": 0.8832752613240418,
    "running_variance_diff_perturbed_minus_stable": 0.0019836646486362528,
    "precision_diff_stable_minus_perturbed": 165.61488811591843,
    "commit_rate_diff_stable_minus_perturbed": 0.3987730306223457,
    "alpha_world": 0.9,
    "crit0_pass": 1.0,
    "crit1_pass": 1.0,
    "crit2_pass": 1.0,
    "crit3_pass": 1.0,
    "crit4_pass": 1.0,
    "criteria_met": 5.0
  }
}
