{
  "schema_version": "metrics/v1",
  "values": {
    "fix2_cal_gap_raw": 0.16237792009072094,
    "fix2_cal_gap_sig": 0.03793813577255056,
    "fix2_mean_harm_approach_raw": 0.5671121912667884,
    "fix2_mean_harm_none_raw": 0.4047342711760674,
    "fix2_wf_r2": 0.9459612369537354,
    "obsonly_cal_gap_raw": 0.127341419439162,
    "obsonly_cal_gap_sig": 0.02968340309184614,
    "obsonly_mean_harm_approach_raw": 0.56341624258026,
    "obsonly_mean_harm_none_raw": 0.436074823141098,
    "obsonly_wf_r2": 0.9472927451133728,
    "sign_inversion_detected": 0.0,
    "cal_gap_difference_b_minus_a": -0.035036500651558944,
    "n_approach_obsonly": 775.0,
    "crit1_pass": 1.0,
    "crit2_pass": 1.0,
    "crit3_pass": 1.0,
    "crit4_pass": 1.0,
    "crit5_pass": 1.0,
    "criteria_met": 5.0
  }
}
