{
  "schema_version": "metrics/v1",
  "values": {
    "action_acc_self_split": 0.47084765136241913,
    "action_acc_world_split": 0.3853665441274643,
    "action_acc_self_unified": 0.5004009306430817,
    "contact_acc_world_split": 0.9065864980220795,
    "contact_acc_self_split": 0.9065864980220795,
    "contact_acc_world_unified": 0.9065864980220795,
    "action_dissociation_split": 0.08548110723495483,
    "contact_dissociation_split": 0.0,
    "n_contact_min": 164.0,
    "n_seeds": 2.0,
    "alpha_world": 0.9,
    "crit1_pass": 0.0,
    "crit2_pass": 0.0,
    "crit3_pass": 0.0,
    "crit4_pass": 0.0,
    "crit5_pass": 1.0,
    "criteria_met": 1.0
  }
}
