{
  "schema_version": "metrics/v1",
  "values": {
    "mean_d_eff_baseline_on": 22.29282576780693,
    "mean_d_eff_post_on": 22.22667100282679,
    "mean_d_eff_ratio_on": 0.9966013161208511,
    "mean_d_eff_baseline_ablated": 22.29282576780693,
    "mean_d_eff_post_ablated": 22.22667100282679,
    "mean_d_eff_ratio_ablated": 0.9966013161208511,
    "mean_e2_loss_on": 6.323097234626564e-06,
    "mean_e2_loss_ablated": 6.323097234626564e-06,
    "per_seed_gap": [
      0.0,
      0.0
    ],
    "per_seed_ratio_on": [
      1.003166,
      0.990036
    ],
    "per_seed_ratio_ablated": [
      1.003166,
      0.990036
    ],
    "n_d_eff_min": 59.0,
    "maint_weight": 0.1,
    "d_eff_target": 1.5,
    "noise_sigma": 2.0,
    "crit1_pass": 1.0,
    "crit2_pass": 0.0,
    "crit3_pass": 0.0,
    "crit4_pass": 1.0,
    "crit5_pass": 1.0,
    "criteria_met": 3.0
  }
}
