{
  "schema_version": "metrics/v1",
  "values": {
    "mean_harm_scalar": 1.194007698725164,
    "mean_harm_vector": 1.194007698725164,
    "mean_benefit_scalar": 0.14369437569379806,
    "mean_benefit_vector": 0.14369437569379806,
    "mean_harm_ratio": 1.0,
    "mean_dim_var_0": 0.004558583488687873,
    "mean_dim_var_1": 6.166411731101107e-05,
    "mean_dim_var_2": 0.002719398238696158,
    "mean_benefit_dim2": 0.0004652783100027591,
    "thresh_harm_ratio": 0.92,
    "thresh_dim_var": 0.01,
    "thresh_benefit_min": 0.01,
    "thresh_no_regression": 1.1,
    "crit1_pass": 0.0,
    "crit2_pass": 0.0,
    "crit3_pass": 0.0,
    "crit4_pass": 1.0,
    "crit5_pass": 1.0,
    "criteria_met": 2.0
  }
}
