{
  "schema_version": "metrics/v1",
  "values": {
    "terrain_loss_initial": 0.3425928704156962,
    "terrain_loss_final": 3.0334188872940683e-06,
    "world_forward_r2": 0.9740451574325562,
    "matched_gap_intact": -1.639377355492777,
    "matched_gap_ablated": 0.0,
    "matched_gap_restored": -1.6393398191151993,
    "ablation_degradation": -1.639377355492777,
    "calibration_gap_approach": -0.00012559341948731317,
    "matched_hippo_residue_intact": 2.033940594601962,
    "matched_random_residue_intact": 0.394563239109185,
    "matched_hippo_residue_ablated": 0.0,
    "matched_random_residue_ablated": 0.0,
    "mean_endpoint_l2_intact": 0.3726885565711806,
    "mean_endpoint_l2_ablated": 0.37128327444917947,
    "n_pairs_intact": 5760.0,
    "n_pairs_ablated": 5736.0,
    "n_pairs_restored": 3560.0,
    "e3_tick_total": 10773.0,
    "total_harm_train": 7853.0,
    "crit1_pass": 0.0,
    "crit2_pass": 0.0,
    "crit3_pass": 0.0,
    "crit4_pass": 0.0,
    "crit5_pass": 1.0,
    "criteria_met": 1.0
  }
}
