{
  "run_id": "v3_exq_407_mech231_e2_short_horizon_1776142217_v3",
  "experiment_type": "v3_exq_407_mech231_e2_short_horizon",
  "architecture_epoch": "ree_hybrid_guardrails_v1",
  "claim_ids": [
    "MECH-231"
  ],
  "experiment_purpose": "evidence",
  "evidence_direction": "supports",
  "pass": true,
  "elapsed_seconds": 172.28979921340942,
  "dry_run": false,
  "config": {
    "num_seeds": 3,
    "warmup_episodes": 100,
    "eval_episodes": 30,
    "steps_per_episode": 200,
    "horizons": [
      1,
      2,
      3,
      5,
      7,
      10,
      15
    ],
    "h_max": 15
  },
  "aggregate": {
    "e1_r2_by_horizon": {
      "1": -44.73944159138362,
      "2": -85.94253423257601,
      "3": -146.4598101227044,
      "5": -277.0500055647447,
      "7": -347.2533263581913,
      "10": -377.14515813417455,
      "15": -376.6502532045711
    },
    "e2_r2_by_horizon": {
      "1": -19.34795205602306,
      "2": -147.65745349466582,
      "3": -558.3504937756866,
      "5": -2945.1956719616514,
      "7": -7586.9394837345535,
      "10": -19063.65197840653,
      "15": -60437.637986802125
    },
    "slope_e1": -25.02618586295902,
    "slope_e2": -4094.5776649107443,
    "r2_e1_h1": -44.73944159138362,
    "r2_e2_h1": -19.34795205602306,
    "r2_e1_h10": -377.14515813417455,
    "r2_e2_h10": -19063.65197840653,
    "n_total_windows": 7196,
    "c1_pass": true,
    "c2_pass": true,
    "c3_pass": true,
    "c4_pass": true
  },
  "per_seed": [
    {
      "seed": 42,
      "e1_r2_by_horizon": {
        "1": -41.6700137203952,
        "2": -81.77008685424026,
        "3": -143.41197351377116,
        "5": -288.27334511642186,
        "7": -355.4451552367711,
        "10": -373.2951055746744,
        "15": -355.7253766291059
      },
      "e2_r2_by_horizon": {
        "1": -13.756857748692775,
        "2": -108.56285165473906,
        "3": -420.1162443826056,
        "5": -2330.6626712619004,
        "7": -5801.304553374279,
        "10": -13615.37923769847,
        "15": -37507.425266341015
      },
      "n_windows_by_horizon": {
        "1": 354,
        "2": 354,
        "3": 354,
        "5": 354,
        "7": 354,
        "10": 354,
        "15": 354
      },
      "slope_e1": -23.928895337811774,
      "slope_e2": -2587.6698703721636,
      "r2_e1_h1": -41.6700137203952,
      "r2_e2_h1": -13.756857748692775,
      "r2_e1_h10": -373.2951055746744,
      "r2_e2_h10": -13615.37923769847,
      "c1": true,
      "c2": true,
      "c3": true,
      "c4": true
    },
    {
      "seed": 7,
      "e1_r2_by_horizon": {
        "1": -42.039778466998186,
        "2": -80.04131708528989,
        "3": -134.89719884599157,
        "5": -237.67315549564924,
        "7": -282.82785629757115,
        "10": -297.4864260178012,
        "15": -301.6741188340472
      },
      "e2_r2_by_horizon": {
        "1": -22.580706669916488,
        "2": -172.67926831338335,
        "3": -663.0391921940968,
        "5": -3471.934937435884,
        "7": -9022.81213340229,
        "10": -24249.49334085123,
        "15": -92572.06629055006
      },
      "n_windows_by_horizon": {
        "1": 353,
        "2": 353,
        "3": 353,
        "5": 353,
        "7": 353,
        "10": 353,
        "15": 353
      },
      "slope_e1": -18.933917628708862,
      "slope_e2": -6142.186523098405,
      "r2_e1_h1": -42.039778466998186,
      "r2_e2_h1": -22.580706669916488,
      "r2_e1_h10": -297.4864260178012,
      "r2_e2_h10": -24249.49334085123,
      "c1": true,
      "c2": true,
      "c3": true,
      "c4": true
    },
    {
      "seed": 123,
      "e1_r2_by_horizon": {
        "1": -50.508532586757475,
        "2": -96.01619875819785,
        "3": -161.07025800835046,
        "5": -305.20351608216305,
        "7": -403.4869675402316,
        "10": -460.65394281004797,
        "15": -472.55126415056014
      },
      "e2_r2_by_horizon": {
        "1": -21.706291749459922,
        "2": -161.730240515875,
        "3": -591.8960447503572,
        "5": -3032.9894071871704,
        "7": -7936.701764427089,
        "10": -19326.08335666989,
        "15": -51233.42240351532
      },
      "n_windows_by_horizon": {
        "1": 321,
        "2": 321,
        "3": 321,
        "5": 321,
        "7": 321,
        "10": 321,
        "15": 321
      },
      "slope_e1": -32.215744622356425,
      "slope_e2": -3553.8766012616634,
      "r2_e1_h1": -50.508532586757475,
      "r2_e2_h1": -21.706291749459922,
      "r2_e1_h10": -460.65394281004797,
      "r2_e2_h10": -19326.08335666989,
      "c1": true,
      "c2": true,
      "c3": true,
      "c4": true
    }
  ],
  "acceptance_thresholds": {
    "c1_e2_r2_h1_gt_e1": "e2 R2 at h=1 > e1 R2 at h=1 (action conditioning single-step advantage)",
    "c2_e2_r2_h10_lt_e1": "e2 R2 at h=10 < e1 R2 at h=10 (E2 degrades more by h=10 -- short-horizon claim)",
    "c3_slope_e2_lt_slope_e1": "slope_e2 < slope_e1 (E2 slope more negative = faster degradation)",
    "c4_min_windows": 50
  }
}