{
  "run_id": "v3_exq_407_mech231_e2_short_horizon_1776099758_v3",
  "experiment_type": "v3_exq_407_mech231_e2_short_horizon",
  "architecture_epoch": "ree_hybrid_guardrails_v1",
  "claim_ids": [
    "MECH-231"
  ],
  "experiment_purpose": "evidence",
  "evidence_direction": "supports",
  "pass": true,
  "elapsed_seconds": 5.0830769538879395,
  "dry_run": true,
  "config": {
    "num_seeds": 3,
    "warmup_episodes": 3,
    "eval_episodes": 3,
    "steps_per_episode": 200,
    "horizons": [
      1,
      2,
      3,
      5,
      7,
      10,
      15
    ],
    "h_max": 15
  },
  "aggregate": {
    "e1_r2_by_horizon": {
      "1": -43.22166265747753,
      "2": -84.64295154590796,
      "3": -155.1987953684299,
      "5": -326.94140681409755,
      "7": -424.2581400337004,
      "10": -428.7317605930336,
      "15": -454.5229438126208
    },
    "e2_r2_by_horizon": {
      "1": -18.452314192495656,
      "2": -143.30762667359843,
      "3": -584.8834825042309,
      "5": -3587.991270343589,
      "7": -9641.415055646154,
      "10": -22599.71653641437,
      "15": -80503.9369426651
    },
    "slope_e1": -30.960843272051665,
    "slope_e2": -5386.653892514391,
    "r2_e1_h1": -43.22166265747753,
    "r2_e2_h1": -18.452314192495656,
    "r2_e1_h10": -428.7317605930336,
    "r2_e2_h10": -22599.71653641437,
    "n_total_windows": 574,
    "c1_pass": true,
    "c2_pass": true,
    "c3_pass": true,
    "c4_pass": true
  },
  "per_seed": [
    {
      "seed": 42,
      "e1_r2_by_horizon": {
        "1": -43.4255581710193,
        "2": -84.22227166206876,
        "3": -157.51636481353066,
        "5": -284.28565832873306,
        "7": -403.5923168130433,
        "10": -402.09265542855195,
        "15": -465.48815843718546
      },
      "e2_r2_by_horizon": {
        "1": -14.48565406080155,
        "2": -111.47588003181683,
        "3": -460.1519387502266,
        "5": -2298.6205494432984,
        "7": -6575.581497047158,
        "10": -14600.266406194567,
        "15": -48897.79491130247
      },
      "n_windows_by_horizon": {
        "1": 23,
        "2": 23,
        "3": 23,
        "5": 23,
        "7": 23,
        "10": 23,
        "15": 23
      },
      "slope_e1": -31.087245830777768,
      "slope_e2": -3294.6807824713314,
      "r2_e1_h1": -43.4255581710193,
      "r2_e2_h1": -14.48565406080155,
      "r2_e1_h10": -402.09265542855195,
      "r2_e2_h10": -14600.266406194567,
      "c1": true,
      "c2": true,
      "c3": true,
      "c4": true
    },
    {
      "seed": 7,
      "e1_r2_by_horizon": {
        "1": -33.57716602182146,
        "2": -66.85173411764123,
        "3": -128.61825543419835,
        "5": -330.5923107721469,
        "7": -429.0877929334888,
        "10": -403.67671533343736,
        "15": -477.987373763883
      },
      "e2_r2_by_horizon": {
        "1": -17.786536972805326,
        "2": -144.3409288403978,
        "3": -634.2891836874308,
        "5": -4835.724829874323,
        "7": -13720.268295453572,
        "10": -33117.192303427,
        "15": -147441.66743369697
      },
      "n_windows_by_horizon": {
        "1": 23,
        "2": 23,
        "3": 23,
        "5": 23,
        "7": 23,
        "10": 23,
        "15": 23
      },
      "slope_e1": -33.09711792038175,
      "slope_e2": -9654.897140025869,
      "r2_e1_h1": -33.57716602182146,
      "r2_e2_h1": -17.786536972805326,
      "r2_e1_h10": -403.67671533343736,
      "r2_e2_h10": -33117.192303427,
      "c1": true,
      "c2": true,
      "c3": true,
      "c4": true
    },
    {
      "seed": 123,
      "e1_r2_by_horizon": {
        "1": -52.66226377959184,
        "2": -102.85484885801391,
        "3": -179.4617658575607,
        "5": -365.9462513414128,
        "7": -440.09431035456913,
        "10": -480.42591101711145,
        "15": -420.0932992367938
      },
      "e2_r2_by_horizon": {
        "1": -23.084751543880095,
        "2": -174.1060711485807,
        "3": -660.2093250750355,
        "5": -3629.6284317131453,
        "7": -8628.395374437729,
        "10": -20081.69089962153,
        "15": -45172.34848299585
      },
      "n_windows_by_horizon": {
        "1": 36,
        "2": 36,
        "3": 36,
        "5": 36,
        "7": 36,
        "10": 36,
        "15": 36
      },
      "slope_e1": -28.698166064995483,
      "slope_e2": -3210.3837550459752,
      "r2_e1_h1": -52.66226377959184,
      "r2_e2_h1": -23.084751543880095,
      "r2_e1_h10": -480.42591101711145,
      "r2_e2_h10": -20081.69089962153,
      "c1": true,
      "c2": true,
      "c3": true,
      "c4": true
    }
  ],
  "evidence_direction_note": "Dry run (3 warmup + 3 eval episodes). PASS classification maintained as preliminary support: the short-horizon signal is structural (slope_e2 174x steeper than slope_e1, consistent all 3 seeds) and does not require model convergence to manifest. First experimental evidence for MECH-231. Consistent with cerebellar 1-step forward model characterization (Wolpert 1998).",
  "acceptance_thresholds": {
    "c1_e2_r2_h1_gt_e1": "e2 R2 at h=1 > e1 R2 at h=1 (action conditioning single-step advantage)",
    "c2_e2_r2_h10_lt_e1": "e2 R2 at h=10 < e1 R2 at h=10 (E2 degrades more by h=10 -- short-horizon claim)",
    "c3_slope_e2_lt_slope_e1": "slope_e2 < slope_e1 (E2 slope more negative = faster degradation)",
    "c4_min_windows": 50
  }
}