{
  "schema_version": "metrics/v1",
  "values": {
    "hf_r2_mean": 0.33626461029052734,
    "hf_r2_std": 0.0,
    "attribution_gap_mean": -0.0015587206386650603,
    "attribution_gap_std": 0.0,
    "intact_approach_mean": -0.0015587206386650603,
    "intact_none_mean": 0.0,
    "intact_env_mean": 0.0,
    "intact_agent_mean": 0.008644632063806057,
    "ablated_approach_mean": -0.0009281386155635118,
    "intact_vs_ablated_mean": -0.0006305820231015484,
    "null_cf_max_mean": 0.0,
    "n_approach_mean": 48.0,
    "c3_seeds_pass": 0.0,
    "c6_seeds_pass": 0.0,
    "criteria_met": 2.0,
    "n_seeds": 1.0,
    "seed42_hf_r2": 0.33626461029052734,
    "seed42_attribution_gap": -0.0015587206386650603,
    "seed42_intact_approach": -0.0015587206386650603,
    "seed42_intact_none": 0.0,
    "seed42_ablated_approach": -0.0009281386155635118,
    "seed42_intact_vs_ablated": -0.0006305820231015484,
    "seed42_null_cf_max": 0.0,
    "seed42_n_approach": 48.0
  }
}
