{
  "schema_version": "metrics/v1",
  "values": {
    "calibration_gap_sharp": -0.26532359421253204,
    "calibration_gap_smooth": -0.2657324820756912,
    "delta_calibration_gap": 0.0004088878631591797,
    "env_gap_sharp": -0.26532359421253204,
    "env_gap_smooth": -0.2657324820756912,
    "approach_gap_sharp": 0.26701597222372103,
    "approach_gap_smooth": 0.2662350877531265,
    "mean_score_none_sharp": 0.26532359421253204,
    "mean_score_none_smooth": 0.2657324820756912,
    "mean_score_agent_sharp": 0.0,
    "mean_score_agent_smooth": 0.0,
    "n_agent_min": 0.0,
    "n_env_min": 0.0,
    "n_seeds": 2.0,
    "alpha_world_sharp": 0.9,
    "alpha_world_smooth": 0.3,
    "crit1_pass": 0.0,
    "crit2_pass": 0.0,
    "crit3_pass": 1.0,
    "crit4_pass": 0.0,
    "criteria_met": 1.0
  }
}
