{
  "schema_version": "metrics/v1",
  "values": {
    "grid_mean_high": 1.775416438659032,
    "grid_mean_low": 0.5899542289177577,
    "local_clip_mean_high": 0.24951296913872162,
    "local_clip_mean_low": 0.27100148870547613,
    "local_raw_mean_high": 1.648821909535726,
    "local_raw_mean_low": 0.5516144476882616,
    "resource_mean_high": 0.19610330790778,
    "resource_mean_low": 0.35427017712344727,
    "autocorr_norm_lag10": 0.01119880361569013,
    "crit1_grid_scaling": 1.0,
    "crit2_clip_density": 0.0,
    "crit3_raw_density": 1.0,
    "crit4_autocorr": 0.0,
    "crit5_no_errors": 1.0,
    "criteria_met": 3.0,
    "n_seeds": 5.0
  }
}
