{
  "schema_version": "metrics/v1",
  "values": {
    "alpha_world": 0.9,
    "alpha_self": 0.3,
    "warmup_harm_events": 1000.0,
    "warmup_agent_hazard": 371.0,
    "warmup_env_hazard": 629.0,
    "mean_harm_score_none": 0.14008134422415194,
    "mean_harm_score_env_hazard": 0.14088537181551392,
    "mean_harm_score_agent_hazard": 0.14027386959993615,
    "calibration_gap": 0.00019252537578420825,
    "env_gap": 0.0008040275913619721,
    "harm_pred_std": 0.0037352757062762976,
    "n_none_steps": 971.0,
    "n_env_hazard_steps": 74.0,
    "n_agent_hazard_steps": 53.0,
    "fatal_error_count": 0.0,
    "crit1_pass": 0.0,
    "crit2_pass": 0.0,
    "crit3_pass": 0.0,
    "crit4_pass": 1.0,
    "crit5_pass": 1.0,
    "criteria_met": 2.0
  }
}
