{
  "schema_version": "metrics/v1",
  "values": {
    "alpha_world": 0.9,
    "alpha_self": 0.3,
    "reafference_enabled": 1.0,
    "warmup_harm_events": 1250.0,
    "warmup_agent_hazard": 460.0,
    "warmup_env_hazard": 790.0,
    "n_empty_steps_collected": 7969.0,
    "reafference_r2": 0.03044414520263672,
    "mean_harm_score_none": 0.0008323483403451396,
    "mean_harm_score_env_hazard": 0.0008493773544614669,
    "mean_harm_score_agent_hazard": 0.0008334590820595622,
    "calibration_gap": 1.1107417144226497e-06,
    "env_gap": 1.702901411632736e-05,
    "harm_pred_std": 0.0001223859580932185,
    "n_none_steps": 906.0,
    "n_env_hazard_steps": 80.0,
    "n_agent_hazard_steps": 49.0,
    "fatal_error_count": 0.0,
    "crit1_pass": 0.0,
    "crit2_pass": 0.0,
    "crit3_pass": 0.0,
    "crit4_pass": 1.0,
    "crit5_pass": 1.0,
    "criteria_met": 2.0
  }
}
