{
  "schema_version": "experiment_pack_metrics/v1",
  "values": {
    "fatal_error_count": 0.0,
    "alpha_world": 1.0,
    "alpha_self": 0.3,
    "warmup_harm_events": 753.0,
    "warmup_benefit_events": 131.0,
    "n_empty_steps_collected": 4916.0,
    "event_selectivity_margin": 0.08431255780037218,
    "mean_dz_world_none": 0.08134016955271363,
    "mean_dz_world_env_hazard": 0.1656527273530858,
    "mean_dz_world_agent_hazard": 0.10683830190754058,
    "reafference_reconstruction_r2": 0.020828545093536377,
    "reafference_r2_train": -0.06519424915313721,
    "variance_stable": 3.7928134590276343e-07,
    "variance_perturbed": 4.1290165370490194e-07,
    "precision_stable": 725015.2428803297,
    "precision_perturbed": 707763.344587931,
    "mean_pred_err_stable": 0.0008365978089427709,
    "mean_pred_err_perturbed": 0.0009209312177930601,
    "var_diff": 3.3620307802138515e-08,
    "calibration_gap": -0.0005388097049548498,
    "mean_causal_sig_near_hazard": 0.001251471283921006,
    "mean_causal_sig_safe": 0.0017902809888758558,
    "n_near_hazard_probes": 457.0,
    "n_safe_probes": 47.0,
    "net_eval_pred_std": 0.04123273491859436,
    "crit1_pass": 1.0,
    "crit2_pass": 0.0,
    "crit3_pass": 0.0,
    "crit4_pass": 0.0,
    "criteria_met": 2.0
  }
}
