{
  "schema_version": "metrics/v1",
  "values": {
    "gap_approach_split": 0.19684611846222858,
    "gap_approach_unified": 0.14746578867303875,
    "gap_contact_split": 0.17383700804564026,
    "gap_contact_unified": 0.13183888245456285,
    "delta_approach_gap": 0.049380329789189825,
    "delta_contact_gap": 0.041998125591077407,
    "mean_score_none_split": 0.3816707642708951,
    "mean_score_none_unified": 0.41237487120816463,
    "mean_score_approach_split": 0.5785168827331237,
    "mean_score_approach_unified": 0.5598406598812034,
    "n_approach_min": 830.0,
    "n_seeds": 2.0,
    "alpha_world": 0.9,
    "proximity_harm_scale": 0.05,
    "crit1_pass": 1.0,
    "crit2_pass": 1.0,
    "crit3_pass": 1.0,
    "criteria_met": 3.0
  }
}
